exp,set,idx,n,m,method,seed,size,runtime,valid
E1,er_d8_n20,0,20,84,greedy,,3,0.000176199999259552,True
E1,er_d8_n20,0,20,84,greedy_rr,,3,0.00011639999866019934,True
E1,er_d8_n20,0,20,84,greedy_rr_ls,,3,0.0009387999998580199,True
E1,er_d8_n20,0,20,84,rl,0.0,3,0.14751460000115912,True
E1,er_d8_n20,0,20,84,rl_rr,0.0,3,0.14759040000353707,True
E1,er_d8_n20,0,20,84,rl_rr_ls,0.0,3,0.14812270000038552,True
E1,er_d8_n20,0,20,84,rl,1.0,3,0.006542500002979068,True
E1,er_d8_n20,0,20,84,rl_rr,1.0,3,0.006620200001634657,True
E1,er_d8_n20,0,20,84,rl_rr_ls,1.0,3,0.0071276000016951,True
E1,er_d8_n20,1,20,74,greedy,,4,5.7699999160831794e-05,True
E1,er_d8_n20,1,20,74,greedy_rr,,4,8.350000280188397e-05,True
E1,er_d8_n20,1,20,74,greedy_rr_ls,,4,0.0005123000009916723,True
E1,er_d8_n20,1,20,74,rl,0.0,4,0.007688200003030943,True
E1,er_d8_n20,1,20,74,rl_rr,0.0,4,0.007747200004814658,True
E1,er_d8_n20,1,20,74,rl_rr_ls,0.0,4,0.008216500005801208,True
E1,er_d8_n20,1,20,74,rl,1.0,4,0.009649900002841605,True
E1,er_d8_n20,1,20,74,rl_rr,1.0,4,0.009732300000905525,True
E1,er_d8_n20,1,20,74,rl_rr_ls,1.0,4,0.011229499999899417,True
E1,er_d8_n20,2,20,73,greedy,,4,6.500000017695129e-05,True
E1,er_d8_n20,2,20,73,greedy_rr,,4,9.040000077220611e-05,True
E1,er_d8_n20,2,20,73,greedy_rr_ls,,3,0.0004399999997986015,True
E1,er_d8_n20,2,20,73,rl,0.0,4,0.00984729999981937,True
E1,er_d8_n20,2,20,73,rl_rr,0.0,4,0.00993670000025304,True
E1,er_d8_n20,2,20,73,rl_rr_ls,0.0,4,0.010922699999355245,True
E1,er_d8_n20,2,20,73,rl,1.0,4,0.009175299997878028,True
E1,er_d8_n20,2,20,73,rl_rr,1.0,4,0.009249999999155989,True
E1,er_d8_n20,2,20,73,rl_rr_ls,1.0,3,0.009454099999857135,True
E1,er_d8_n20,3,20,82,greedy,,3,5.699999746866524e-05,True
E1,er_d8_n20,3,20,82,greedy_rr,,3,9.399999908055179e-05,True
E1,er_d8_n20,3,20,82,greedy_rr_ls,,3,0.00029779999749735,True
E1,er_d8_n20,3,20,82,rl,0.0,3,0.006539199999679113,True
E1,er_d8_n20,3,20,82,rl_rr,0.0,3,0.006605800001125317,True
E1,er_d8_n20,3,20,82,rl_rr_ls,0.0,3,0.00693669999964186,True
E1,er_d8_n20,3,20,82,rl,1.0,3,0.006488099999842234,True
E1,er_d8_n20,3,20,82,rl_rr,1.0,3,0.006555400002980605,True
E1,er_d8_n20,3,20,82,rl_rr_ls,1.0,3,0.00680320000537904,True
E1,er_d8_n20,4,20,85,greedy,,3,5.989999772282317e-05,True
E1,er_d8_n20,4,20,85,greedy_rr,,3,8.680000246386044e-05,True
E1,er_d8_n20,4,20,85,greedy_rr_ls,,3,0.0008952999996836297,True
E1,er_d8_n20,4,20,85,rl,0.0,3,0.006612900000618538,True
E1,er_d8_n20,4,20,85,rl_rr,0.0,3,0.006674299998849165,True
E1,er_d8_n20,4,20,85,rl_rr_ls,0.0,3,0.0074451000000408385,True
E1,er_d8_n20,4,20,85,rl,1.0,3,0.005952600000455277,True
E1,er_d8_n20,4,20,85,rl_rr,1.0,3,0.006009500000800472,True
E1,er_d8_n20,4,20,85,rl_rr_ls,1.0,3,0.0068109999992884696,True
E1,er_d8_n20,5,20,81,greedy,,3,5.8400000852998346e-05,True
E1,er_d8_n20,5,20,81,greedy_rr,,3,8.560000060242601e-05,True
E1,er_d8_n20,5,20,81,greedy_rr_ls,,3,0.0004380999998829793,True
E1,er_d8_n20,5,20,81,rl,0.0,3,0.0058976000000257045,True
E1,er_d8_n20,5,20,81,rl_rr,0.0,3,0.005961800001387019,True
E1,er_d8_n20,5,20,81,rl_rr_ls,0.0,3,0.0062779000036243815,True
E1,er_d8_n20,5,20,81,rl,1.0,3,0.006189600000652717,True
E1,er_d8_n20,5,20,81,rl_rr,1.0,3,0.006253400002606213,True
E1,er_d8_n20,5,20,81,rl_rr_ls,1.0,3,0.006570200002897764,True
E1,er_d8_n20,6,20,79,greedy,,3,5.409999721450731e-05,True
E1,er_d8_n20,6,20,79,greedy_rr,,3,8.35999999253545e-05,True
E1,er_d8_n20,6,20,79,greedy_rr_ls,,3,0.000465600001916755,True
E1,er_d8_n20,6,20,79,rl,0.0,3,0.006130599998869002,True
E1,er_d8_n20,6,20,79,rl_rr,0.0,3,0.006191000000399072,True
E1,er_d8_n20,6,20,79,rl_rr_ls,0.0,3,0.006420300000172574,True
E1,er_d8_n20,6,20,79,rl,1.0,3,0.005770100000518141,True
E1,er_d8_n20,6,20,79,rl_rr,1.0,3,0.00583080000069458,True
E1,er_d8_n20,6,20,79,rl_rr_ls,1.0,3,0.006289400000241585,True
E1,er_d8_n20,7,20,80,greedy,,3,5.2200000936863944e-05,True
E1,er_d8_n20,7,20,80,greedy_rr,,3,8.179999713320285e-05,True
E1,er_d8_n20,7,20,80,greedy_rr_ls,,3,0.0002091999995172955,True
E1,er_d8_n20,7,20,80,rl,0.0,3,0.006060100000468083,True
E1,er_d8_n20,7,20,80,rl_rr,0.0,3,0.00612120000005234,True
E1,er_d8_n20,7,20,80,rl_rr_ls,0.0,3,0.006446499999583466,True
E1,er_d8_n20,7,20,80,rl,1.0,3,0.005899700001464225,True
E1,er_d8_n20,7,20,80,rl_rr,1.0,3,0.005959500002063578,True
E1,er_d8_n20,7,20,80,rl_rr_ls,1.0,3,0.00626650000049267,True
E1,er_d8_n20,8,20,89,greedy,,3,5.3499999921768904e-05,True
E1,er_d8_n20,8,20,89,greedy_rr,,3,8.620000153314322e-05,True
E1,er_d8_n20,8,20,89,greedy_rr_ls,,3,0.0003981000008934643,True
E1,er_d8_n20,8,20,89,rl,0.0,3,0.006040899999788962,True
E1,er_d8_n20,8,20,89,rl_rr,0.0,3,0.006101500002841931,True
E1,er_d8_n20,8,20,89,rl_rr_ls,0.0,3,0.006444500002544373,True
E1,er_d8_n20,8,20,89,rl,1.0,3,0.0057353999982296955,True
E1,er_d8_n20,8,20,89,rl_rr,1.0,3,0.005796399997052504,True
E1,er_d8_n20,8,20,89,rl_rr_ls,1.0,3,0.006150899997010129,True
E1,er_d8_n20,9,20,79,greedy,,2,5.779999992228113e-05,True
E1,er_d8_n20,9,20,79,greedy_rr,,2,8.609999713371508e-05,True
E1,er_d8_n20,9,20,79,greedy_rr_ls,,2,0.0002100000019709114,True
E1,er_d8_n20,9,20,79,rl,0.0,2,0.003936800003430108,True
E1,er_d8_n20,9,20,79,rl_rr,0.0,2,0.003998200001660734,True
E1,er_d8_n20,9,20,79,rl_rr_ls,0.0,2,0.004146300001593772,True
E1,er_d8_n20,9,20,79,rl,1.0,2,0.004414400002133334,True
E1,er_d8_n20,9,20,79,rl_rr,1.0,2,0.004490000002988381,True
E1,er_d8_n20,9,20,79,rl_rr_ls,1.0,2,0.004645800003345357,True
E1,er_d8_n20,10,20,84,greedy,,3,5.529999907594174e-05,True
E1,er_d8_n20,10,20,84,greedy_rr,,3,8.880000314093195e-05,True
E1,er_d8_n20,10,20,84,greedy_rr_ls,,3,0.0003845999999612104,True
E1,er_d8_n20,10,20,84,rl,0.0,3,0.006301099998381687,True
E1,er_d8_n20,10,20,84,rl_rr,0.0,3,0.0063768999971216545,True
E1,er_d8_n20,10,20,84,rl_rr_ls,0.0,3,0.006643099994107615,True
E1,er_d8_n20,10,20,84,rl,1.0,3,0.009149800000159303,True
E1,er_d8_n20,10,20,84,rl_rr,1.0,3,0.00922770000033779,True
E1,er_d8_n20,10,20,84,rl_rr_ls,1.0,3,0.009487100000114879,True
E1,er_d8_n20,11,20,84,greedy,,3,6.399999983841553e-05,True
E1,er_d8_n20,11,20,84,greedy_rr,,3,9.070000305655412e-05,True
E1,er_d8_n20,11,20,84,greedy_rr_ls,,3,0.0005903000019316096,True
E1,er_d8_n20,11,20,84,rl,0.0,3,0.006607399998756591,True
E1,er_d8_n20,11,20,84,rl_rr,0.0,3,0.006681799997750204,True
E1,er_d8_n20,11,20,84,rl_rr_ls,0.0,3,0.007527799996751128,True
E1,er_d8_n20,11,20,84,rl,1.0,3,0.006547400000272319,True
E1,er_d8_n20,11,20,84,rl_rr,1.0,3,0.006624999998166459,True
E1,er_d8_n20,11,20,84,rl_rr_ls,1.0,3,0.0071180999984790105,True
E1,er_d8_n20,12,20,88,greedy,,3,6.370000119204633e-05,True
E1,er_d8_n20,12,20,88,greedy_rr,,3,8.610000077169389e-05,True
E1,er_d8_n20,12,20,88,greedy_rr_ls,,3,0.00021610000112559646,True
E1,er_d8_n20,12,20,88,rl,0.0,4,0.008442000002105488,True
E1,er_d8_n20,12,20,88,rl_rr,0.0,4,0.00850910000372096,True
E1,er_d8_n20,12,20,88,rl_rr_ls,0.0,3,0.009548600006382912,True
E1,er_d8_n20,12,20,88,rl,1.0,4,0.008315300001413561,True
E1,er_d8_n20,12,20,88,rl_rr,1.0,4,0.008376600002520718,True
E1,er_d8_n20,12,20,88,rl_rr_ls,1.0,3,0.009011600002850173,True
E1,er_d8_n20,13,20,74,greedy,,4,5.819999933009967e-05,True
E1,er_d8_n20,13,20,74,greedy_rr,,4,8.710000111022964e-05,True
E1,er_d8_n20,13,20,74,greedy_rr_ls,,3,0.0002449999992677476,True
E1,er_d8_n20,13,20,74,rl,0.0,3,0.0060281999976723455,True
E1,er_d8_n20,13,20,74,rl_rr,0.0,3,0.00608999999894877,True
E1,er_d8_n20,13,20,74,rl_rr_ls,0.0,3,0.006234000000404194,True
E1,er_d8_n20,13,20,74,rl,1.0,3,0.006046400001650909,True
E1,er_d8_n20,13,20,74,rl_rr,1.0,3,0.006108400000812253,True
E1,er_d8_n20,13,20,74,rl_rr_ls,1.0,3,0.006251499999052612,True
E1,er_d8_n20,14,20,75,greedy,,4,5.6400000175926834e-05,True
E1,er_d8_n20,14,20,75,greedy_rr,,4,9.11999995878432e-05,True
E1,er_d8_n20,14,20,75,greedy_rr_ls,,3,0.0004811999970115721,True
E1,er_d8_n20,14,20,75,rl,0.0,3,0.006032799999957206,True
E1,er_d8_n20,14,20,75,rl_rr,0.0,3,0.006095000000641448,True
E1,er_d8_n20,14,20,75,rl_rr_ls,0.0,3,0.006240599999728147,True
E1,er_d8_n20,14,20,75,rl,1.0,4,0.007729600001766812,True
E1,er_d8_n20,14,20,75,rl_rr,1.0,4,0.007792300002620323,True
E1,er_d8_n20,14,20,75,rl_rr_ls,1.0,3,0.008055400001467206,True
E1,er_d8_n20,15,20,73,greedy,,4,5.609999789157882e-05,True
E1,er_d8_n20,15,20,73,greedy_rr,,3,8.919999891077168e-05,True
E1,er_d8_n20,15,20,73,greedy_rr_ls,,3,0.0002824000002874527,True
E1,er_d8_n20,15,20,73,rl,0.0,3,0.005820700000185752,True
E1,er_d8_n20,15,20,73,rl_rr,0.0,3,0.005876900002476759,True
E1,er_d8_n20,15,20,73,rl_rr_ls,0.0,3,0.0060900000025867485,True
E1,er_d8_n20,15,20,73,rl,1.0,3,0.005990000001474982,True
E1,er_d8_n20,15,20,73,rl_rr,1.0,3,0.006047099999705097,True
E1,er_d8_n20,15,20,73,rl_rr_ls,1.0,3,0.006260300000576535,True
E1,er_d8_n20,16,20,80,greedy,,3,5.0099999498343095e-05,True
E1,er_d8_n20,16,20,80,greedy_rr,,3,8.349999916390516e-05,True
E1,er_d8_n20,16,20,80,greedy_rr_ls,,3,0.00038499999936902896,True
E1,er_d8_n20,16,20,80,rl,0.0,3,0.0058579000033205375,True
E1,er_d8_n20,16,20,80,rl_rr,0.0,3,0.005918900002143346,True
E1,er_d8_n20,16,20,80,rl_rr_ls,0.0,3,0.006232100004126551,True
E1,er_d8_n20,16,20,80,rl,1.0,3,0.005968400000710972,True
E1,er_d8_n20,16,20,80,rl_rr,1.0,3,0.00603640000190353,True
E1,er_d8_n20,16,20,80,rl_rr_ls,1.0,3,0.0063635000042268075,True
E1,er_d8_n20,17,20,89,greedy,,3,5.6499997299397364e-05,True
E1,er_d8_n20,17,20,89,greedy_rr,,3,8.660000094096176e-05,True
E1,er_d8_n20,17,20,89,greedy_rr_ls,,3,0.0008426999993389472,True
E1,er_d8_n20,17,20,89,rl,0.0,3,0.007875600000261329,True
E1,er_d8_n20,17,20,89,rl_rr,0.0,3,0.007944300003146054,True
E1,er_d8_n20,17,20,89,rl_rr_ls,0.0,3,0.008933500004786765,True
E1,er_d8_n20,17,20,89,rl,1.0,3,0.006524899999931222,True
E1,er_d8_n20,17,20,89,rl_rr,1.0,3,0.006601500001124805,True
E1,er_d8_n20,17,20,89,rl_rr_ls,1.0,3,0.007348399998591049,True
E1,er_d8_n20,18,20,93,greedy,,2,7.560000085504726e-05,True
E1,er_d8_n20,18,20,93,greedy_rr,,2,8.679999882588163e-05,True
E1,er_d8_n20,18,20,93,greedy_rr_ls,,2,0.00022460000036517158,True
E1,er_d8_n20,18,20,93,rl,0.0,2,0.004363900003227172,True
E1,er_d8_n20,18,20,93,rl_rr,0.0,2,0.004423700000188546,True
E1,er_d8_n20,18,20,93,rl_rr_ls,0.0,2,0.004593199999362696,True
E1,er_d8_n20,18,20,93,rl,1.0,2,0.004215999997541076,True
E1,er_d8_n20,18,20,93,rl_rr,1.0,2,0.004281800000171643,True
E1,er_d8_n20,18,20,93,rl_rr_ls,1.0,2,0.004446099999768194,True
E1,er_d8_n20,19,20,68,greedy,,4,5.739999687648378e-05,True
E1,er_d8_n20,19,20,68,greedy_rr,,4,8.97999998414889e-05,True
E1,er_d8_n20,19,20,68,greedy_rr_ls,,4,0.0015167999990808312,True
E1,er_d8_n20,19,20,68,rl,0.0,4,0.008242099997005425,True
E1,er_d8_n20,19,20,68,rl_rr,0.0,4,0.00830399999540532,True
E1,er_d8_n20,19,20,68,rl_rr_ls,0.0,4,0.00906139999278821,True
E1,er_d8_n20,19,20,68,rl,1.0,4,0.007827800000086427,True
E1,er_d8_n20,19,20,68,rl_rr,1.0,4,0.007890900000347756,True
E1,er_d8_n20,19,20,68,rl_rr_ls,1.0,4,0.010549500002525747,True
E1,er_d8_n50,0,50,212,greedy,,8,0.00011129999984405003,True
E1,er_d8_n50,0,50,212,greedy_rr,,8,0.00015139999959501438,True
E1,er_d8_n50,0,50,212,greedy_rr_ls,,7,0.0011257000005571172,True
E1,er_d8_n50,0,50,212,rl,0.0,7,0.013586199998826487,True
E1,er_d8_n50,0,50,212,rl_rr,0.0,7,0.013674000001628883,True
E1,er_d8_n50,0,50,212,rl_rr_ls,0.0,7,0.01424800000313553,True
E1,er_d8_n50,0,50,212,rl,1.0,8,0.0159590000002936,True
E1,er_d8_n50,0,50,212,rl_rr,1.0,8,0.01604610000140383,True
E1,er_d8_n50,0,50,212,rl_rr_ls,1.0,8,0.016630400001304224,True
E1,er_d8_n50,1,50,194,greedy,,9,9.850000060396269e-05,True
E1,er_d8_n50,1,50,194,greedy_rr,,9,0.0001426999988325406,True
E1,er_d8_n50,1,50,194,greedy_rr_ls,,8,0.0011701999974320643,True
E1,er_d8_n50,1,50,194,rl,0.0,8,0.018558799998572795,True
E1,er_d8_n50,1,50,194,rl_rr,0.0,8,0.018751899999188026,True
E1,er_d8_n50,1,50,194,rl_rr_ls,0.0,8,0.01974999999947613,True
E1,er_d8_n50,1,50,194,rl,1.0,8,0.01783369999975548,True
E1,er_d8_n50,1,50,194,rl_rr,1.0,8,0.017934399998921435,True
E1,er_d8_n50,1,50,194,rl_rr_ls,1.0,8,0.01870020000205841,True
E1,er_d8_n50,2,50,207,greedy,,9,0.0001187999987450894,True
E1,er_d8_n50,2,50,207,greedy_rr,,9,0.0001542999998491723,True
E1,er_d8_n50,2,50,207,greedy_rr_ls,,9,0.0020463000000745524,True
E1,er_d8_n50,2,50,207,rl,0.0,7,0.015141800002311356,True
E1,er_d8_n50,2,50,207,rl_rr,0.0,7,0.015249400003085611,True
E1,er_d8_n50,2,50,207,rl_rr_ls,0.0,7,0.015599700003804173,True
E1,er_d8_n50,2,50,207,rl,1.0,9,0.01917920000050799,True
E1,er_d8_n50,2,50,207,rl_rr,1.0,9,0.01928069999848958,True
E1,er_d8_n50,2,50,207,rl_rr_ls,1.0,7,0.02226149999842164,True
E1,er_d8_n50,3,50,197,greedy,,9,0.00010889999975915998,True
E1,er_d8_n50,3,50,197,greedy_rr,,9,0.00014849999934085645,True
E1,er_d8_n50,3,50,197,greedy_rr_ls,,8,0.0007759000000078231,True
E1,er_d8_n50,3,50,197,rl,0.0,8,0.01579649999985122,True
E1,er_d8_n50,3,50,197,rl_rr,0.0,8,0.015883099997154204,True
E1,er_d8_n50,3,50,197,rl_rr_ls,0.0,8,0.01800819999698433,True
E1,er_d8_n50,3,50,197,rl,1.0,8,0.017307099999015918,True
E1,er_d8_n50,3,50,197,rl_rr,1.0,8,0.017404299996996997,True
E1,er_d8_n50,3,50,197,rl_rr_ls,1.0,8,0.018868899998778943,True
E1,er_d8_n50,4,50,184,greedy,,7,9.870000212686136e-05,True
E1,er_d8_n50,4,50,184,greedy_rr,,7,0.0001350999991700519,True
E1,er_d8_n50,4,50,184,greedy_rr_ls,,7,0.00041509999937261455,True
E1,er_d8_n50,4,50,184,rl,0.0,8,0.01781960000153049,True
E1,er_d8_n50,4,50,184,rl_rr,0.0,8,0.017927199998666765,True
E1,er_d8_n50,4,50,184,rl_rr_ls,0.0,8,0.0192587999990792,True
E1,er_d8_n50,4,50,184,rl,1.0,8,0.016552799999772105,True
E1,er_d8_n50,4,50,184,rl_rr,1.0,8,0.016671100001985906,True
E1,er_d8_n50,4,50,184,rl_rr_ls,1.0,7,0.019738400002097478,True
E1,er_d8_n50,5,50,203,greedy,,8,0.0001480999999330379,True
E1,er_d8_n50,5,50,203,greedy_rr,,8,0.00015979999807314016,True
E1,er_d8_n50,5,50,203,greedy_rr_ls,,8,0.0031090000011317898,True
E1,er_d8_n50,5,50,203,rl,0.0,8,0.01676709999810555,True
E1,er_d8_n50,5,50,203,rl_rr,0.0,8,0.016858299997693393,True
E1,er_d8_n50,5,50,203,rl_rr_ls,0.0,8,0.018596899997646688,True
E1,er_d8_n50,5,50,203,rl,1.0,8,0.01600709999911487,True
E1,er_d8_n50,5,50,203,rl_rr,1.0,8,0.01609969999844907,True
E1,er_d8_n50,5,50,203,rl_rr_ls,1.0,8,0.018369199999142438,True
E1,er_d8_n50,6,50,205,greedy,,9,0.0001140000022132881,True
E1,er_d8_n50,6,50,205,greedy_rr,,9,0.00016740000137360767,True
E1,er_d8_n50,6,50,205,greedy_rr_ls,,8,0.001089900000806665,True
E1,er_d8_n50,6,50,205,rl,0.0,8,0.01551600000311737,True
E1,er_d8_n50,6,50,205,rl_rr,0.0,8,0.015611900005751522,True
E1,er_d8_n50,6,50,205,rl_rr_ls,0.0,8,0.01679770000555436,True
E1,er_d8_n50,6,50,205,rl,1.0,8,0.01779790000000503,True
E1,er_d8_n50,6,50,205,rl_rr,1.0,8,0.0179284000005282,True
E1,er_d8_n50,6,50,205,rl_rr_ls,1.0,8,0.019248299999162555,True
E1,er_d8_n50,7,50,199,greedy,,8,0.0001241000027221162,True
E1,er_d8_n50,7,50,199,greedy_rr,,8,0.00014459999874816276,True
E1,er_d8_n50,7,50,199,greedy_rr_ls,,8,0.002279700001963647,True
E1,er_d8_n50,7,50,199,rl,0.0,8,0.01863260000027367,True
E1,er_d8_n50,7,50,199,rl_rr,0.0,8,0.018754500000795815,True
E1,er_d8_n50,7,50,199,rl_rr_ls,0.0,8,0.02313760000106413,True
E1,er_d8_n50,7,50,199,rl,1.0,8,0.01735950000147568,True
E1,er_d8_n50,7,50,199,rl_rr,1.0,8,0.017479099999036407,True
E1,er_d8_n50,7,50,199,rl_rr_ls,1.0,8,0.01921849999780534,True
E1,er_d8_n50,8,50,201,greedy,,9,0.00012720000086119398,True
E1,er_d8_n50,8,50,201,greedy_rr,,8,0.00015770000027259812,True
E1,er_d8_n50,8,50,201,greedy_rr_ls,,8,0.0009146000011241995,True
E1,er_d8_n50,8,50,201,rl,0.0,9,0.0182844999981171,True
E1,er_d8_n50,8,50,201,rl_rr,0.0,9,0.01836909999838099,True
E1,er_d8_n50,8,50,201,rl_rr_ls,0.0,9,0.021247099997708574,True
E1,er_d8_n50,8,50,201,rl,1.0,9,0.01772720000008121,True
E1,er_d8_n50,8,50,201,rl_rr,1.0,9,0.0178118000003451,True
E1,er_d8_n50,8,50,201,rl_rr_ls,1.0,8,0.020816099997318815,True
E1,er_d8_n50,9,50,182,greedy,,9,0.00010399999882793054,True
E1,er_d8_n50,9,50,182,greedy_rr,,9,0.000143599998409627,True
E1,er_d8_n50,9,50,182,greedy_rr_ls,,8,0.0014288999991549645,True
E1,er_d8_n50,9,50,182,rl,0.0,9,0.017724499997711973,True
E1,er_d8_n50,9,50,182,rl_rr,0.0,9,0.017808599997806596,True
E1,er_d8_n50,9,50,182,rl_rr_ls,0.0,8,0.018854299996746704,True
E1,er_d8_n50,9,50,182,rl,1.0,8,0.01825219999955152,True
E1,er_d8_n50,9,50,182,rl_rr,1.0,8,0.018430899999657413,True
E1,er_d8_n50,9,50,182,rl_rr_ls,1.0,8,0.019701000001077773,True
E1,er_d8_n50,10,50,186,greedy,,9,0.000130899999930989,True
E1,er_d8_n50,10,50,186,greedy_rr,,9,0.00014990000272518955,True
E1,er_d8_n50,10,50,186,greedy_rr_ls,,8,0.0010731000002124347,True
E1,er_d8_n50,10,50,186,rl,0.0,9,0.017027399997459725,True
E1,er_d8_n50,10,50,186,rl_rr,0.0,9,0.017144299996289192,True
E1,er_d8_n50,10,50,186,rl_rr_ls,0.0,8,0.024465199996484444,True
E1,er_d8_n50,10,50,186,rl,1.0,9,0.016627299999527168,True
E1,er_d8_n50,10,50,186,rl_rr,1.0,9,0.01671179999902961,True
E1,er_d8_n50,10,50,186,rl_rr_ls,1.0,8,0.01933610000196495,True
E1,er_d8_n50,11,50,230,greedy,,8,0.00012000000060652383,True
E1,er_d8_n50,11,50,230,greedy_rr,,8,0.00016400000095018186,True
E1,er_d8_n50,11,50,230,greedy_rr_ls,,7,0.0024104000003717374,True
E1,er_d8_n50,11,50,230,rl,0.0,8,0.01620550000006915,True
E1,er_d8_n50,11,50,230,rl_rr,0.0,8,0.016288800001348136,True
E1,er_d8_n50,11,50,230,rl_rr_ls,0.0,8,0.018420200001855846,True
E1,er_d8_n50,11,50,230,rl,1.0,7,0.01335540000218316,True
E1,er_d8_n50,11,50,230,rl_rr,1.0,7,0.0134401000032085,True
E1,er_d8_n50,11,50,230,rl_rr_ls,1.0,7,0.015003800002887147,True
E1,er_d8_n50,12,50,213,greedy,,7,9.340000178781338e-05,True
E1,er_d8_n50,12,50,213,greedy_rr,,7,0.00014540000120177865,True
E1,er_d8_n50,12,50,213,greedy_rr_ls,,7,0.0009374999972351361,True
E1,er_d8_n50,12,50,213,rl,0.0,7,0.013532599998143269,True
E1,er_d8_n50,12,50,213,rl_rr,0.0,7,0.01361919999908423,True
E1,er_d8_n50,12,50,213,rl_rr_ls,0.0,7,0.014584399996238062,True
E1,er_d8_n50,12,50,213,rl,1.0,8,0.01941679999799817,True
E1,er_d8_n50,12,50,213,rl_rr,1.0,8,0.019521899997926084,True
E1,er_d8_n50,12,50,213,rl_rr_ls,1.0,7,0.020359499998448882,True
E1,er_d8_n50,13,50,173,greedy,,9,9.860000136541203e-05,True
E1,er_d8_n50,13,50,173,greedy_rr,,9,0.00014110000120126642,True
E1,er_d8_n50,13,50,173,greedy_rr_ls,,9,0.0010441000013088342,True
E1,er_d8_n50,13,50,173,rl,0.0,9,0.018919600002845982,True
E1,er_d8_n50,13,50,173,rl_rr,0.0,9,0.019005600002856227,True
E1,er_d8_n50,13,50,173,rl_rr_ls,0.0,9,0.021099400004459312,True
E1,er_d8_n50,13,50,173,rl,1.0,9,0.017726300000504125,True
E1,er_d8_n50,13,50,173,rl_rr,1.0,9,0.0178169999999227,True
E1,er_d8_n50,13,50,173,rl_rr_ls,1.0,9,0.01831779999702121,True
E1,er_d8_n50,14,50,185,greedy,,11,0.00010899999688263051,True
E1,er_d8_n50,14,50,185,greedy_rr,,11,0.00014999999984866008,True
E1,er_d8_n50,14,50,185,greedy_rr_ls,,9,0.0017232999998668674,True
E1,er_d8_n50,14,50,185,rl,0.0,9,0.017426300000806805,True
E1,er_d8_n50,14,50,185,rl_rr,0.0,9,0.017510900001070695,True
E1,er_d8_n50,14,50,185,rl_rr_ls,0.0,9,0.017813900001783622,True
E1,er_d8_n50,14,50,185,rl,1.0,9,0.01756999999997788,True
E1,er_d8_n50,14,50,185,rl_rr,1.0,9,0.017678199998044875,True
E1,er_d8_n50,14,50,185,rl_rr_ls,1.0,9,0.017996899998252047,True
E1,er_d8_n50,15,50,200,greedy,,8,0.00011140000060549937,True
E1,er_d8_n50,15,50,200,greedy_rr,,8,0.00013930000204709359,True
E1,er_d8_n50,15,50,200,greedy_rr_ls,,8,0.000665899999148678,True
E1,er_d8_n50,15,50,200,rl,0.0,9,0.01780000000144355,True
E1,er_d8_n50,15,50,200,rl_rr,0.0,9,0.017883100001199637,True
E1,er_d8_n50,15,50,200,rl_rr_ls,0.0,8,0.019267300001956755,True
E1,er_d8_n50,15,50,200,rl,1.0,9,0.0208706000012171,True
E1,er_d8_n50,15,50,200,rl_rr,1.0,9,0.020977500000299187,True
E1,er_d8_n50,15,50,200,rl_rr_ls,1.0,8,0.021682600003259722,True
E1,er_d8_n50,16,50,190,greedy,,10,0.0001100999979826156,True
E1,er_d8_n50,16,50,190,greedy_rr,,10,0.00015160000111791305,True
E1,er_d8_n50,16,50,190,greedy_rr_ls,,9,0.004325300000346033,True
E1,er_d8_n50,16,50,190,rl,0.0,9,0.018948300003103213,True
E1,er_d8_n50,16,50,190,rl_rr,0.0,9,0.019059600002947263,True
E1,er_d8_n50,16,50,190,rl_rr_ls,0.0,9,0.020038300004671328,True
E1,er_d8_n50,16,50,190,rl,1.0,9,0.017838100000517443,True
E1,er_d8_n50,16,50,190,rl_rr,1.0,9,0.01795019999917713,True
E1,er_d8_n50,16,50,190,rl_rr_ls,1.0,9,0.020264199996745447,True
E1,er_d8_n50,17,50,188,greedy,,10,0.0001314999972237274,True
E1,er_d8_n50,17,50,188,greedy_rr,,10,0.00015669999993406236,True
E1,er_d8_n50,17,50,188,greedy_rr_ls,,9,0.0014627999989897944,True
E1,er_d8_n50,17,50,188,rl,0.0,9,0.017831399996794062,True
E1,er_d8_n50,17,50,188,rl_rr,0.0,9,0.017917099998157937,True
E1,er_d8_n50,17,50,188,rl_rr_ls,0.0,8,0.020912499996484257,True
E1,er_d8_n50,17,50,188,rl,1.0,9,0.020413300000655,True
E1,er_d8_n50,17,50,188,rl_rr,1.0,9,0.02052180000100634,True
E1,er_d8_n50,17,50,188,rl_rr_ls,1.0,9,0.024894599999242928,True
E1,er_d8_n50,18,50,210,greedy,,9,0.000148899998748675,True
E1,er_d8_n50,18,50,210,greedy_rr,,9,0.0001593000015418511,True
E1,er_d8_n50,18,50,210,greedy_rr_ls,,8,0.004893499997706385,True
E1,er_d8_n50,18,50,210,rl,0.0,8,0.01704780000000028,True
E1,er_d8_n50,18,50,210,rl_rr,0.0,8,0.017140600000857376,True
E1,er_d8_n50,18,50,210,rl_rr_ls,0.0,8,0.024218599999585422,True
E1,er_d8_n50,18,50,210,rl,1.0,8,0.016075700001238147,True
E1,er_d8_n50,18,50,210,rl_rr,1.0,8,0.01616220000141766,True
E1,er_d8_n50,18,50,210,rl_rr_ls,1.0,8,0.02281320000111009,True
E1,er_d8_n50,19,50,229,greedy,,7,0.00010789999942062423,True
E1,er_d8_n50,19,50,229,greedy_rr,,7,0.00015160000111791305,True
E1,er_d8_n50,19,50,229,greedy_rr_ls,,7,0.0007499999992433004,True
E1,er_d8_n50,19,50,229,rl,0.0,8,0.017378100001224084,True
E1,er_d8_n50,19,50,229,rl_rr,0.0,8,0.0174953000023379,True
E1,er_d8_n50,19,50,229,rl_rr_ls,0.0,7,0.018166100002417807,True
E1,er_d8_n50,19,50,229,rl,1.0,8,0.017220699999597855,True
E1,er_d8_n50,19,50,229,rl_rr,1.0,8,0.017336199998680968,True
E1,er_d8_n50,19,50,229,rl_rr_ls,1.0,7,0.01801309999791556,True
E1,er_d8_n100,0,100,401,greedy,,18,0.00024840000332915224,True
E1,er_d8_n100,0,100,401,greedy_rr,,18,0.00026559999969322234,True
E1,er_d8_n100,0,100,401,greedy_rr_ls,,16,0.0034813999991456512,True
E1,er_d8_n100,0,100,401,rl,0.0,16,0.031648100000893464,True
E1,er_d8_n100,0,100,401,rl_rr,0.0,16,0.031846500001847744,True
E1,er_d8_n100,0,100,401,rl_rr_ls,0.0,16,0.0358689000022423,True
E1,er_d8_n100,0,100,401,rl,1.0,17,0.03166850000343402,True
E1,er_d8_n100,0,100,401,rl_rr,1.0,17,0.03181290000429726,True
E1,er_d8_n100,0,100,401,rl_rr_ls,1.0,16,0.035276700004033046,True
E1,er_d8_n100,1,100,413,greedy,,17,0.0003811999995377846,True
E1,er_d8_n100,1,100,413,greedy_rr,,17,0.0004043000008095987,True
E1,er_d8_n100,1,100,413,greedy_rr_ls,,16,0.004823500003112713,True
E1,er_d8_n100,1,100,413,rl,0.0,17,0.03159339999911026,True
E1,er_d8_n100,1,100,413,rl_rr,0.0,17,0.03173619999870425,True
E1,er_d8_n100,1,100,413,rl_rr_ls,0.0,15,0.044161599998915335,True
E1,er_d8_n100,1,100,413,rl,1.0,17,0.03557770000043092,True
E1,er_d8_n100,1,100,413,rl_rr,1.0,17,0.03575550000095973,True
E1,er_d8_n100,1,100,413,rl_rr_ls,1.0,17,0.052371000001585344,True
E1,er_d8_n100,2,100,371,greedy,,20,0.00019859999883919954,True
E1,er_d8_n100,2,100,371,greedy_rr,,19,0.00028050000037183054,True
E1,er_d8_n100,2,100,371,greedy_rr_ls,,17,0.0043926999969698954,True
E1,er_d8_n100,2,100,371,rl,0.0,17,0.03383369999937713,True
E1,er_d8_n100,2,100,371,rl_rr,0.0,17,0.03400060000058147,True
E1,er_d8_n100,2,100,371,rl_rr_ls,0.0,17,0.037420600001496496,True
E1,er_d8_n100,2,100,371,rl,1.0,17,0.03592120000030263,True
E1,er_d8_n100,2,100,371,rl_rr,1.0,17,0.03611850000015693,True
E1,er_d8_n100,2,100,371,rl_rr_ls,1.0,17,0.04213379999782774,True
E1,er_d8_n100,3,100,391,greedy,,16,0.00027409999893279746,True
E1,er_d8_n100,3,100,391,greedy_rr,,16,0.00028449999808799475,True
E1,er_d8_n100,3,100,391,greedy_rr_ls,,15,0.0014878000001772307,True
E1,er_d8_n100,3,100,391,rl,0.0,16,0.033382800000254065,True
E1,er_d8_n100,3,100,391,rl_rr,0.0,16,0.03353639999841107,True
E1,er_d8_n100,3,100,391,rl_rr_ls,0.0,15,0.03520449999632547,True
E1,er_d8_n100,3,100,391,rl,1.0,16,0.03214700000171433,True
E1,er_d8_n100,3,100,391,rl_rr,1.0,16,0.032289300001139054,True
E1,er_d8_n100,3,100,391,rl_rr_ls,1.0,16,0.03575439999985974,True
E1,er_d8_n100,4,100,419,greedy,,16,0.00021159999960218556,True
E1,er_d8_n100,4,100,419,greedy_rr,,16,0.00028589999783434905,True
E1,er_d8_n100,4,100,419,greedy_rr_ls,,15,0.001493200001277728,True
E1,er_d8_n100,4,100,419,rl,0.0,15,0.03065760000026785,True
E1,er_d8_n100,4,100,419,rl_rr,0.0,15,0.03085590000046068,True
E1,er_d8_n100,4,100,419,rl_rr_ls,0.0,15,0.03204770000229473,True
E1,er_d8_n100,4,100,419,rl,1.0,15,0.028198500000144122,True
E1,er_d8_n100,4,100,419,rl_rr,1.0,15,0.028335899998637615,True
E1,er_d8_n100,4,100,419,rl_rr_ls,1.0,15,0.029506899998523295,True
E1,er_d8_n100,5,100,392,greedy,,18,0.00019999999858555384,True
E1,er_d8_n100,5,100,392,greedy_rr,,18,0.0002629000009619631,True
E1,er_d8_n100,5,100,392,greedy_rr_ls,,17,0.006207100002939114,True
E1,er_d8_n100,5,100,392,rl,0.0,18,0.03531300000031479,True
E1,er_d8_n100,5,100,392,rl_rr,0.0,18,0.03545980000126292,True
E1,er_d8_n100,5,100,392,rl_rr_ls,0.0,17,0.05015550000098301,True
E1,er_d8_n100,5,100,392,rl,1.0,18,0.039656600001762854,True
E1,er_d8_n100,5,100,392,rl_rr,1.0,18,0.03981680000288179,True
E1,er_d8_n100,5,100,392,rl_rr_ls,1.0,18,0.04472420000092825,True
E1,er_d8_n100,6,100,387,greedy,,18,0.0002210000020568259,True
E1,er_d8_n100,6,100,387,greedy_rr,,17,0.00027860000045620836,True
E1,er_d8_n100,6,100,387,greedy_rr_ls,,16,0.004101800001080846,True
E1,er_d8_n100,6,100,387,rl,0.0,17,0.033084400001826,True
E1,er_d8_n100,6,100,387,rl_rr,0.0,17,0.03321950000099605,True
E1,er_d8_n100,6,100,387,rl_rr_ls,0.0,17,0.03829319999931613,True
E1,er_d8_n100,6,100,387,rl,1.0,17,0.034580299998197006,True
E1,er_d8_n100,6,100,387,rl_rr,1.0,17,0.03475909999906435,True
E1,er_d8_n100,6,100,387,rl_rr_ls,1.0,17,0.041589799999201205,True
E1,er_d8_n100,7,100,380,greedy,,18,0.00024000000121304765,True
E1,er_d8_n100,7,100,380,greedy_rr,,18,0.0002615000012156088,True
E1,er_d8_n100,7,100,380,greedy_rr_ls,,16,0.003068999998504296,True
E1,er_d8_n100,7,100,380,rl,0.0,18,0.03636990000086371,True
E1,er_d8_n100,7,100,380,rl_rr,0.0,18,0.03657230000317213,True
E1,er_d8_n100,7,100,380,rl_rr_ls,0.0,16,0.040815200001816265,True
E1,er_d8_n100,7,100,380,rl,1.0,17,0.0322124000012991,True
E1,er_d8_n100,7,100,380,rl_rr,1.0,17,0.03235889999996289,True
E1,er_d8_n100,7,100,380,rl_rr_ls,1.0,16,0.04865409999911208,True
E1,er_d8_n100,8,100,407,greedy,,18,0.0007948999991640449,True
E1,er_d8_n100,8,100,407,greedy_rr,,18,0.0002920000006270129,True
E1,er_d8_n100,8,100,407,greedy_rr_ls,,16,0.006564200000866549,True
E1,er_d8_n100,8,100,407,rl,0.0,16,0.03272419999848353,True
E1,er_d8_n100,8,100,407,rl_rr,0.0,16,0.0328732999987551,True
E1,er_d8_n100,8,100,407,rl_rr_ls,0.0,16,0.035117399998853216,True
E1,er_d8_n100,8,100,407,rl,1.0,17,0.033651699999609264,True
E1,er_d8_n100,8,100,407,rl_rr,1.0,17,0.03380919999835896,True
E1,er_d8_n100,8,100,407,rl_rr_ls,1.0,16,0.03728849999606609,True
E1,er_d8_n100,9,100,420,greedy,,16,0.00022189999799593352,True
E1,er_d8_n100,9,100,420,greedy_rr,,16,0.00026820000130101107,True
E1,er_d8_n100,9,100,420,greedy_rr_ls,,15,0.0025547999975970015,True
E1,er_d8_n100,9,100,420,rl,0.0,16,0.039736400001856964,True
E1,er_d8_n100,9,100,420,rl_rr,0.0,16,0.039895500001875916,True
E1,er_d8_n100,9,100,420,rl_rr_ls,0.0,15,0.04725890000190702,True
E1,er_d8_n100,9,100,420,rl,1.0,16,0.03525190000073053,True
E1,er_d8_n100,9,100,420,rl_rr,1.0,16,0.035408199997618794,True
E1,er_d8_n100,9,100,420,rl_rr_ls,1.0,16,0.04570449999664561,True
E1,er_d8_n100,10,100,420,greedy,,18,0.00024929999926825985,True
E1,er_d8_n100,10,100,420,greedy_rr,,18,0.00031820000003790483,True
E1,er_d8_n100,10,100,420,greedy_rr_ls,,16,0.005102999999508029,True
E1,er_d8_n100,10,100,420,rl,0.0,16,0.03596579999793903,True
E1,er_d8_n100,10,100,420,rl_rr,0.0,16,0.036133799996605376,True
E1,er_d8_n100,10,100,420,rl_rr_ls,0.0,16,0.038551199995708885,True
E1,er_d8_n100,10,100,420,rl,1.0,18,0.03988190000018221,True
E1,er_d8_n100,10,100,420,rl_rr,1.0,18,0.0400353000004543,True
E1,er_d8_n100,10,100,420,rl_rr_ls,1.0,16,0.06015040000056615,True
E1,er_d8_n100,11,100,416,greedy,,17,0.0002342000007047318,True
E1,er_d8_n100,11,100,416,greedy_rr,,16,0.00029549999817390926,True
E1,er_d8_n100,11,100,416,greedy_rr_ls,,16,0.005997200001729652,True
E1,er_d8_n100,11,100,416,rl,0.0,15,0.030070700002397643,True
E1,er_d8_n100,11,100,416,rl_rr,0.0,15,0.030213600002753083,True
E1,er_d8_n100,11,100,416,rl_rr_ls,0.0,15,0.03097890000208281,True
E1,er_d8_n100,11,100,416,rl,1.0,17,0.039041799998813076,True
E1,er_d8_n100,11,100,416,rl_rr,1.0,17,0.03918590000102995,True
E1,er_d8_n100,11,100,416,rl_rr_ls,1.0,17,0.042729100001452025,True
E1,er_d8_n100,12,100,383,greedy,,19,0.0002530999990995042,True
E1,er_d8_n100,12,100,383,greedy_rr,,19,0.0002811999984260183,True
E1,er_d8_n100,12,100,383,greedy_rr_ls,,17,0.0018416999992041383,True
E1,er_d8_n100,12,100,383,rl,0.0,18,0.036358599998493446,True
E1,er_d8_n100,12,100,383,rl_rr,0.0,18,0.03652549999605981,True
E1,er_d8_n100,12,100,383,rl_rr_ls,0.0,18,0.04894459999559331,True
E1,er_d8_n100,12,100,383,rl,1.0,18,0.037718400002631824,True
E1,er_d8_n100,12,100,383,rl_rr,1.0,18,0.037890200001129415,True
E1,er_d8_n100,12,100,383,rl_rr_ls,1.0,17,0.04159840000284021,True
E1,er_d8_n100,13,100,386,greedy,,16,0.00026369999977760017,True
E1,er_d8_n100,13,100,386,greedy_rr,,16,0.0002945000014733523,True
E1,er_d8_n100,13,100,386,greedy_rr_ls,,16,0.004694499999459367,True
E1,er_d8_n100,13,100,386,rl,0.0,17,0.03517379999902914,True
E1,er_d8_n100,13,100,386,rl_rr,0.0,17,0.035330900002009,True
E1,er_d8_n100,13,100,386,rl_rr_ls,0.0,16,0.05078060000232654,True
E1,er_d8_n100,13,100,386,rl,1.0,16,0.03750199999922188,True
E1,er_d8_n100,13,100,386,rl_rr,1.0,16,0.03768760000093607,True
E1,er_d8_n100,13,100,386,rl_rr_ls,1.0,16,0.044386500001564855,True
E1,er_d8_n100,14,100,400,greedy,,16,0.000245400002313545,True
E1,er_d8_n100,14,100,400,greedy_rr,,16,0.0002631999996083323,True
E1,er_d8_n100,14,100,400,greedy_rr_ls,,16,0.003962300001148833,True
E1,er_d8_n100,14,100,400,rl,0.0,16,0.035069099998509046,True
E1,er_d8_n100,14,100,400,rl_rr,0.0,16,0.03526440000132425,True
E1,er_d8_n100,14,100,400,rl_rr_ls,0.0,16,0.03597220000301604,True
E1,er_d8_n100,14,100,400,rl,1.0,16,0.03309770000123535,True
E1,er_d8_n100,14,100,400,rl_rr,1.0,16,0.03324439999778406,True
E1,er_d8_n100,14,100,400,rl_rr_ls,1.0,16,0.039542899994557956,True
E1,er_d8_n100,15,100,383,greedy,,17,0.00019520000205375254,True
E1,er_d8_n100,15,100,383,greedy_rr,,17,0.0002595000005385373,True
E1,er_d8_n100,15,100,383,greedy_rr_ls,,16,0.006700699999782955,True
E1,er_d8_n100,15,100,383,rl,0.0,17,0.03570629999740049,True
E1,er_d8_n100,15,100,383,rl_rr,0.0,17,0.0358598999955575,True
E1,er_d8_n100,15,100,383,rl_rr_ls,0.0,16,0.04291459999512881,True
E1,er_d8_n100,15,100,383,rl,1.0,16,0.03291559999706806,True
E1,er_d8_n100,15,100,383,rl_rr,1.0,16,0.033063599996239645,True
E1,er_d8_n100,15,100,383,rl_rr_ls,1.0,16,0.03418559999408899,True
E1,er_d8_n100,16,100,386,greedy,,20,0.0002007000002777204,True
E1,er_d8_n100,16,100,386,greedy_rr,,20,0.0002827000025718007,True
E1,er_d8_n100,16,100,386,greedy_rr_ls,,18,0.0027273000014247373,True
E1,er_d8_n100,16,100,386,rl,0.0,17,0.033721799998602364,True
E1,er_d8_n100,16,100,386,rl_rr,0.0,17,0.03386329999921145,True
E1,er_d8_n100,16,100,386,rl_rr_ls,0.0,17,0.0349714000003587,True
E1,er_d8_n100,16,100,386,rl,1.0,18,0.04304419999971287,True
E1,er_d8_n100,16,100,386,rl_rr,1.0,18,0.04321139999956358,True
E1,er_d8_n100,16,100,386,rl_rr_ls,1.0,17,0.04441749999750755,True
E1,er_d8_n100,17,100,333,greedy,,19,0.00017929999739862978,True
E1,er_d8_n100,17,100,333,greedy_rr,,19,0.00026219999926979654,True
E1,er_d8_n100,17,100,333,greedy_rr_ls,,18,0.004436900002474431,True
E1,er_d8_n100,17,100,333,rl,0.0,19,0.03742280000005849,True
E1,er_d8_n100,17,100,333,rl_rr,0.0,19,0.03755970000202069,True
E1,er_d8_n100,17,100,333,rl_rr_ls,0.0,19,0.04220619999978226,True
E1,er_d8_n100,17,100,333,rl,1.0,19,0.03959179999947082,True
E1,er_d8_n100,17,100,333,rl_rr,1.0,19,0.039799199999833945,True
E1,er_d8_n100,17,100,333,rl_rr_ls,1.0,19,0.06367319999844767,True
E1,er_d8_n100,18,100,372,greedy,,20,0.0003040000010514632,True
E1,er_d8_n100,18,100,372,greedy_rr,,19,0.00029629999698954634,True
E1,er_d8_n100,18,100,372,greedy_rr_ls,,18,0.009416700002475409,True
E1,er_d8_n100,18,100,372,rl,0.0,17,0.039170399999420624,True
E1,er_d8_n100,18,100,372,rl_rr,0.0,17,0.03931599999850732,True
E1,er_d8_n100,18,100,372,rl_rr_ls,0.0,17,0.03992829999697278,True
E1,er_d8_n100,18,100,372,rl,1.0,19,0.04171170000336133,True
E1,er_d8_n100,18,100,372,rl_rr,1.0,19,0.04186380000464851,True
E1,er_d8_n100,18,100,372,rl_rr_ls,1.0,17,0.04880580000462942,True
E1,er_d8_n100,19,100,422,greedy,,15,0.00022159999934956431,True
E1,er_d8_n100,19,100,422,greedy_rr,,15,0.00026699999943957664,True
E1,er_d8_n100,19,100,422,greedy_rr_ls,,15,0.00603659999978845,True
E1,er_d8_n100,19,100,422,rl,0.0,15,0.03508339999825694,True
E1,er_d8_n100,19,100,422,rl_rr,0.0,15,0.03523749999658321,True
E1,er_d8_n100,19,100,422,rl_rr_ls,0.0,15,0.043189099997107405,True
E1,er_d8_n100,19,100,422,rl,1.0,15,0.038606300000537885,True
E1,er_d8_n100,19,100,422,rl_rr,1.0,15,0.03887920000124723,True
E1,er_d8_n100,19,100,422,rl_rr_ls,1.0,15,0.04207949999909033,True
E1,er_d8_n200,0,200,803,greedy,,36,0.0005555999996431638,True
E1,er_d8_n200,0,200,803,greedy_rr,,34,0.0005300999982864596,True
E1,er_d8_n200,0,200,803,greedy_rr_ls,,31,0.02878190000046743,True
E1,er_d8_n200,0,200,803,rl,0.0,33,0.09975219999978435,True
E1,er_d8_n200,0,200,803,rl_rr,0.0,33,0.0999712000011641,True
E1,er_d8_n200,0,200,803,rl_rr_ls,0.0,32,0.11080930000389344,True
E1,er_d8_n200,0,200,803,rl,1.0,32,0.095667699999467,True
E1,er_d8_n200,0,200,803,rl_rr,1.0,32,0.09591000000000349,True
E1,er_d8_n200,0,200,803,rl_rr_ls,1.0,31,0.11609519999910844,True
E1,er_d8_n200,1,200,823,greedy,,37,0.0004827999982808251,True
E1,er_d8_n200,1,200,823,greedy_rr,,35,0.000600200000917539,True
E1,er_d8_n200,1,200,823,greedy_rr_ls,,33,0.11016079999899375,True
E1,er_d8_n200,1,200,823,rl,0.0,32,0.08758909999960451,True
E1,er_d8_n200,1,200,823,rl_rr,0.0,32,0.08785490000082063,True
E1,er_d8_n200,1,200,823,rl_rr_ls,0.0,32,0.11839259999760543,True
E1,er_d8_n200,1,200,823,rl,1.0,33,0.09757540000282461,True
E1,er_d8_n200,1,200,823,rl_rr,1.0,33,0.09789130000353907,True
E1,er_d8_n200,1,200,823,rl_rr_ls,1.0,32,0.21148920000268845,True
E1,er_d8_n200,2,200,760,greedy,,36,0.00048149999929592013,True
E1,er_d8_n200,2,200,760,greedy_rr,,36,0.0005595000002358574,True
E1,er_d8_n200,2,200,760,greedy_rr_ls,,33,0.043191000000661006,True
E1,er_d8_n200,2,200,760,rl,0.0,35,0.09448519999932614,True
E1,er_d8_n200,2,200,760,rl_rr,0.0,35,0.09470629999850644,True
E1,er_d8_n200,2,200,760,rl_rr_ls,0.0,34,0.12524979999943753,True
E1,er_d8_n200,2,200,760,rl,1.0,34,0.09446069999830797,True
E1,er_d8_n200,2,200,760,rl_rr,1.0,34,0.09470019999935175,True
E1,er_d8_n200,2,200,760,rl_rr_ls,1.0,33,0.16674099999727332,True
E1,er_d8_n200,3,200,825,greedy,,34,0.00043060000098193996,True
E1,er_d8_n200,3,200,825,greedy_rr,,34,0.0005323999976099003,True
E1,er_d8_n200,3,200,825,greedy_rr_ls,,32,0.029066299997793976,True
E1,er_d8_n200,3,200,825,rl,0.0,32,0.09206790000098408,True
E1,er_d8_n200,3,200,825,rl_rr,0.0,32,0.0923185999999987,True
E1,er_d8_n200,3,200,825,rl_rr_ls,0.0,32,0.13241040000139037,True
E1,er_d8_n200,3,200,825,rl,1.0,34,0.08701460000156658,True
E1,er_d8_n200,3,200,825,rl_rr,1.0,34,0.08725220000269474,True
E1,er_d8_n200,3,200,825,rl_rr_ls,1.0,33,0.11943870000322931,True
E1,er_d8_n200,4,200,838,greedy,,32,0.0004517999987001531,True
E1,er_d8_n200,4,200,838,greedy_rr,,32,0.0006007000010868069,True
E1,er_d8_n200,4,200,838,greedy_rr_ls,,31,0.03839190000144299,True
E1,er_d8_n200,4,200,838,rl,0.0,30,0.06530779999957304,True
E1,er_d8_n200,4,200,838,rl_rr,0.0,30,0.06562399999893387,True
E1,er_d8_n200,4,200,838,rl_rr_ls,0.0,30,0.07566799999767682,True
E1,er_d8_n200,4,200,838,rl,1.0,32,0.06973369999832357,True
E1,er_d8_n200,4,200,838,rl_rr,1.0,32,0.06996939999953611,True
E1,er_d8_n200,4,200,838,rl_rr_ls,1.0,31,0.08731890000126441,True
E1,er_d8_n200,5,200,799,greedy,,36,0.0005384999967645854,True
E1,er_d8_n200,5,200,799,greedy_rr,,36,0.0005192999997234438,True
E1,er_d8_n200,5,200,799,greedy_rr_ls,,34,0.01149240000086138,True
E1,er_d8_n200,5,200,799,rl,0.0,34,0.07305779999660444,True
E1,er_d8_n200,5,200,799,rl_rr,0.0,34,0.07329379999646335,True
E1,er_d8_n200,5,200,799,rl_rr_ls,0.0,34,0.09027039999637054,True
E1,er_d8_n200,5,200,799,rl,1.0,35,0.0728471999973408,True
E1,er_d8_n200,5,200,799,rl_rr,1.0,35,0.07310829999914858,True
E1,er_d8_n200,5,200,799,rl_rr_ls,1.0,34,0.11902550000013434,True
E1,er_d8_n200,6,200,825,greedy,,38,0.00044970000089961104,True
E1,er_d8_n200,6,200,825,greedy_rr,,35,0.000649199999315897,True
E1,er_d8_n200,6,200,825,greedy_rr_ls,,31,0.023007899999356596,True
E1,er_d8_n200,6,200,825,rl,0.0,32,0.0774634999979753,True
E1,er_d8_n200,6,200,825,rl_rr,0.0,32,0.07770979999986594,True
E1,er_d8_n200,6,200,825,rl_rr_ls,0.0,31,0.09548569999969914,True
E1,er_d8_n200,6,200,825,rl,1.0,33,0.07534700000178418,True
E1,er_d8_n200,6,200,825,rl_rr,1.0,33,0.07558140000037383,True
E1,er_d8_n200,6,200,825,rl_rr_ls,1.0,32,0.10165630000119563,True
E1,er_d8_n200,7,200,785,greedy,,38,0.000496600001497427,True
E1,er_d8_n200,7,200,785,greedy_rr,,38,0.000523900002008304,True
E1,er_d8_n200,7,200,785,greedy_rr_ls,,35,0.024237100002210354,True
E1,er_d8_n200,7,200,785,rl,0.0,33,0.07237759999770788,True
E1,er_d8_n200,7,200,785,rl_rr,0.0,33,0.07260759999553557,True
E1,er_d8_n200,7,200,785,rl_rr_ls,0.0,33,0.08081299999685143,True
E1,er_d8_n200,7,200,785,rl,1.0,34,0.08705829999962589,True
E1,er_d8_n200,7,200,785,rl_rr,1.0,34,0.08730080000168527,True
E1,er_d8_n200,7,200,785,rl_rr_ls,1.0,33,0.09832550000282936,True
E1,er_d8_n200,8,200,754,greedy,,36,0.00043730000106734224,True
E1,er_d8_n200,8,200,754,greedy_rr,,36,0.0005267000015010126,True
E1,er_d8_n200,8,200,754,greedy_rr_ls,,33,0.04447679999793763,True
E1,er_d8_n200,8,200,754,rl,0.0,35,0.07885819999864907,True
E1,er_d8_n200,8,200,754,rl_rr,0.0,35,0.07908849999876111,True
E1,er_d8_n200,8,200,754,rl_rr_ls,0.0,34,0.1264670999989903,True
E1,er_d8_n200,8,200,754,rl,1.0,35,0.07302550000167685,True
E1,er_d8_n200,8,200,754,rl_rr,1.0,35,0.07326230000035139,True
E1,er_d8_n200,8,200,754,rl_rr_ls,1.0,34,0.08242790000076639,True
E1,er_d8_n200,9,200,821,greedy,,36,0.00054430000091088,True
E1,er_d8_n200,9,200,821,greedy_rr,,34,0.0005699000030290335,True
E1,er_d8_n200,9,200,821,greedy_rr_ls,,33,0.10966329999791924,True
E1,er_d8_n200,9,200,821,rl,0.0,34,0.0714311000010639,True
E1,er_d8_n200,9,200,821,rl_rr,0.0,34,0.07166649999999208,True
E1,er_d8_n200,9,200,821,rl_rr_ls,0.0,32,0.17978489999950398,True
E1,er_d8_n200,9,200,821,rl,1.0,33,0.06889720000253874,True
E1,er_d8_n200,9,200,821,rl_rr,1.0,33,0.06922310000300058,True
E1,er_d8_n200,9,200,821,rl_rr_ls,1.0,31,0.09246430000348482,True
E1,er_d8_n200,10,200,804,greedy,,37,0.0005261000005702954,True
E1,er_d8_n200,10,200,804,greedy_rr,,36,0.000555899998289533,True
E1,er_d8_n200,10,200,804,greedy_rr_ls,,33,0.007353900000452995,True
E1,er_d8_n200,10,200,804,rl,0.0,33,0.06820859999788809,True
E1,er_d8_n200,10,200,804,rl_rr,0.0,33,0.06851599999936298,True
E1,er_d8_n200,10,200,804,rl_rr_ls,0.0,32,0.10361850000117556,True
E1,er_d8_n200,10,200,804,rl,1.0,33,0.06509490000098594,True
E1,er_d8_n200,10,200,804,rl_rr,1.0,33,0.06533180000042194,True
E1,er_d8_n200,10,200,804,rl_rr_ls,1.0,33,0.0968412999973225,True
E1,er_d8_n200,11,200,800,greedy,,34,0.0005524999978661072,True
E1,er_d8_n200,11,200,800,greedy_rr,,33,0.0005463000015879516,True
E1,er_d8_n200,11,200,800,greedy_rr_ls,,32,0.021657300003425917,True
E1,er_d8_n200,11,200,800,rl,0.0,34,0.07298799999989569,True
E1,er_d8_n200,11,200,800,rl_rr,0.0,34,0.07323339999857126,True
E1,er_d8_n200,11,200,800,rl_rr_ls,0.0,32,0.08269469999868306,True
E1,er_d8_n200,11,200,800,rl,1.0,36,0.07766679999986081,True
E1,er_d8_n200,11,200,800,rl_rr,1.0,35,0.07795099999930244,True
E1,er_d8_n200,11,200,800,rl_rr_ls,1.0,33,0.12035399999876972,True
E1,er_d8_n200,12,200,788,greedy,,34,0.00044130000242148526,True
E1,er_d8_n200,12,200,788,greedy_rr,,34,0.0006172999965201598,True
E1,er_d8_n200,12,200,788,greedy_rr_ls,,32,0.01001890000043204,True
E1,er_d8_n200,12,200,788,rl,0.0,32,0.06481270000222139,True
E1,er_d8_n200,12,200,788,rl_rr,0.0,32,0.06504430000131833,True
E1,er_d8_n200,12,200,788,rl_rr_ls,0.0,31,0.10938000000169268,True
E1,er_d8_n200,12,200,788,rl,1.0,32,0.07950639999762643,True
E1,er_d8_n200,12,200,788,rl_rr,1.0,32,0.07988040000054752,True
E1,er_d8_n200,12,200,788,rl_rr_ls,1.0,31,0.11540400000012596,True
E1,er_d8_n200,13,200,758,greedy,,38,0.00041459999920334667,True
E1,er_d8_n200,13,200,758,greedy_rr,,37,0.0005687000011675991,True
E1,er_d8_n200,13,200,758,greedy_rr_ls,,34,0.00871009999900707,True
E1,er_d8_n200,13,200,758,rl,0.0,34,0.07587929999863263,True
E1,er_d8_n200,13,200,758,rl_rr,0.0,34,0.07613379999747849,True
E1,er_d8_n200,13,200,758,rl_rr_ls,0.0,33,0.09558589999869582,True
E1,er_d8_n200,13,200,758,rl,1.0,34,0.07688839999900665,True
E1,er_d8_n200,13,200,758,rl_rr,1.0,34,0.07738169999720412,True
E1,er_d8_n200,13,200,758,rl_rr_ls,1.0,33,0.12204449999626377,True
E1,er_d8_n200,14,200,768,greedy,,35,0.0004358000005595386,True
E1,er_d8_n200,14,200,768,greedy_rr,,34,0.0005683999988832511,True
E1,er_d8_n200,14,200,768,greedy_rr_ls,,32,0.012076499999238877,True
E1,er_d8_n200,14,200,768,rl,0.0,35,0.0755222000007052,True
E1,er_d8_n200,14,200,768,rl_rr,0.0,34,0.0758626999995613,True
E1,er_d8_n200,14,200,768,rl_rr_ls,0.0,32,0.09611900000163587,True
E1,er_d8_n200,14,200,768,rl,1.0,34,0.07489140000325278,True
E1,er_d8_n200,14,200,768,rl_rr,1.0,34,0.07523140000193962,True
E1,er_d8_n200,14,200,768,rl_rr_ls,1.0,33,0.09081680000235792,True
E1,er_d8_n200,15,200,806,greedy,,34,0.0005215999990468845,True
E1,er_d8_n200,15,200,806,greedy_rr,,34,0.0005713999998988584,True
E1,er_d8_n200,15,200,806,greedy_rr_ls,,33,0.15351730000111274,True
E1,er_d8_n200,15,200,806,rl,0.0,32,0.07274609999876702,True
E1,er_d8_n200,15,200,806,rl_rr,0.0,32,0.07310249999864027,True
E1,er_d8_n200,15,200,806,rl_rr_ls,0.0,31,0.2428641999977117,True
E1,er_d8_n200,15,200,806,rl,1.0,32,0.06716480000250158,True
E1,er_d8_n200,15,200,806,rl_rr,1.0,32,0.06740350000109174,True
E1,er_d8_n200,15,200,806,rl_rr_ls,1.0,31,0.08125080000172602,True
E1,er_d8_n200,16,200,838,greedy,,32,0.000410699998610653,True
E1,er_d8_n200,16,200,838,greedy_rr,,32,0.0005387999990489334,True
E1,er_d8_n200,16,200,838,greedy_rr_ls,,31,0.009843399999226676,True
E1,er_d8_n200,16,200,838,rl,0.0,32,0.06801890000133426,True
E1,er_d8_n200,16,200,838,rl_rr,0.0,32,0.06826530000034836,True
E1,er_d8_n200,16,200,838,rl_rr_ls,0.0,30,0.16850010000052862,True
E1,er_d8_n200,16,200,838,rl,1.0,32,0.06851629999800934,True
E1,er_d8_n200,16,200,838,rl_rr,1.0,32,0.0689801999978954,True
E1,er_d8_n200,16,200,838,rl_rr_ls,1.0,30,0.18730149999828427,True
E1,er_d8_n200,17,200,797,greedy,,33,0.0005449999989650678,True
E1,er_d8_n200,17,200,797,greedy_rr,,33,0.0005593999994744081,True
E1,er_d8_n200,17,200,797,greedy_rr_ls,,32,0.01048609999998007,True
E1,er_d8_n200,17,200,797,rl,0.0,33,0.09324980000019423,True
E1,er_d8_n200,17,200,797,rl_rr,0.0,33,0.09353320000082022,True
E1,er_d8_n200,17,200,797,rl_rr_ls,0.0,33,0.10715690000142786,True
E1,er_d8_n200,17,200,797,rl,1.0,33,0.07326860000102897,True
E1,er_d8_n200,17,200,797,rl_rr,1.0,33,0.07352019999962067,True
E1,er_d8_n200,17,200,797,rl_rr_ls,1.0,32,0.08982319999995525,True
E1,er_d8_n200,18,200,826,greedy,,32,0.000660100002278341,True
E1,er_d8_n200,18,200,826,greedy_rr,,32,0.0009284000007028226,True
E1,er_d8_n200,18,200,826,greedy_rr_ls,,31,0.04319929999837768,True
E1,er_d8_n200,18,200,826,rl,0.0,31,0.06816230000185897,True
E1,er_d8_n200,18,200,826,rl_rr,0.0,31,0.0684000000001106,True
E1,er_d8_n200,18,200,826,rl_rr_ls,0.0,31,0.07744029999958002,True
E1,er_d8_n200,18,200,826,rl,1.0,32,0.0695927999986452,True
E1,er_d8_n200,18,200,826,rl_rr,1.0,32,0.06986249999681604,True
E1,er_d8_n200,18,200,826,rl_rr_ls,1.0,31,0.14895789999718545,True
E1,er_d8_n200,19,200,807,greedy,,34,0.0005440999993879814,True
E1,er_d8_n200,19,200,807,greedy_rr,,34,0.0005396000015025493,True
E1,er_d8_n200,19,200,807,greedy_rr_ls,,33,0.019482499999867287,True
E1,er_d8_n200,19,200,807,rl,0.0,33,0.06723220000276342,True
E1,er_d8_n200,19,200,807,rl_rr,0.0,33,0.06748599999991711,True
E1,er_d8_n200,19,200,807,rl_rr_ls,0.0,32,0.13610569999946165,True
E1,er_d8_n200,19,200,807,rl,1.0,33,0.07069380000029923,True
E1,er_d8_n200,19,200,807,rl_rr,1.0,33,0.07097620000058669,True
E1,er_d8_n200,19,200,807,rl_rr_ls,1.0,32,0.10567420000006678,True
E1,er_d8_n500,0,500,1913,greedy,,90,0.0010516000002098735,True
E1,er_d8_n500,0,500,1913,greedy_rr,,88,0.0018539999982749578,True
E1,er_d8_n500,0,500,1913,greedy_rr_ls,,83,0.12589499999739928,True
E1,er_d8_n500,0,500,1913,rl,0.0,87,0.1987708999986353,True
E1,er_d8_n500,0,500,1913,rl_rr,0.0,87,0.19948289999592816,True
E1,er_d8_n500,0,500,1913,rl_rr_ls,0.0,81,0.5784324999949604,True
E1,er_d8_n500,0,500,1913,rl,1.0,86,0.1912138000006962,True
E1,er_d8_n500,0,500,1913,rl_rr,1.0,86,0.1917396999997436,True
E1,er_d8_n500,0,500,1913,rl_rr_ls,1.0,83,0.21415189999970607,True
E1,er_d8_n500,1,500,2018,greedy,,86,0.0015032999981485773,True
E1,er_d8_n500,1,500,2018,greedy_rr,,86,0.0014501000005111564,True
E1,er_d8_n500,1,500,2018,greedy_rr_ls,,78,0.09964070000205538,True
E1,er_d8_n500,1,500,2018,rl,0.0,81,0.18693660000280943,True
E1,er_d8_n500,1,500,2018,rl_rr,0.0,81,0.18785180000122637,True
E1,er_d8_n500,1,500,2018,rl_rr_ls,0.0,78,0.36573800000041956,True
E1,er_d8_n500,1,500,2018,rl,1.0,79,0.17396789999838802,True
E1,er_d8_n500,1,500,2018,rl_rr,1.0,79,0.17448929999954998,True
E1,er_d8_n500,1,500,2018,rl_rr_ls,1.0,78,0.3860279000000446,True
E1,er_d8_n500,2,500,1992,greedy,,87,0.0010557999994489364,True
E1,er_d8_n500,2,500,1992,greedy_rr,,87,0.0013013999996474013,True
E1,er_d8_n500,2,500,1992,greedy_rr_ls,,84,0.05268439999781549,True
E1,er_d8_n500,2,500,1992,rl,0.0,81,0.16451779999988503,True
E1,er_d8_n500,2,500,1992,rl_rr,0.0,81,0.16509170000063023,True
E1,er_d8_n500,2,500,1992,rl_rr_ls,0.0,79,0.21049610000045504,True
E1,er_d8_n500,2,500,1992,rl,1.0,84,0.1761971000014455,True
E1,er_d8_n500,2,500,1992,rl_rr,1.0,84,0.176896900000429,True
E1,er_d8_n500,2,500,1992,rl_rr_ls,1.0,81,0.2668134000014106,True
E1,er_d8_n500,3,500,1964,greedy,,92,0.0013849000024492852,True
E1,er_d8_n500,3,500,1964,greedy_rr,,88,0.0014145999994070735,True
E1,er_d8_n500,3,500,1964,greedy_rr_ls,,83,0.16333440000016708,True
E1,er_d8_n500,3,500,1964,rl,0.0,84,0.22511440000016592,True
E1,er_d8_n500,3,500,1964,rl_rr,0.0,84,0.2258360999985598,True
E1,er_d8_n500,3,500,1964,rl_rr_ls,0.0,83,0.3147332999978971,True
E1,er_d8_n500,3,500,1964,rl,1.0,83,0.16680120000091847,True
E1,er_d8_n500,3,500,1964,rl_rr,1.0,82,0.1675390000018524,True
E1,er_d8_n500,3,500,1964,rl_rr_ls,1.0,81,0.1943799000036961,True
E1,er_d8_n500,4,500,2037,greedy,,89,0.0011712000014085788,True
E1,er_d8_n500,4,500,2037,greedy_rr,,88,0.0014274000022851396,True
E1,er_d8_n500,4,500,2037,greedy_rr_ls,,85,0.01779040000110399,True
E1,er_d8_n500,4,500,2037,rl,0.0,81,0.17383889999837265,True
E1,er_d8_n500,4,500,2037,rl_rr,0.0,78,0.17438389999733772,True
E1,er_d8_n500,4,500,2037,rl_rr_ls,0.0,77,0.24677259999589296,True
E1,er_d8_n500,4,500,2037,rl,1.0,87,0.19527949999974226,True
E1,er_d8_n500,4,500,2037,rl_rr,1.0,87,0.1958082999990438,True
E1,er_d8_n500,4,500,2037,rl_rr_ls,1.0,82,0.23265839999658056,True
E1,er_d8_n500,5,500,1889,greedy,,90,0.0014649000004283153,True
E1,er_d8_n500,5,500,1889,greedy_rr,,90,0.0014680999993288424,True
E1,er_d8_n500,5,500,1889,greedy_rr_ls,,84,0.13318880000224453,True
E1,er_d8_n500,5,500,1889,rl,0.0,85,0.17747460000100546,True
E1,er_d8_n500,5,500,1889,rl_rr,0.0,85,0.1779913000027591,True
E1,er_d8_n500,5,500,1889,rl_rr_ls,0.0,84,0.36284120000345865,True
E1,er_d8_n500,5,500,1889,rl,1.0,85,0.17220000000088476,True
E1,er_d8_n500,5,500,1889,rl_rr,1.0,85,0.172688399998151,True
E1,er_d8_n500,5,500,1889,rl_rr_ls,1.0,83,0.4128875999995216,True
E1,er_d8_n500,6,500,2043,greedy,,87,0.001057800000126008,True
E1,er_d8_n500,6,500,2043,greedy_rr,,87,0.0013127000020176638,True
E1,er_d8_n500,6,500,2043,greedy_rr_ls,,81,0.19686100000035367,True
E1,er_d8_n500,6,500,2043,rl,0.0,84,0.2500112999987323,True
E1,er_d8_n500,6,500,2043,rl_rr,0.0,84,0.2505889999993087,True
E1,er_d8_n500,6,500,2043,rl_rr_ls,0.0,81,0.334347500000149,True
E1,er_d8_n500,6,500,2043,rl,1.0,85,0.18725919999997132,True
E1,er_d8_n500,6,500,2043,rl_rr,1.0,85,0.18799440000293544,True
E1,er_d8_n500,6,500,2043,rl_rr_ls,1.0,81,0.2361886000035156,True
E1,er_d8_n500,7,500,2071,greedy,,87,0.001306099999055732,True
E1,er_d8_n500,7,500,2071,greedy_rr,,85,0.0013934999988123309,True
E1,er_d8_n500,7,500,2071,greedy_rr_ls,,80,0.16835340000034194,True
E1,er_d8_n500,7,500,2071,rl,0.0,81,0.17178640000201995,True
E1,er_d8_n500,7,500,2071,rl_rr,0.0,80,0.17228290000275592,True
E1,er_d8_n500,7,500,2071,rl_rr_ls,0.0,79,0.20449760000337847,True
E1,er_d8_n500,7,500,2071,rl,1.0,80,0.16714570000112872,True
E1,er_d8_n500,7,500,2071,rl_rr,1.0,80,0.16762310000194702,True
E1,er_d8_n500,7,500,2071,rl_rr_ls,1.0,78,0.30124219999925117,True
E1,er_d8_n500,8,500,2019,greedy,,88,0.0010653999997884966,True
E1,er_d8_n500,8,500,2019,greedy_rr,,86,0.001348999998299405,True
E1,er_d8_n500,8,500,2019,greedy_rr_ls,,80,0.17208079999909387,True
E1,er_d8_n500,8,500,2019,rl,0.0,82,0.20990439999877708,True
E1,er_d8_n500,8,500,2019,rl_rr,0.0,82,0.2104552999990119,True
E1,er_d8_n500,8,500,2019,rl_rr_ls,0.0,80,0.2621020000005956,True
E1,er_d8_n500,8,500,2019,rl,1.0,84,0.20238400000016554,True
E1,er_d8_n500,8,500,2019,rl_rr,1.0,84,0.2029292000006535,True
E1,er_d8_n500,8,500,2019,rl_rr_ls,1.0,80,0.26839749999999185,True
E1,er_d8_n500,9,500,2076,greedy,,85,0.0011943999998038635,True
E1,er_d8_n500,9,500,2076,greedy_rr,,83,0.0014889000012772158,True
E1,er_d8_n500,9,500,2076,greedy_rr_ls,,80,0.15534479999769246,True
E1,er_d8_n500,9,500,2076,rl,0.0,79,0.18520550000175717,True
E1,er_d8_n500,9,500,2076,rl_rr,0.0,79,0.1857800000034331,True
E1,er_d8_n500,9,500,2076,rl_rr_ls,0.0,78,0.48864200000389246,True
E1,er_d8_n500,9,500,2076,rl,1.0,81,0.2056676000029256,True
E1,er_d8_n500,9,500,2076,rl_rr,1.0,81,0.20627760000206763,True
E1,er_d8_n500,9,500,2076,rl_rr_ls,1.0,79,0.367880800004059,True
E1,er_d8_n500,10,500,1987,greedy,,91,0.001209400001243921,True
E1,er_d8_n500,10,500,1987,greedy_rr,,89,0.0016187000001082197,True
E1,er_d8_n500,10,500,1987,greedy_rr_ls,,82,0.5529294000007212,True
E1,er_d8_n500,10,500,1987,rl,0.0,86,0.2850555999975768,True
E1,er_d8_n500,10,500,1987,rl_rr,0.0,86,0.28566330000103335,True
E1,er_d8_n500,10,500,1987,rl_rr_ls,0.0,82,0.5992620000033639,True
E1,er_d8_n500,10,500,1987,rl,1.0,87,0.2151570999994874,True
E1,er_d8_n500,10,500,1987,rl_rr,1.0,87,0.21589880000101402,True
E1,er_d8_n500,10,500,1987,rl_rr_ls,1.0,82,0.45452640000439715,True
E1,er_d8_n500,11,500,1986,greedy,,89,0.001201399998535635,True
E1,er_d8_n500,11,500,1986,greedy_rr,,89,0.0014474999989033677,True
E1,er_d8_n500,11,500,1986,greedy_rr_ls,,84,0.18568539999978384,True
E1,er_d8_n500,11,500,1986,rl,0.0,80,0.1956925999984378,True
E1,er_d8_n500,11,500,1986,rl_rr,0.0,80,0.19625259999520495,True
E1,er_d8_n500,11,500,1986,rl_rr_ls,0.0,80,0.2257660999930522,True
E1,er_d8_n500,11,500,1986,rl,1.0,83,0.2001475999968534,True
E1,er_d8_n500,11,500,1986,rl_rr,1.0,83,0.2007086999983585,True
E1,er_d8_n500,11,500,1986,rl_rr_ls,1.0,80,0.37199189999955706,True
E1,er_d8_n500,12,500,2027,greedy,,89,0.0012096000027668197,True
E1,er_d8_n500,12,500,2027,greedy_rr,,89,0.0014107999995758291,True
E1,er_d8_n500,12,500,2027,greedy_rr_ls,,83,0.1561641000007512,True
E1,er_d8_n500,12,500,2027,rl,0.0,84,0.20175149999704445,True
E1,er_d8_n500,12,500,2027,rl_rr,0.0,83,0.2023230999984662,True
E1,er_d8_n500,12,500,2027,rl_rr_ls,0.0,82,0.2792264999989129,True
E1,er_d8_n500,12,500,2027,rl,1.0,84,0.21534740000060992,True
E1,er_d8_n500,12,500,2027,rl_rr,1.0,84,0.2159700000011071,True
E1,er_d8_n500,12,500,2027,rl_rr_ls,1.0,81,0.48247790000095847,True
E1,er_d8_n500,13,500,1978,greedy,,91,0.0012051999983668793,True
E1,er_d8_n500,13,500,1978,greedy_rr,,86,0.0014387999981408939,True
E1,er_d8_n500,13,500,1978,greedy_rr_ls,,82,0.16874570000072708,True
E1,er_d8_n500,13,500,1978,rl,0.0,83,0.19230629999947269,True
E1,er_d8_n500,13,500,1978,rl_rr,0.0,83,0.19295549999878858,True
E1,er_d8_n500,13,500,1978,rl_rr_ls,0.0,82,0.28264219999618945,True
E1,er_d8_n500,13,500,1978,rl,1.0,81,0.18452220000108355,True
E1,er_d8_n500,13,500,1978,rl_rr,1.0,81,0.18511170000056154,True
E1,er_d8_n500,13,500,1978,rl_rr_ls,1.0,80,0.24257910000233096,True
E1,er_d8_n500,14,500,1954,greedy,,88,0.0011086000013165176,True
E1,er_d8_n500,14,500,1954,greedy_rr,,88,0.0013360999982978683,True
E1,er_d8_n500,14,500,1954,greedy_rr_ls,,81,0.06171380000159843,True
E1,er_d8_n500,14,500,1954,rl,0.0,84,0.20574320000014268,True
E1,er_d8_n500,14,500,1954,rl_rr,0.0,84,0.20622440000079223,True
E1,er_d8_n500,14,500,1954,rl_rr_ls,0.0,81,0.5161157000002277,True
E1,er_d8_n500,14,500,1954,rl,1.0,87,0.21654109999872162,True
E1,er_d8_n500,14,500,1954,rl_rr,1.0,87,0.21703119999801856,True
E1,er_d8_n500,14,500,1954,rl_rr_ls,1.0,84,0.32659979999880306,True
E1,er_d8_n500,15,500,1995,greedy,,87,0.0012075999984517694,True
E1,er_d8_n500,15,500,1995,greedy_rr,,86,0.0020786999994015787,True
E1,er_d8_n500,15,500,1995,greedy_rr_ls,,81,0.32370689999879687,True
E1,er_d8_n500,15,500,1995,rl,0.0,81,0.23601119999875664,True
E1,er_d8_n500,15,500,1995,rl_rr,0.0,81,0.23666669999875012,True
E1,er_d8_n500,15,500,1995,rl_rr_ls,0.0,79,0.42344669999874895,True
E1,er_d8_n500,15,500,1995,rl,1.0,84,0.17226669999945443,True
E1,er_d8_n500,15,500,1995,rl_rr,1.0,84,0.1728849999999511,True
E1,er_d8_n500,15,500,1995,rl_rr_ls,1.0,79,0.3948850000015227,True
E1,er_d8_n500,16,500,2026,greedy,,86,0.0011604999999690335,True
E1,er_d8_n500,16,500,2026,greedy_rr,,85,0.0013034999974479433,True
E1,er_d8_n500,16,500,2026,greedy_rr_ls,,80,0.08356980000098702,True
E1,er_d8_n500,16,500,2026,rl,0.0,80,0.17519090000132564,True
E1,er_d8_n500,16,500,2026,rl_rr,0.0,80,0.17577539999911096,True
E1,er_d8_n500,16,500,2026,rl_rr_ls,0.0,78,0.7499387999996543,True
E1,er_d8_n500,16,500,2026,rl,1.0,78,0.17733280000175,True
E1,er_d8_n500,16,500,2026,rl_rr,1.0,78,0.17782369999986258,True
E1,er_d8_n500,16,500,2026,rl_rr_ls,1.0,77,0.24787800000194693,True
E1,er_d8_n500,17,500,2034,greedy,,87,0.001262099998712074,True
E1,er_d8_n500,17,500,2034,greedy_rr,,86,0.0013393000008363742,True
E1,er_d8_n500,17,500,2034,greedy_rr_ls,,78,0.11453909999909229,True
E1,er_d8_n500,17,500,2034,rl,0.0,79,0.19436969999878784,True
E1,er_d8_n500,17,500,2034,rl_rr,0.0,79,0.1952008999978716,True
E1,er_d8_n500,17,500,2034,rl_rr_ls,0.0,79,0.23299819999738247,True
E1,er_d8_n500,17,500,2034,rl,1.0,84,0.1820300999970641,True
E1,er_d8_n500,17,500,2034,rl_rr,1.0,84,0.18250749999424443,True
E1,er_d8_n500,17,500,2034,rl_rr_ls,1.0,79,0.27135119999366,True
E1,er_d8_n500,18,500,1939,greedy,,93,0.0010727000008046161,True
E1,er_d8_n500,18,500,1939,greedy_rr,,90,0.0013298000012582634,True
E1,er_d8_n500,18,500,1939,greedy_rr_ls,,82,0.15478509999957168,True
E1,er_d8_n500,18,500,1939,rl,0.0,85,0.2006175999995321,True
E1,er_d8_n500,18,500,1939,rl_rr,0.0,85,0.2011687999984133,True
E1,er_d8_n500,18,500,1939,rl_rr_ls,0.0,83,0.21409919999859994,True
E1,er_d8_n500,18,500,1939,rl,1.0,84,0.1793158999971638,True
E1,er_d8_n500,18,500,1939,rl_rr,1.0,83,0.17982819999815547,True
E1,er_d8_n500,18,500,1939,rl_rr_ls,1.0,81,0.307620899995527,True
E1,er_d8_n500,19,500,1969,greedy,,87,0.0010905000017373823,True
E1,er_d8_n500,19,500,1969,greedy_rr,,87,0.0012413000004016794,True
E1,er_d8_n500,19,500,1969,greedy_rr_ls,,82,0.2288153000008606,True
E1,er_d8_n500,19,500,1969,rl,0.0,85,0.18694489999688813,True
E1,er_d8_n500,19,500,1969,rl_rr,0.0,85,0.1874443999986397,True
E1,er_d8_n500,19,500,1969,rl_rr_ls,0.0,84,0.44957249999788473,True
E1,er_d8_n500,19,500,1969,rl,1.0,84,0.17793800000072224,True
E1,er_d8_n500,19,500,1969,rl_rr,1.0,84,0.17850490000273567,True
E1,er_d8_n500,19,500,1969,rl_rr_ls,1.0,82,0.34139970000251196,True
E1,ba_m4_n20,0,20,64,greedy,,3,0.00012069999866071157,True
E1,ba_m4_n20,0,20,64,greedy_rr,,3,0.00010580000162008218,True
E1,ba_m4_n20,0,20,64,greedy_rr_ls,,3,0.000501900001836475,True
E1,ba_m4_n20,0,20,64,rl,0.0,3,0.013275299999804702,True
E1,ba_m4_n20,0,20,64,rl_rr,0.0,3,0.013384100002440391,True
E1,ba_m4_n20,0,20,64,rl_rr_ls,0.0,3,0.013829300001816591,True
E1,ba_m4_n20,0,20,64,rl,1.0,3,0.011107799997262191,True
E1,ba_m4_n20,0,20,64,rl_rr,1.0,3,0.011189499997271923,True
E1,ba_m4_n20,0,20,64,rl_rr_ls,1.0,3,0.01160399999571382,True
E1,ba_m4_n20,1,20,64,greedy,,3,6.0200000007171184e-05,True
E1,ba_m4_n20,1,20,64,greedy_rr,,3,8.479999814881012e-05,True
E1,ba_m4_n20,1,20,64,greedy_rr_ls,,3,0.0003772999989450909,True
E1,ba_m4_n20,1,20,64,rl,0.0,3,0.008161699999618577,True
E1,ba_m4_n20,1,20,64,rl_rr,0.0,3,0.00828929999988759,True
E1,ba_m4_n20,1,20,64,rl_rr_ls,0.0,3,0.008861700000124983,True
E1,ba_m4_n20,1,20,64,rl,1.0,3,0.009160500001598848,True
E1,ba_m4_n20,1,20,64,rl_rr,1.0,3,0.009282100003474625,True
E1,ba_m4_n20,1,20,64,rl_rr_ls,1.0,3,0.009595000003173482,True
E1,ba_m4_n20,2,20,64,greedy,,3,5.4699998145224527e-05,True
E1,ba_m4_n20,2,20,64,greedy_rr,,3,7.570000161649659e-05,True
E1,ba_m4_n20,2,20,64,greedy_rr_ls,,3,0.0003966000003856607,True
E1,ba_m4_n20,2,20,64,rl,0.0,3,0.006519100003060885,True
E1,ba_m4_n20,2,20,64,rl_rr,0.0,3,0.006583500002307119,True
E1,ba_m4_n20,2,20,64,rl_rr_ls,0.0,3,0.006971500002691755,True
E1,ba_m4_n20,2,20,64,rl,1.0,3,0.0067347000003792346,True
E1,ba_m4_n20,2,20,64,rl_rr,1.0,3,0.006803200001741061,True
E1,ba_m4_n20,2,20,64,rl_rr_ls,1.0,3,0.007032100002106745,True
E1,ba_m4_n20,3,20,64,greedy,,4,5.740000051446259e-05,True
E1,ba_m4_n20,3,20,64,greedy_rr,,4,8.829999933368526e-05,True
E1,ba_m4_n20,3,20,64,greedy_rr_ls,,4,0.0011982999967585783,True
E1,ba_m4_n20,3,20,64,rl,0.0,4,0.009567999997670995,True
E1,ba_m4_n20,3,20,64,rl_rr,0.0,4,0.009646199996495852,True
E1,ba_m4_n20,3,20,64,rl_rr_ls,0.0,4,0.010263199998007622,True
E1,ba_m4_n20,3,20,64,rl,1.0,4,0.00871990000086953,True
E1,ba_m4_n20,3,20,64,rl_rr,1.0,4,0.008798200000455836,True
E1,ba_m4_n20,3,20,64,rl_rr_ls,1.0,4,0.009529400002065813,True
E1,ba_m4_n20,4,20,64,greedy,,3,6.270000085351057e-05,True
E1,ba_m4_n20,4,20,64,greedy_rr,,3,9.229999704984948e-05,True
E1,ba_m4_n20,4,20,64,greedy_rr_ls,,3,0.00029070000164210796,True
E1,ba_m4_n20,4,20,64,rl,0.0,3,0.006824899999628542,True
E1,ba_m4_n20,4,20,64,rl_rr,0.0,3,0.006892699999298202,True
E1,ba_m4_n20,4,20,64,rl_rr_ls,0.0,3,0.007140299996535759,True
E1,ba_m4_n20,4,20,64,rl,1.0,3,0.008694699998159194,True
E1,ba_m4_n20,4,20,64,rl_rr,1.0,3,0.008823199998005293,True
E1,ba_m4_n20,4,20,64,rl_rr_ls,1.0,3,0.009191299999656621,True
E1,ba_m4_n20,5,20,64,greedy,,3,6.680000296910293e-05,True
E1,ba_m4_n20,5,20,64,greedy_rr,,3,7.950000144774094e-05,True
E1,ba_m4_n20,5,20,64,greedy_rr_ls,,3,0.00019420000171521679,True
E1,ba_m4_n20,5,20,64,rl,0.0,3,0.0056113999999070074,True
E1,ba_m4_n20,5,20,64,rl_rr,0.0,3,0.005692099999578204,True
E1,ba_m4_n20,5,20,64,rl_rr_ls,0.0,3,0.005887200000870507,True
E1,ba_m4_n20,5,20,64,rl,1.0,3,0.0053234000006341375,True
E1,ba_m4_n20,5,20,64,rl_rr,1.0,3,0.00538800000140327,True
E1,ba_m4_n20,5,20,64,rl_rr_ls,1.0,3,0.0055346000008285046,True
E1,ba_m4_n20,6,20,64,greedy,,3,8.630000229459256e-05,True
E1,ba_m4_n20,6,20,64,greedy_rr,,3,7.76999986555893e-05,True
E1,ba_m4_n20,6,20,64,greedy_rr_ls,,3,0.000189200000022538,True
E1,ba_m4_n20,6,20,64,rl,0.0,3,0.004730700002255617,True
E1,ba_m4_n20,6,20,64,rl_rr,0.0,3,0.004791700004716404,True
E1,ba_m4_n20,6,20,64,rl_rr_ls,0.0,3,0.00492800000574789,True
E1,ba_m4_n20,6,20,64,rl,1.0,3,0.005201600000873441,True
E1,ba_m4_n20,6,20,64,rl_rr,1.0,3,0.0052691000018967316,True
E1,ba_m4_n20,6,20,64,rl_rr_ls,1.0,3,0.00541249999878346,True
E1,ba_m4_n20,7,20,64,greedy,,3,5.3800002206116915e-05,True
E1,ba_m4_n20,7,20,64,greedy_rr,,3,8.090000119409524e-05,True
E1,ba_m4_n20,7,20,64,greedy_rr_ls,,3,0.00033689999690977857,True
E1,ba_m4_n20,7,20,64,rl,0.0,3,0.007612700002937345,True
E1,ba_m4_n20,7,20,64,rl_rr,0.0,3,0.007682600000407547,True
E1,ba_m4_n20,7,20,64,rl_rr_ls,0.0,3,0.007916200000181561,True
E1,ba_m4_n20,7,20,64,rl,1.0,3,0.006348999999318039,True
E1,ba_m4_n20,7,20,64,rl_rr,1.0,3,0.006411300000763731,True
E1,ba_m4_n20,7,20,64,rl_rr_ls,1.0,3,0.006632300002820557,True
E1,ba_m4_n20,8,20,64,greedy,,3,5.239999882178381e-05,True
E1,ba_m4_n20,8,20,64,greedy_rr,,3,7.859999823267572e-05,True
E1,ba_m4_n20,8,20,64,greedy_rr_ls,,3,0.00019420000171521679,True
E1,ba_m4_n20,8,20,64,rl,0.0,3,0.008130599999276455,True
E1,ba_m4_n20,8,20,64,rl_rr,0.0,3,0.008200500000384636,True
E1,ba_m4_n20,8,20,64,rl_rr_ls,0.0,3,0.008353999997780193,True
E1,ba_m4_n20,8,20,64,rl,1.0,3,0.006135299998277333,True
E1,ba_m4_n20,8,20,64,rl_rr,1.0,3,0.006191199998283992,True
E1,ba_m4_n20,8,20,64,rl_rr_ls,1.0,3,0.006327499999315478,True
E1,ba_m4_n20,9,20,64,greedy,,4,5.3800002206116915e-05,True
E1,ba_m4_n20,9,20,64,greedy_rr,,4,8.149999848683365e-05,True
E1,ba_m4_n20,9,20,64,greedy_rr_ls,,4,0.0007198999992397148,True
E1,ba_m4_n20,9,20,64,rl,0.0,4,0.008104799999273382,True
E1,ba_m4_n20,9,20,64,rl_rr,0.0,4,0.008166100000380538,True
E1,ba_m4_n20,9,20,64,rl_rr_ls,0.0,4,0.008598500000516651,True
E1,ba_m4_n20,9,20,64,rl,1.0,4,0.007885699997132178,True
E1,ba_m4_n20,9,20,64,rl_rr,1.0,4,0.00794799999857787,True
E1,ba_m4_n20,9,20,64,rl_rr_ls,1.0,4,0.008384399996430147,True
E1,ba_m4_n20,10,20,64,greedy,,3,5.2200000936863944e-05,True
E1,ba_m4_n20,10,20,64,greedy_rr,,3,7.550000009359792e-05,True
E1,ba_m4_n20,10,20,64,greedy_rr_ls,,3,0.00025769999774638563,True
E1,ba_m4_n20,10,20,64,rl,0.0,4,0.008115200002066558,True
E1,ba_m4_n20,10,20,64,rl_rr,0.0,3,0.00817789999928209,True
E1,ba_m4_n20,10,20,64,rl_rr_ls,0.0,3,0.008389399998122826,True
E1,ba_m4_n20,10,20,64,rl,1.0,3,0.006567000000359258,True
E1,ba_m4_n20,10,20,64,rl_rr,1.0,3,0.006638400001975242,True
E1,ba_m4_n20,10,20,64,rl_rr_ls,1.0,3,0.006865800001833122,True
E1,ba_m4_n20,11,20,64,greedy,,3,5.700000110664405e-05,True
E1,ba_m4_n20,11,20,64,greedy_rr,,3,9.780000254977494e-05,True
E1,ba_m4_n20,11,20,64,greedy_rr_ls,,3,0.00024680000205989927,True
E1,ba_m4_n20,11,20,64,rl,0.0,3,0.00740600000062841,True
E1,ba_m4_n20,11,20,64,rl_rr,0.0,3,0.007488100000045961,True
E1,ba_m4_n20,11,20,64,rl_rr_ls,0.0,3,0.0076449000007414725,True
E1,ba_m4_n20,11,20,64,rl,1.0,3,0.008958400001574773,True
E1,ba_m4_n20,11,20,64,rl_rr,1.0,3,0.009030299999722047,True
E1,ba_m4_n20,11,20,64,rl_rr_ls,1.0,3,0.009187100000417558,True
E1,ba_m4_n20,12,20,64,greedy,,2,5.279999822960235e-05,True
E1,ba_m4_n20,12,20,64,greedy_rr,,2,7.509999704780057e-05,True
E1,ba_m4_n20,12,20,64,greedy_rr_ls,,2,0.00017980000120587647,True
E1,ba_m4_n20,12,20,64,rl,0.0,2,0.004639599999791244,True
E1,ba_m4_n20,12,20,64,rl_rr,0.0,2,0.004702300000644755,True
E1,ba_m4_n20,12,20,64,rl_rr_ls,0.0,2,0.004839900000661146,True
E1,ba_m4_n20,12,20,64,rl,1.0,2,0.005752600001869723,True
E1,ba_m4_n20,12,20,64,rl_rr,1.0,2,0.005824800002301345,True
E1,ba_m4_n20,12,20,64,rl_rr_ls,1.0,2,0.005970800000795862,True
E1,ba_m4_n20,13,20,64,greedy,,3,5.6000000768108293e-05,True
E1,ba_m4_n20,13,20,64,greedy_rr,,3,7.790000017848797e-05,True
E1,ba_m4_n20,13,20,64,greedy_rr_ls,,3,0.00019099999917671084,True
E1,ba_m4_n20,13,20,64,rl,0.0,3,0.006198800001584459,True
E1,ba_m4_n20,13,20,64,rl_rr,0.0,3,0.006253700001252582,True
E1,ba_m4_n20,13,20,64,rl_rr_ls,0.0,3,0.0063868000033835415,True
E1,ba_m4_n20,13,20,64,rl,1.0,3,0.006961600000067847,True
E1,ba_m4_n20,13,20,64,rl_rr,1.0,3,0.00702369999999064,True
E1,ba_m4_n20,13,20,64,rl_rr_ls,1.0,3,0.0071959999986574985,True
E1,ba_m4_n20,14,20,64,greedy,,2,6.489999941550195e-05,True
E1,ba_m4_n20,14,20,64,greedy_rr,,2,7.650000043213367e-05,True
E1,ba_m4_n20,14,20,64,greedy_rr_ls,,2,0.00017940000179805793,True
E1,ba_m4_n20,14,20,64,rl,0.0,2,0.0024956999986898154,True
E1,ba_m4_n20,14,20,64,rl_rr,0.0,2,0.0025543000010657124,True
E1,ba_m4_n20,14,20,64,rl_rr_ls,0.0,2,0.0026901999990514014,True
E1,ba_m4_n20,14,20,64,rl,1.0,2,0.0023676999990129843,True
E1,ba_m4_n20,14,20,64,rl_rr,1.0,2,0.0024254999989352655,True
E1,ba_m4_n20,14,20,64,rl_rr_ls,1.0,2,0.0025531999999657273,True
E1,ba_m4_n20,15,20,64,greedy,,3,5.189999865251593e-05,True
E1,ba_m4_n20,15,20,64,greedy_rr,,3,8.639999941806309e-05,True
E1,ba_m4_n20,15,20,64,greedy_rr_ls,,3,0.00044919999709236436,True
E1,ba_m4_n20,15,20,64,rl,0.0,3,0.004928299997118302,True
E1,ba_m4_n20,15,20,64,rl_rr,0.0,3,0.005029099997045705,True
E1,ba_m4_n20,15,20,64,rl_rr_ls,0.0,3,0.005766599995695287,True
E1,ba_m4_n20,15,20,64,rl,1.0,3,0.005591500001173699,True
E1,ba_m4_n20,15,20,64,rl_rr,1.0,3,0.005655900000419933,True
E1,ba_m4_n20,15,20,64,rl_rr_ls,1.0,3,0.006074799999623792,True
E1,ba_m4_n20,16,20,64,greedy,,3,5.450000026030466e-05,True
E1,ba_m4_n20,16,20,64,greedy_rr,,3,7.750000077066943e-05,True
E1,ba_m4_n20,16,20,64,greedy_rr_ls,,3,0.00034640000012586825,True
E1,ba_m4_n20,16,20,64,rl,0.0,3,0.006789999999455176,True
E1,ba_m4_n20,16,20,64,rl_rr,0.0,3,0.006856699998024851,True
E1,ba_m4_n20,16,20,64,rl_rr_ls,0.0,3,0.007161399997130502,True
E1,ba_m4_n20,16,20,64,rl,1.0,3,0.006200100000569364,True
E1,ba_m4_n20,16,20,64,rl_rr,1.0,3,0.006262900002184324,True
E1,ba_m4_n20,16,20,64,rl_rr_ls,1.0,3,0.006479900002887007,True
E1,ba_m4_n20,17,20,64,greedy,,3,5.15000028826762e-05,True
E1,ba_m4_n20,17,20,64,greedy_rr,,3,7.859999823267572e-05,True
E1,ba_m4_n20,17,20,64,greedy_rr_ls,,3,0.00033819999953266233,True
E1,ba_m4_n20,17,20,64,rl,0.0,3,0.0059412999980850145,True
E1,ba_m4_n20,17,20,64,rl_rr,0.0,3,0.005999099998007296,True
E1,ba_m4_n20,17,20,64,rl_rr_ls,0.0,3,0.006277699998463504,True
E1,ba_m4_n20,17,20,64,rl,1.0,3,0.007290199999260949,True
E1,ba_m4_n20,17,20,64,rl_rr,1.0,3,0.0073570999993535224,True
E1,ba_m4_n20,17,20,64,rl_rr_ls,1.0,3,0.007729000000836095,True
E1,ba_m4_n20,18,20,64,greedy,,3,5.579999924520962e-05,True
E1,ba_m4_n20,18,20,64,greedy_rr,,3,8.090000119409524e-05,True
E1,ba_m4_n20,18,20,64,greedy_rr_ls,,3,0.0005187999995541759,True
E1,ba_m4_n20,18,20,64,rl,0.0,3,0.00602939999953378,True
E1,ba_m4_n20,18,20,64,rl_rr,0.0,3,0.006088000001909677,True
E1,ba_m4_n20,18,20,64,rl_rr_ls,0.0,3,0.006538500001624925,True
E1,ba_m4_n20,18,20,64,rl,1.0,3,0.006780600000638515,True
E1,ba_m4_n20,18,20,64,rl_rr,1.0,3,0.006854999999632128,True
E1,ba_m4_n20,18,20,64,rl_rr_ls,1.0,3,0.007321799999772338,True
E1,ba_m4_n20,19,20,64,greedy,,3,5.360000068321824e-05,True
E1,ba_m4_n20,19,20,64,greedy_rr,,3,7.620000178576447e-05,True
E1,ba_m4_n20,19,20,64,greedy_rr_ls,,3,0.00025779999850783497,True
E1,ba_m4_n20,19,20,64,rl,0.0,3,0.006160500000987668,True
E1,ba_m4_n20,19,20,64,rl_rr,0.0,3,0.006223799999133917,True
E1,ba_m4_n20,19,20,64,rl_rr_ls,0.0,3,0.0065035999978135806,True
E1,ba_m4_n20,19,20,64,rl,1.0,3,0.008439300003374228,True
E1,ba_m4_n20,19,20,64,rl_rr,1.0,3,0.00852370000211522,True
E1,ba_m4_n20,19,20,64,rl_rr_ls,1.0,3,0.008766499999182997,True
E1,ba_m4_n50,0,50,184,greedy,,6,0.0001343000003544148,True
E1,ba_m4_n50,0,50,184,greedy_rr,,6,0.00013210000179242343,True
E1,ba_m4_n50,0,50,184,greedy_rr_ls,,6,0.0011257000005571172,True
E1,ba_m4_n50,0,50,184,rl,0.0,6,0.01420960000177729,True
E1,ba_m4_n50,0,50,184,rl_rr,0.0,6,0.01430360000449582,True
E1,ba_m4_n50,0,50,184,rl_rr_ls,0.0,6,0.015357600004790584,True
E1,ba_m4_n50,0,50,184,rl,1.0,6,0.013108499999361811,True
E1,ba_m4_n50,0,50,184,rl_rr,1.0,6,0.01319599999987986,True
E1,ba_m4_n50,0,50,184,rl_rr_ls,1.0,6,0.014448199999606004,True
E1,ba_m4_n50,1,50,184,greedy,,7,0.00010689999908208847,True
E1,ba_m4_n50,1,50,184,greedy_rr,,6,0.00013270000272314064,True
E1,ba_m4_n50,1,50,184,greedy_rr_ls,,6,0.0012332000005699228,True
E1,ba_m4_n50,1,50,184,rl,0.0,6,0.010504499998205574,True
E1,ba_m4_n50,1,50,184,rl_rr,0.0,6,0.010612800000671996,True
E1,ba_m4_n50,1,50,184,rl_rr_ls,0.0,6,0.011748100001568673,True
E1,ba_m4_n50,1,50,184,rl,1.0,6,0.010681699997803662,True
E1,ba_m4_n50,1,50,184,rl_rr,1.0,6,0.01076679999823682,True
E1,ba_m4_n50,1,50,184,rl_rr_ls,1.0,6,0.011864299998705974,True
E1,ba_m4_n50,2,50,184,greedy,,6,8.759999764151871e-05,True
E1,ba_m4_n50,2,50,184,greedy_rr,,6,0.0001239000011992175,True
E1,ba_m4_n50,2,50,184,greedy_rr_ls,,5,0.001460600000427803,True
E1,ba_m4_n50,2,50,184,rl,0.0,5,0.010368299997935537,True
E1,ba_m4_n50,2,50,184,rl_rr,0.0,5,0.01044999999794527,True
E1,ba_m4_n50,2,50,184,rl_rr_ls,0.0,5,0.010780500000691973,True
E1,ba_m4_n50,2,50,184,rl,1.0,6,0.011931900000490714,True
E1,ba_m4_n50,2,50,184,rl_rr,1.0,6,0.01201740000033169,True
E1,ba_m4_n50,2,50,184,rl_rr_ls,1.0,5,0.013750400001299568,True
E1,ba_m4_n50,3,50,184,greedy,,5,0.00010429999747429974,True
E1,ba_m4_n50,3,50,184,greedy_rr,,5,0.00012799999967683107,True
E1,ba_m4_n50,3,50,184,greedy_rr_ls,,5,0.00042690000191214494,True
E1,ba_m4_n50,3,50,184,rl,0.0,5,0.011039799999707611,True
E1,ba_m4_n50,3,50,184,rl_rr,0.0,5,0.011196700001164572,True
E1,ba_m4_n50,3,50,184,rl_rr_ls,0.0,5,0.011563500000193017,True
E1,ba_m4_n50,3,50,184,rl,1.0,5,0.012161499998910585,True
E1,ba_m4_n50,3,50,184,rl_rr,1.0,5,0.012251500000274973,True
E1,ba_m4_n50,3,50,184,rl_rr_ls,1.0,5,0.012595000000146683,True
E1,ba_m4_n50,4,50,184,greedy,,8,0.00010770000153570436,True
E1,ba_m4_n50,4,50,184,greedy_rr,,8,0.0001331999992544297,True
E1,ba_m4_n50,4,50,184,greedy_rr_ls,,7,0.0008200000011129305,True
E1,ba_m4_n50,4,50,184,rl,0.0,7,0.015142100000957726,True
E1,ba_m4_n50,4,50,184,rl_rr,0.0,7,0.01525730000139447,True
E1,ba_m4_n50,4,50,184,rl_rr_ls,0.0,7,0.01667470000393223,True
E1,ba_m4_n50,4,50,184,rl,1.0,7,0.015296699999453267,True
E1,ba_m4_n50,4,50,184,rl_rr,1.0,7,0.01539039999624947,True
E1,ba_m4_n50,4,50,184,rl_rr_ls,1.0,7,0.017896299996209564,True
E1,ba_m4_n50,5,50,184,greedy,,7,0.00011280000035185367,True
E1,ba_m4_n50,5,50,184,greedy_rr,,7,0.00014630000077886507,True
E1,ba_m4_n50,5,50,184,greedy_rr_ls,,7,0.0009476999985054135,True
E1,ba_m4_n50,5,50,184,rl,0.0,7,0.014738500001840293,True
E1,ba_m4_n50,5,50,184,rl_rr,0.0,7,0.014830300002358854,True
E1,ba_m4_n50,5,50,184,rl_rr_ls,0.0,7,0.015412800003105076,True
E1,ba_m4_n50,5,50,184,rl,1.0,8,0.01621279999744729,True
E1,ba_m4_n50,5,50,184,rl_rr,1.0,8,0.016327900000760565,True
E1,ba_m4_n50,5,50,184,rl_rr_ls,1.0,7,0.01680839999971795,True
E1,ba_m4_n50,6,50,184,greedy,,7,0.00011280000035185367,True
E1,ba_m4_n50,6,50,184,greedy_rr,,7,0.0001385000032314565,True
E1,ba_m4_n50,6,50,184,greedy_rr_ls,,7,0.0019098999982816167,True
E1,ba_m4_n50,6,50,184,rl,0.0,7,0.012651900000491878,True
E1,ba_m4_n50,6,50,184,rl_rr,0.0,7,0.012744200001179706,True
E1,ba_m4_n50,6,50,184,rl_rr_ls,0.0,7,0.014046200001757825,True
E1,ba_m4_n50,6,50,184,rl,1.0,7,0.013456699998641852,True
E1,ba_m4_n50,6,50,184,rl_rr,1.0,7,0.013548599996283883,True
E1,ba_m4_n50,6,50,184,rl_rr_ls,1.0,7,0.014895599997544196,True
E1,ba_m4_n50,7,50,184,greedy,,8,9.819999831961468e-05,True
E1,ba_m4_n50,7,50,184,greedy_rr,,8,0.0001337000030616764,True
E1,ba_m4_n50,7,50,184,greedy_rr_ls,,7,0.0013730999999097548,True
E1,ba_m4_n50,7,50,184,rl,0.0,7,0.019929999998566927,True
E1,ba_m4_n50,7,50,184,rl_rr,0.0,7,0.020058099999005208,True
E1,ba_m4_n50,7,50,184,rl_rr_ls,0.0,7,0.02045429999634507,True
E1,ba_m4_n50,7,50,184,rl,1.0,8,0.018687499999941792,True
E1,ba_m4_n50,7,50,184,rl_rr,1.0,8,0.01878479999868432,True
E1,ba_m4_n50,7,50,184,rl_rr_ls,1.0,7,0.019318700000440003,True
E1,ba_m4_n50,8,50,184,greedy,,7,9.299999874201603e-05,True
E1,ba_m4_n50,8,50,184,greedy_rr,,7,0.0001266999970539473,True
E1,ba_m4_n50,8,50,184,greedy_rr_ls,,6,0.0013021000013395678,True
E1,ba_m4_n50,8,50,184,rl,0.0,7,0.015221800000290386,True
E1,ba_m4_n50,8,50,184,rl_rr,0.0,7,0.01531529999920167,True
E1,ba_m4_n50,8,50,184,rl_rr_ls,0.0,6,0.016920400001254166,True
E1,ba_m4_n50,8,50,184,rl,1.0,6,0.013296899996930733,True
E1,ba_m4_n50,8,50,184,rl_rr,1.0,6,0.01338719999694149,True
E1,ba_m4_n50,8,50,184,rl_rr_ls,1.0,6,0.014762899998459034,True
E1,ba_m4_n50,9,50,184,greedy,,7,0.00010800000018207356,True
E1,ba_m4_n50,9,50,184,greedy_rr,,7,0.00013799999942420982,True
E1,ba_m4_n50,9,50,184,greedy_rr_ls,,7,0.001457700000173645,True
E1,ba_m4_n50,9,50,184,rl,0.0,7,0.015066500000102678,True
E1,ba_m4_n50,9,50,184,rl_rr,0.0,7,0.01516040000205976,True
E1,ba_m4_n50,9,50,184,rl_rr_ls,0.0,7,0.016537500003323657,True
E1,ba_m4_n50,9,50,184,rl,1.0,7,0.015502700000070035,True
E1,ba_m4_n50,9,50,184,rl_rr,1.0,7,0.015598000001773471,True
E1,ba_m4_n50,9,50,184,rl_rr_ls,1.0,7,0.01837800000066636,True
E1,ba_m4_n50,10,50,184,greedy,,7,0.0001281000004382804,True
E1,ba_m4_n50,10,50,184,greedy_rr,,7,0.00013770000077784061,True
E1,ba_m4_n50,10,50,184,greedy_rr_ls,,7,0.002666799999133218,True
E1,ba_m4_n50,10,50,184,rl,0.0,7,0.015874900000198977,True
E1,ba_m4_n50,10,50,184,rl_rr,0.0,7,0.015969399999448797,True
E1,ba_m4_n50,10,50,184,rl_rr_ls,0.0,7,0.024681999999302207,True
E1,ba_m4_n50,10,50,184,rl,1.0,7,0.017351700000290293,True
E1,ba_m4_n50,10,50,184,rl_rr,1.0,7,0.01744659999894793,True
E1,ba_m4_n50,10,50,184,rl_rr_ls,1.0,7,0.019298300001537427,True
E1,ba_m4_n50,11,50,184,greedy,,7,0.00016490000052726828,True
E1,ba_m4_n50,11,50,184,greedy_rr,,7,0.00016429999959655106,True
E1,ba_m4_n50,11,50,184,greedy_rr_ls,,7,0.0053402999983518384,True
E1,ba_m4_n50,11,50,184,rl,0.0,7,0.015190900001471164,True
E1,ba_m4_n50,11,50,184,rl_rr,0.0,7,0.015293800002837088,True
E1,ba_m4_n50,11,50,184,rl_rr_ls,0.0,7,0.01670130000275094,True
E1,ba_m4_n50,11,50,184,rl,1.0,7,0.017310700000962242,True
E1,ba_m4_n50,11,50,184,rl_rr,1.0,7,0.017409299998689676,True
E1,ba_m4_n50,11,50,184,rl_rr_ls,1.0,7,0.02242330000080983,True
E1,ba_m4_n50,12,50,184,greedy,,6,0.00014560000272467732,True
E1,ba_m4_n50,12,50,184,greedy_rr,,6,0.00013519999993150122,True
E1,ba_m4_n50,12,50,184,greedy_rr_ls,,6,0.0026587000029394403,True
E1,ba_m4_n50,12,50,184,rl,0.0,5,0.012509500000305707,True
E1,ba_m4_n50,12,50,184,rl_rr,0.0,5,0.012602500002685701,True
E1,ba_m4_n50,12,50,184,rl_rr_ls,0.0,5,0.01296320000255946,True
E1,ba_m4_n50,12,50,184,rl,1.0,5,0.013490299999830313,True
E1,ba_m4_n50,12,50,184,rl_rr,1.0,5,0.013580099999671802,True
E1,ba_m4_n50,12,50,184,rl_rr_ls,1.0,5,0.01393860000098357,True
E1,ba_m4_n50,13,50,184,greedy,,6,9.340000178781338e-05,True
E1,ba_m4_n50,13,50,184,greedy_rr,,6,0.00012799999967683107,True
E1,ba_m4_n50,13,50,184,greedy_rr_ls,,6,0.0004769000006490387,True
E1,ba_m4_n50,13,50,184,rl,0.0,6,0.013433600001008017,True
E1,ba_m4_n50,13,50,184,rl_rr,0.0,6,0.013584300002548844,True
E1,ba_m4_n50,13,50,184,rl_rr_ls,0.0,6,0.014044300001842203,True
E1,ba_m4_n50,13,50,184,rl,1.0,6,0.014374800000950927,True
E1,ba_m4_n50,13,50,184,rl_rr,1.0,6,0.014508000000205357,True
E1,ba_m4_n50,13,50,184,rl_rr_ls,1.0,6,0.015080900000612019,True
E1,ba_m4_n50,14,50,184,greedy,,7,0.00016829999731271528,True
E1,ba_m4_n50,14,50,184,greedy_rr,,7,0.00015360000179498456,True
E1,ba_m4_n50,14,50,184,greedy_rr_ls,,7,0.002814399998896988,True
E1,ba_m4_n50,14,50,184,rl,0.0,7,0.018249200002173893,True
E1,ba_m4_n50,14,50,184,rl_rr,0.0,7,0.018394600003375672,True
E1,ba_m4_n50,14,50,184,rl_rr_ls,0.0,7,0.020515300002443837,True
E1,ba_m4_n50,14,50,184,rl,1.0,7,0.01530550000097719,True
E1,ba_m4_n50,14,50,184,rl_rr,1.0,7,0.015403700002934784,True
E1,ba_m4_n50,14,50,184,rl_rr_ls,1.0,7,0.017876600002637133,True
E1,ba_m4_n50,15,50,184,greedy,,6,0.00010600000314298086,True
E1,ba_m4_n50,15,50,184,greedy_rr,,6,0.0001522999991721008,True
E1,ba_m4_n50,15,50,184,greedy_rr_ls,,6,0.017282900000282098,True
E1,ba_m4_n50,15,50,184,rl,0.0,6,0.015607299999828683,True
E1,ba_m4_n50,15,50,184,rl_rr,0.0,6,0.01575579999916954,True
E1,ba_m4_n50,15,50,184,rl_rr_ls,0.0,6,0.021073199997772463,True
E1,ba_m4_n50,15,50,184,rl,1.0,6,0.015241699999023695,True
E1,ba_m4_n50,15,50,184,rl_rr,1.0,6,0.015360099998360965,True
E1,ba_m4_n50,15,50,184,rl_rr_ls,1.0,6,0.01777089999814052,True
E1,ba_m4_n50,16,50,184,greedy,,6,0.00012150000111432746,True
E1,ba_m4_n50,16,50,184,greedy_rr,,6,0.00013760000001639128,True
E1,ba_m4_n50,16,50,184,greedy_rr_ls,,6,0.00112989999979618,True
E1,ba_m4_n50,16,50,184,rl,0.0,6,0.012436400000296999,True
E1,ba_m4_n50,16,50,184,rl_rr,0.0,6,0.01253300000098534,True
E1,ba_m4_n50,16,50,184,rl_rr_ls,0.0,6,0.012875299998995615,True
E1,ba_m4_n50,16,50,184,rl,1.0,6,0.013243499997770414,True
E1,ba_m4_n50,16,50,184,rl_rr,1.0,6,0.013331699999980628,True
E1,ba_m4_n50,16,50,184,rl_rr_ls,1.0,6,0.013666000002558576,True
E1,ba_m4_n50,17,50,184,greedy,,7,9.050000153365545e-05,True
E1,ba_m4_n50,17,50,184,greedy_rr,,7,0.00012570000035339035,True
E1,ba_m4_n50,17,50,184,greedy_rr_ls,,6,0.0013992999993206467,True
E1,ba_m4_n50,17,50,184,rl,0.0,6,0.012539699997432763,True
E1,ba_m4_n50,17,50,184,rl_rr,0.0,6,0.01264929999888409,True
E1,ba_m4_n50,17,50,184,rl_rr_ls,0.0,6,0.01397269999870332,True
E1,ba_m4_n50,17,50,184,rl,1.0,6,0.015424799999891547,True
E1,ba_m4_n50,17,50,184,rl_rr,1.0,6,0.015532699999312172,True
E1,ba_m4_n50,17,50,184,rl_rr_ls,1.0,6,0.016783099999884143,True
E1,ba_m4_n50,18,50,184,greedy,,6,0.0001033000007737428,True
E1,ba_m4_n50,18,50,184,greedy_rr,,6,0.00012790000255336054,True
E1,ba_m4_n50,18,50,184,greedy_rr_ls,,6,0.001368400000501424,True
E1,ba_m4_n50,18,50,184,rl,0.0,6,0.013831399999617133,True
E1,ba_m4_n50,18,50,184,rl_rr,0.0,6,0.01418310000008205,True
E1,ba_m4_n50,18,50,184,rl_rr_ls,0.0,6,0.01655659999960335,True
E1,ba_m4_n50,18,50,184,rl,1.0,6,0.015214300001389347,True
E1,ba_m4_n50,18,50,184,rl_rr,1.0,6,0.015313200001401128,True
E1,ba_m4_n50,18,50,184,rl_rr_ls,1.0,6,0.017769700003555045,True
E1,ba_m4_n50,19,50,184,greedy,,8,0.00012879999849246815,True
E1,ba_m4_n50,19,50,184,greedy_rr,,8,0.00014910000027157366,True
E1,ba_m4_n50,19,50,184,greedy_rr_ls,,7,0.00145400000110385,True
E1,ba_m4_n50,19,50,184,rl,0.0,7,0.01577739999993355,True
E1,ba_m4_n50,19,50,184,rl_rr,0.0,7,0.015889999998762505,True
E1,ba_m4_n50,19,50,184,rl_rr_ls,0.0,7,0.0162806999978784,True
E1,ba_m4_n50,19,50,184,rl,1.0,8,0.017078299999411684,True
E1,ba_m4_n50,19,50,184,rl_rr,1.0,8,0.017170200000691693,True
E1,ba_m4_n50,19,50,184,rl_rr_ls,1.0,7,0.021181000000069616,True
E1,ba_m4_n100,0,100,384,greedy,,14,0.00018450000061420724,True
E1,ba_m4_n100,0,100,384,greedy_rr,,14,0.00021949999791104347,True
E1,ba_m4_n100,0,100,384,greedy_rr_ls,,13,0.07590160000108881,True
E1,ba_m4_n100,0,100,384,rl,0.0,14,0.027234600001975195,True
E1,ba_m4_n100,0,100,384,rl_rr,0.0,14,0.027401600000303006,True
E1,ba_m4_n100,0,100,384,rl_rr_ls,0.0,13,0.032913300001382595,True
E1,ba_m4_n100,0,100,384,rl,1.0,14,0.028715500000544125,True
E1,ba_m4_n100,0,100,384,rl_rr,1.0,14,0.028889299999718787,True
E1,ba_m4_n100,0,100,384,rl_rr_ls,1.0,13,0.03638619999765069,True
E1,ba_m4_n100,1,100,384,greedy,,15,0.00016930000128922984,True
E1,ba_m4_n100,1,100,384,greedy_rr,,14,0.0002472000014677178,True
E1,ba_m4_n100,1,100,384,greedy_rr_ls,,13,0.004244199997629039,True
E1,ba_m4_n100,1,100,384,rl,0.0,14,0.03130280000186758,True
E1,ba_m4_n100,1,100,384,rl_rr,0.0,14,0.031449599999177735,True
E1,ba_m4_n100,1,100,384,rl_rr_ls,0.0,13,0.047713799998746254,True
E1,ba_m4_n100,1,100,384,rl,1.0,14,0.03017820000241045,True
E1,ba_m4_n100,1,100,384,rl_rr,1.0,14,0.030315100000734674,True
E1,ba_m4_n100,1,100,384,rl_rr_ls,1.0,13,0.04276890000255662,True
E1,ba_m4_n100,2,100,384,greedy,,13,0.00023549999968963675,True
E1,ba_m4_n100,2,100,384,greedy_rr,,13,0.0002677000011317432,True
E1,ba_m4_n100,2,100,384,greedy_rr_ls,,12,0.0020813000010093674,True
E1,ba_m4_n100,2,100,384,rl,0.0,13,0.026309900000342168,True
E1,ba_m4_n100,2,100,384,rl_rr,0.0,13,0.0264428999980737,True
E1,ba_m4_n100,2,100,384,rl_rr_ls,0.0,12,0.037965299998177215,True
E1,ba_m4_n100,2,100,384,rl,1.0,13,0.0297037000018463,True
E1,ba_m4_n100,2,100,384,rl_rr,1.0,13,0.029837700003554346,True
E1,ba_m4_n100,2,100,384,rl_rr_ls,1.0,12,0.03319670000564656,True
E1,ba_m4_n100,3,100,384,greedy,,13,0.00017440000010537915,True
E1,ba_m4_n100,3,100,384,greedy_rr,,13,0.00022280000121099874,True
E1,ba_m4_n100,3,100,384,greedy_rr_ls,,12,0.026490000000194414,True
E1,ba_m4_n100,3,100,384,rl,0.0,13,0.026335000002291054,True
E1,ba_m4_n100,3,100,384,rl_rr,0.0,13,0.026470700002391823,True
E1,ba_m4_n100,3,100,384,rl_rr_ls,0.0,13,0.03234150000207592,True
E1,ba_m4_n100,3,100,384,rl,1.0,14,0.03200909999941359,True
E1,ba_m4_n100,3,100,384,rl_rr,1.0,14,0.032173399999010144,True
E1,ba_m4_n100,3,100,384,rl_rr_ls,1.0,12,0.036496599997917656,True
E1,ba_m4_n100,4,100,384,greedy,,13,0.0002243999988422729,True
E1,ba_m4_n100,4,100,384,greedy_rr,,13,0.0002734000008786097,True
E1,ba_m4_n100,4,100,384,greedy_rr_ls,,13,0.031829100000322796,True
E1,ba_m4_n100,4,100,384,rl,0.0,13,0.02685879999989993,True
E1,ba_m4_n100,4,100,384,rl_rr,0.0,13,0.026992499999323627,True
E1,ba_m4_n100,4,100,384,rl_rr_ls,0.0,12,0.05155110000123386,True
E1,ba_m4_n100,4,100,384,rl,1.0,13,0.027997200002573663,True
E1,ba_m4_n100,4,100,384,rl_rr,1.0,13,0.028129700000135927,True
E1,ba_m4_n100,4,100,384,rl_rr_ls,1.0,12,0.09005229999820585,True
E1,ba_m4_n100,5,100,384,greedy,,15,0.00031089999902178533,True
E1,ba_m4_n100,5,100,384,greedy_rr,,15,0.00024760000087553635,True
E1,ba_m4_n100,5,100,384,greedy_rr_ls,,13,0.005096100001537707,True
E1,ba_m4_n100,5,100,384,rl,0.0,14,0.03164979999928619,True
E1,ba_m4_n100,5,100,384,rl_rr,0.0,14,0.03184980000150972,True
E1,ba_m4_n100,5,100,384,rl_rr_ls,0.0,13,0.05408700000043609,True
E1,ba_m4_n100,5,100,384,rl,1.0,14,0.028322800000751158,True
E1,ba_m4_n100,5,100,384,rl_rr,1.0,14,0.028463900001952425,True
E1,ba_m4_n100,5,100,384,rl_rr_ls,1.0,13,0.03399320000244188,True
E1,ba_m4_n100,6,100,384,greedy,,13,0.0002544999988458585,True
E1,ba_m4_n100,6,100,384,greedy_rr,,13,0.00022739999985788018,True
E1,ba_m4_n100,6,100,384,greedy_rr_ls,,12,0.007224799999676179,True
E1,ba_m4_n100,6,100,384,rl,0.0,12,0.024341399999684654,True
E1,ba_m4_n100,6,100,384,rl_rr,0.0,12,0.02447279999978491,True
E1,ba_m4_n100,6,100,384,rl_rr_ls,0.0,12,0.031014500000310363,True
E1,ba_m4_n100,6,100,384,rl,1.0,12,0.0279787999970722,True
E1,ba_m4_n100,6,100,384,rl_rr,1.0,12,0.028159599998616613,True
E1,ba_m4_n100,6,100,384,rl_rr_ls,1.0,12,0.031970099997124635,True
E1,ba_m4_n100,7,100,384,greedy,,13,0.00021149999884073623,True
E1,ba_m4_n100,7,100,384,greedy_rr,,13,0.00022669999816571362,True
E1,ba_m4_n100,7,100,384,greedy_rr_ls,,12,0.00242430000071181,True
E1,ba_m4_n100,7,100,384,rl,0.0,13,0.028284599997277837,True
E1,ba_m4_n100,7,100,384,rl_rr,0.0,13,0.028430299997125985,True
E1,ba_m4_n100,7,100,384,rl_rr_ls,0.0,12,0.032966799997666385,True
E1,ba_m4_n100,7,100,384,rl,1.0,13,0.02781150000009802,True
E1,ba_m4_n100,7,100,384,rl_rr,1.0,13,0.02794720000019879,True
E1,ba_m4_n100,7,100,384,rl_rr_ls,1.0,12,0.02899920000345446,True
E1,ba_m4_n100,8,100,384,greedy,,13,0.00018459999773767777,True
E1,ba_m4_n100,8,100,384,greedy_rr,,13,0.00022489999901154079,True
E1,ba_m4_n100,8,100,384,greedy_rr_ls,,13,0.05091589999938151,True
E1,ba_m4_n100,8,100,384,rl,0.0,13,0.02649369999926421,True
E1,ba_m4_n100,8,100,384,rl_rr,0.0,13,0.026623299996572314,True
E1,ba_m4_n100,8,100,384,rl_rr_ls,0.0,13,0.1000192999963474,True
E1,ba_m4_n100,8,100,384,rl,1.0,13,0.029155899999750545,True
E1,ba_m4_n100,8,100,384,rl_rr,1.0,13,0.029291299997566966,True
E1,ba_m4_n100,8,100,384,rl_rr_ls,1.0,12,0.03587169999809703,True
E1,ba_m4_n100,9,100,384,greedy,,12,0.0001871999993454665,True
E1,ba_m4_n100,9,100,384,greedy_rr,,12,0.0002916000012191944,True
E1,ba_m4_n100,9,100,384,greedy_rr_ls,,12,0.046684900000400376,True
E1,ba_m4_n100,9,100,384,rl,0.0,12,0.030851300001813797,True
E1,ba_m4_n100,9,100,384,rl_rr,0.0,12,0.031023700001242105,True
E1,ba_m4_n100,9,100,384,rl_rr_ls,0.0,12,0.043418400004156865,True
E1,ba_m4_n100,9,100,384,rl,1.0,12,0.02776140000059968,True
E1,ba_m4_n100,9,100,384,rl_rr,1.0,12,0.027948099999775877,True
E1,ba_m4_n100,9,100,384,rl_rr_ls,1.0,12,0.04828169999746024,True
E1,ba_m4_n100,10,100,384,greedy,,13,0.00020709999807877466,True
E1,ba_m4_n100,10,100,384,greedy_rr,,13,0.00024299999859067611,True
E1,ba_m4_n100,10,100,384,greedy_rr_ls,,13,0.008302199999889126,True
E1,ba_m4_n100,10,100,384,rl,0.0,13,0.03385010000056354,True
E1,ba_m4_n100,10,100,384,rl_rr,0.0,13,0.03402559999813093,True
E1,ba_m4_n100,10,100,384,rl_rr_ls,0.0,13,0.04038289999880362,True
E1,ba_m4_n100,10,100,384,rl,1.0,14,0.030402200001844903,True
E1,ba_m4_n100,10,100,384,rl_rr,1.0,14,0.03054139999949257,True
E1,ba_m4_n100,10,100,384,rl_rr_ls,1.0,13,0.037875800000620075,True
E1,ba_m4_n100,11,100,384,greedy,,13,0.00017409999782103114,True
E1,ba_m4_n100,11,100,384,greedy_rr,,13,0.00024249999842140824,True
E1,ba_m4_n100,11,100,384,greedy_rr_ls,,12,0.0020244000006641727,True
E1,ba_m4_n100,11,100,384,rl,0.0,13,0.027771599998231977,True
E1,ba_m4_n100,11,100,384,rl_rr,0.0,13,0.02790359999926295,True
E1,ba_m4_n100,11,100,384,rl_rr_ls,0.0,13,0.03431730000011157,True
E1,ba_m4_n100,11,100,384,rl,1.0,13,0.02578450000146404,True
E1,ba_m4_n100,11,100,384,rl_rr,1.0,13,0.025916000002325745,True
E1,ba_m4_n100,11,100,384,rl_rr_ls,1.0,12,0.027355400005035335,True
E1,ba_m4_n100,12,100,384,greedy,,15,0.0001759999977366533,True
E1,ba_m4_n100,12,100,384,greedy_rr,,15,0.00022899999748915434,True
E1,ba_m4_n100,12,100,384,greedy_rr_ls,,14,0.006376900000759633,True
E1,ba_m4_n100,12,100,384,rl,0.0,15,0.03147780000290368,True
E1,ba_m4_n100,12,100,384,rl_rr,0.0,14,0.031621000001905486,True
E1,ba_m4_n100,12,100,384,rl_rr_ls,0.0,14,0.03664770000250428,True
E1,ba_m4_n100,12,100,384,rl,1.0,15,0.033056100000976585,True
E1,ba_m4_n100,12,100,384,rl_rr,1.0,15,0.03323070000260486,True
E1,ba_m4_n100,12,100,384,rl_rr_ls,1.0,14,0.044323300004180055,True
E1,ba_m4_n100,13,100,384,greedy,,12,0.00017239999942830764,True
E1,ba_m4_n100,13,100,384,greedy_rr,,12,0.00021980000019539148,True
E1,ba_m4_n100,13,100,384,greedy_rr_ls,,12,0.001137600000220118,True
E1,ba_m4_n100,13,100,384,rl,0.0,12,0.027970799998001894,True
E1,ba_m4_n100,13,100,384,rl_rr,0.0,12,0.028152699997008312,True
E1,ba_m4_n100,13,100,384,rl_rr_ls,0.0,12,0.029114799996023066,True
E1,ba_m4_n100,13,100,384,rl,1.0,12,0.025886899999022717,True
E1,ba_m4_n100,13,100,384,rl_rr,1.0,12,0.0260147999979381,True
E1,ba_m4_n100,13,100,384,rl_rr_ls,1.0,12,0.026932900000247173,True
E1,ba_m4_n100,14,100,384,greedy,,14,0.0001669000012043398,True
E1,ba_m4_n100,14,100,384,greedy_rr,,13,0.00023720000172033906,True
E1,ba_m4_n100,14,100,384,greedy_rr_ls,,13,0.005141800000274088,True
E1,ba_m4_n100,14,100,384,rl,0.0,13,0.026915400001598755,True
E1,ba_m4_n100,14,100,384,rl_rr,0.0,13,0.02706420000322396,True
E1,ba_m4_n100,14,100,384,rl_rr_ls,0.0,13,0.03434470000502188,True
E1,ba_m4_n100,14,100,384,rl,1.0,13,0.032422500000393484,True
E1,ba_m4_n100,14,100,384,rl_rr,1.0,13,0.032620699999824865,True
E1,ba_m4_n100,14,100,384,rl_rr_ls,1.0,13,0.05727130000013858,True
E1,ba_m4_n100,15,100,384,greedy,,13,0.00021159999960218556,True
E1,ba_m4_n100,15,100,384,greedy_rr,,13,0.0002510999984224327,True
E1,ba_m4_n100,15,100,384,greedy_rr_ls,,12,0.005831499998748768,True
E1,ba_m4_n100,15,100,384,rl,0.0,13,0.033264099998632446,True
E1,ba_m4_n100,15,100,384,rl_rr,0.0,13,0.03364940000028582,True
E1,ba_m4_n100,15,100,384,rl_rr_ls,0.0,12,0.04235569999946165,True
E1,ba_m4_n100,15,100,384,rl,1.0,13,0.027713800001947675,True
E1,ba_m4_n100,15,100,384,rl_rr,1.0,13,0.027897800002392614,True
E1,ba_m4_n100,15,100,384,rl_rr_ls,1.0,12,0.041417500000534346,True
E1,ba_m4_n100,16,100,384,greedy,,12,0.00027349999800208025,True
E1,ba_m4_n100,16,100,384,greedy_rr,,12,0.00034950000190292485,True
E1,ba_m4_n100,16,100,384,greedy_rr_ls,,12,0.006349499999487307,True
E1,ba_m4_n100,16,100,384,rl,0.0,12,0.03168340000047465,True
E1,ba_m4_n100,16,100,384,rl_rr,0.0,12,0.031860700000834186,True
E1,ba_m4_n100,16,100,384,rl_rr_ls,0.0,12,0.03847529999984545,True
E1,ba_m4_n100,16,100,384,rl,1.0,12,0.02709099999992759,True
E1,ba_m4_n100,16,100,384,rl_rr,1.0,12,0.027264499996817904,True
E1,ba_m4_n100,16,100,384,rl_rr_ls,1.0,12,0.03396459999567014,True
E1,ba_m4_n100,17,100,384,greedy,,13,0.0002702000019780826,True
E1,ba_m4_n100,17,100,384,greedy_rr,,13,0.00028699999893433414,True
E1,ba_m4_n100,17,100,384,greedy_rr_ls,,13,0.005090300001029391,True
E1,ba_m4_n100,17,100,384,rl,0.0,13,0.029276800003572134,True
E1,ba_m4_n100,17,100,384,rl_rr,0.0,13,0.029471000001649372,True
E1,ba_m4_n100,17,100,384,rl_rr_ls,0.0,13,0.06622290000450448,True
E1,ba_m4_n100,17,100,384,rl,1.0,13,0.026845099997444777,True
E1,ba_m4_n100,17,100,384,rl_rr,1.0,13,0.02697949999856064,True
E1,ba_m4_n100,17,100,384,rl_rr_ls,1.0,13,0.03865809999842895,True
E1,ba_m4_n100,18,100,384,greedy,,12,0.0001864000005298294,True
E1,ba_m4_n100,18,100,384,greedy_rr,,12,0.00023399999918183312,True
E1,ba_m4_n100,18,100,384,greedy_rr_ls,,12,0.02853540000069188,True
E1,ba_m4_n100,18,100,384,rl,0.0,12,0.0252543999995396,True
E1,ba_m4_n100,18,100,384,rl_rr,0.0,12,0.025427399999898626,True
E1,ba_m4_n100,18,100,384,rl_rr_ls,0.0,12,0.044050100001186365,True
E1,ba_m4_n100,18,100,384,rl,1.0,12,0.022957700002734782,True
E1,ba_m4_n100,18,100,384,rl_rr,1.0,12,0.023097500001313165,True
E1,ba_m4_n100,18,100,384,rl_rr_ls,1.0,12,0.026414800002385164,True
E1,ba_m4_n100,19,100,384,greedy,,12,0.00016460000188089907,True
E1,ba_m4_n100,19,100,384,greedy_rr,,12,0.00021249999917927198,True
E1,ba_m4_n100,19,100,384,greedy_rr_ls,,12,0.017281799999182113,True
E1,ba_m4_n100,19,100,384,rl,0.0,12,0.048415399996883934,True
E1,ba_m4_n100,19,100,384,rl_rr,0.0,12,0.04859819999546744,True
E1,ba_m4_n100,19,100,384,rl_rr_ls,0.0,12,0.07165909999457654,True
E1,ba_m4_n100,19,100,384,rl,1.0,12,0.08756089999951655,True
E1,ba_m4_n100,19,100,384,rl_rr,1.0,12,0.08778990000064368,True
E1,ba_m4_n100,19,100,384,rl_rr_ls,1.0,12,0.09086600000227918,True
E1,ba_m4_n200,0,200,784,greedy,,26,0.000601499999902444,True
E1,ba_m4_n200,0,200,784,greedy_rr,,25,0.0008684000022185501,True
E1,ba_m4_n200,0,200,784,greedy_rr_ls,,23,0.1592891000000236,True
E1,ba_m4_n200,0,200,784,rl,0.0,24,0.13839250000091852,True
E1,ba_m4_n200,0,200,784,rl_rr,0.0,24,0.13876629999867873,True
E1,ba_m4_n200,0,200,784,rl_rr_ls,0.0,23,0.19505279999793856,True
E1,ba_m4_n200,0,200,784,rl,1.0,25,0.13697460000184947,True
E1,ba_m4_n200,0,200,784,rl_rr,1.0,25,0.13740810000308556,True
E1,ba_m4_n200,0,200,784,rl_rr_ls,1.0,23,0.5744184000031964,True
E1,ba_m4_n200,1,200,784,greedy,,23,0.0004819000023417175,True
E1,ba_m4_n200,1,200,784,greedy_rr,,23,0.0006046000016795006,True
E1,ba_m4_n200,1,200,784,greedy_rr_ls,,22,0.16233229999852483,True
E1,ba_m4_n200,1,200,784,rl,0.0,23,0.12111210000148276,True
E1,ba_m4_n200,1,200,784,rl_rr,0.0,23,0.12140540000109468,True
E1,ba_m4_n200,1,200,784,rl_rr_ls,0.0,22,0.8523769000021275,True
E1,ba_m4_n200,1,200,784,rl,1.0,23,0.08157070000015665,True
E1,ba_m4_n200,1,200,784,rl_rr,1.0,23,0.08178110000153538,True
E1,ba_m4_n200,1,200,784,rl_rr_ls,1.0,22,0.25339740000345046,True
E1,ba_m4_n200,2,200,784,greedy,,23,0.000707800001691794,True
E1,ba_m4_n200,2,200,784,greedy_rr,,23,0.0008621000015409663,True
E1,ba_m4_n200,2,200,784,greedy_rr_ls,,22,1.0008981999999378,True
E1,ba_m4_n200,2,200,784,rl,0.0,23,0.08050700000239885,True
E1,ba_m4_n200,2,200,784,rl_rr,0.0,23,0.0807364000029338,True
E1,ba_m4_n200,2,200,784,rl_rr_ls,0.0,22,0.7463258000061614,True
E1,ba_m4_n200,2,200,784,rl,1.0,23,0.08626889999868581,True
E1,ba_m4_n200,2,200,784,rl_rr,1.0,23,0.08673659999840311,True
E1,ba_m4_n200,2,200,784,rl_rr_ls,1.0,22,1.08700189999945,True
E1,ba_m4_n200,3,200,784,greedy,,29,0.0008373999989998993,True
E1,ba_m4_n200,3,200,784,greedy_rr,,28,0.0005148999989614822,True
E1,ba_m4_n200,3,200,784,greedy_rr_ls,,25,0.05083340000055614,True
E1,ba_m4_n200,3,200,784,rl,0.0,25,0.0930279000021983,True
E1,ba_m4_n200,3,200,784,rl_rr,0.0,25,0.09334470000248984,True
E1,ba_m4_n200,3,200,784,rl_rr_ls,0.0,25,1.093616700003622,True
E1,ba_m4_n200,3,200,784,rl,1.0,28,0.10571619999973336,True
E1,ba_m4_n200,3,200,784,rl_rr,1.0,28,0.10606909999842173,True
E1,ba_m4_n200,3,200,784,rl_rr_ls,1.0,25,0.9020171999982267,True
E1,ba_m4_n200,4,200,784,greedy,,24,0.0005873000009160023,True
E1,ba_m4_n200,4,200,784,greedy_rr,,23,0.0008581000001868233,True
E1,ba_m4_n200,4,200,784,greedy_rr_ls,,22,0.038282199999230215,True
E1,ba_m4_n200,4,200,784,rl,0.0,23,0.09014219999880879,True
E1,ba_m4_n200,4,200,784,rl_rr,0.0,22,0.09047109999664826,True
E1,ba_m4_n200,4,200,784,rl_rr_ls,0.0,22,0.10662829999637324,True
E1,ba_m4_n200,4,200,784,rl,1.0,23,0.08080600000175764,True
E1,ba_m4_n200,4,200,784,rl_rr,1.0,23,0.08102510000389884,True
E1,ba_m4_n200,4,200,784,rl_rr_ls,1.0,22,0.1079693000028783,True
E1,ba_m4_n200,5,200,784,greedy,,27,0.0004350000017439015,True
E1,ba_m4_n200,5,200,784,greedy_rr,,25,0.0005866999999852851,True
E1,ba_m4_n200,5,200,784,greedy_rr_ls,,23,0.03205770000204211,True
E1,ba_m4_n200,5,200,784,rl,0.0,26,0.08996259999912581,True
E1,ba_m4_n200,5,200,784,rl_rr,0.0,26,0.09018120000109775,True
E1,ba_m4_n200,5,200,784,rl_rr_ls,0.0,23,0.17265640000186977,True
E1,ba_m4_n200,5,200,784,rl,1.0,24,0.07876989999931538,True
E1,ba_m4_n200,5,200,784,rl_rr,1.0,24,0.07920350000131293,True
E1,ba_m4_n200,5,200,784,rl_rr_ls,1.0,24,0.1226877000008244,True
E1,ba_m4_n200,6,200,784,greedy,,23,0.0003302000004623551,True
E1,ba_m4_n200,6,200,784,greedy_rr,,23,0.00040920000174082816,True
E1,ba_m4_n200,6,200,784,greedy_rr_ls,,22,1.0005845000014233,True
E1,ba_m4_n200,6,200,784,rl,0.0,23,0.08281859999988228,True
E1,ba_m4_n200,6,200,784,rl_rr,0.0,23,0.08303300000261515,True
E1,ba_m4_n200,6,200,784,rl_rr_ls,0.0,22,1.0832620000037423,True
E1,ba_m4_n200,6,200,784,rl,1.0,23,0.08543850000205566,True
E1,ba_m4_n200,6,200,784,rl_rr,1.0,23,0.08564960000148858,True
E1,ba_m4_n200,6,200,784,rl_rr_ls,1.0,22,1.0859112000034656,True
E1,ba_m4_n200,7,200,784,greedy,,26,0.0005431000026874244,True
E1,ba_m4_n200,7,200,784,greedy_rr,,25,0.0007907999970484525,True
E1,ba_m4_n200,7,200,784,greedy_rr_ls,,24,1.0010343000030844,True
E1,ba_m4_n200,7,200,784,rl,0.0,25,0.08100199999898905,True
E1,ba_m4_n200,7,200,784,rl_rr,0.0,25,0.08120859999689856,True
E1,ba_m4_n200,7,200,784,rl_rr_ls,0.0,24,1.081395799996244,True
E1,ba_m4_n200,7,200,784,rl,1.0,25,0.08568340000056196,True
E1,ba_m4_n200,7,200,784,rl_rr,1.0,25,0.08590179999737302,True
E1,ba_m4_n200,7,200,784,rl_rr_ls,1.0,24,0.1310894999987795,True
E1,ba_m4_n200,8,200,784,greedy,,22,0.0004574999984470196,True
E1,ba_m4_n200,8,200,784,greedy_rr,,22,0.000490699996589683,True
E1,ba_m4_n200,8,200,784,greedy_rr_ls,,22,0.020821400001295842,True
E1,ba_m4_n200,8,200,784,rl,0.0,21,0.06618970000272384,True
E1,ba_m4_n200,8,200,784,rl_rr,0.0,21,0.06638460000249324,True
E1,ba_m4_n200,8,200,784,rl_rr_ls,0.0,21,0.07332040000255802,True
E1,ba_m4_n200,8,200,784,rl,1.0,22,0.06929980000131764,True
E1,ba_m4_n200,8,200,784,rl_rr,1.0,22,0.06957949999923585,True
E1,ba_m4_n200,8,200,784,rl_rr_ls,1.0,21,0.0777098999969894,True
E1,ba_m4_n200,9,200,784,greedy,,25,0.00037119999979040585,True
E1,ba_m4_n200,9,200,784,greedy_rr,,25,0.0006060000014258549,True
E1,ba_m4_n200,9,200,784,greedy_rr_ls,,24,0.3329703999988851,True
E1,ba_m4_n200,9,200,784,rl,0.0,24,0.06872719999955734,True
E1,ba_m4_n200,9,200,784,rl_rr,0.0,24,0.0689736999993329,True
E1,ba_m4_n200,9,200,784,rl_rr_ls,0.0,24,0.12104639999961364,True
E1,ba_m4_n200,9,200,784,rl,1.0,24,0.06809749999956694,True
E1,ba_m4_n200,9,200,784,rl_rr,1.0,24,0.06829999999899883,True
E1,ba_m4_n200,9,200,784,rl_rr_ls,1.0,24,0.12099519999901531,True
E1,ba_m4_n200,10,200,784,greedy,,25,0.0004970999980287161,True
E1,ba_m4_n200,10,200,784,greedy_rr,,24,0.0004651000017474871,True
E1,ba_m4_n200,10,200,784,greedy_rr_ls,,23,0.29077569999935804,True
E1,ba_m4_n200,10,200,784,rl,0.0,24,0.06686450000051991,True
E1,ba_m4_n200,10,200,784,rl_rr,0.0,24,0.06706359999952838,True
E1,ba_m4_n200,10,200,784,rl_rr_ls,0.0,23,0.2447256000014022,True
E1,ba_m4_n200,10,200,784,rl,1.0,24,0.06603460000042105,True
E1,ba_m4_n200,10,200,784,rl_rr,1.0,24,0.06623789999866858,True
E1,ba_m4_n200,10,200,784,rl_rr_ls,1.0,24,0.13590539999859175,True
E1,ba_m4_n200,11,200,784,greedy,,26,0.0003724999987753108,True
E1,ba_m4_n200,11,200,784,greedy_rr,,25,0.0004680999991251156,True
E1,ba_m4_n200,11,200,784,greedy_rr_ls,,24,0.04234089999954449,True
E1,ba_m4_n200,11,200,784,rl,0.0,24,0.06235210000158986,True
E1,ba_m4_n200,11,200,784,rl_rr,0.0,24,0.06256109999958426,True
E1,ba_m4_n200,11,200,784,rl_rr_ls,0.0,24,0.4678937999997288,True
E1,ba_m4_n200,11,200,784,rl,1.0,24,0.07064370000080089,True
E1,ba_m4_n200,11,200,784,rl_rr,1.0,24,0.07097129999965546,True
E1,ba_m4_n200,11,200,784,rl_rr_ls,1.0,24,0.18195689999993192,True
E1,ba_m4_n200,12,200,784,greedy,,24,0.0006706999993184581,True
E1,ba_m4_n200,12,200,784,greedy_rr,,24,0.00043649999861372635,True
E1,ba_m4_n200,12,200,784,greedy_rr_ls,,23,0.34604849999959697,True
E1,ba_m4_n200,12,200,784,rl,0.0,24,0.06998269999894546,True
E1,ba_m4_n200,12,200,784,rl_rr,0.0,24,0.07018349999634665,True
E1,ba_m4_n200,12,200,784,rl_rr_ls,0.0,23,0.18150299999615527,True
E1,ba_m4_n200,12,200,784,rl,1.0,26,0.07969090000187862,True
E1,ba_m4_n200,12,200,784,rl_rr,1.0,25,0.07992510000258335,True
E1,ba_m4_n200,12,200,784,rl_rr_ls,1.0,24,0.31922380000105477,True
E1,ba_m4_n200,13,200,784,greedy,,25,0.0003666000011435244,True
E1,ba_m4_n200,13,200,784,greedy_rr,,25,0.0005186999987927265,True
E1,ba_m4_n200,13,200,784,greedy_rr_ls,,25,0.012737799999740673,True
E1,ba_m4_n200,13,200,784,rl,0.0,26,0.07733699999880628,True
E1,ba_m4_n200,13,200,784,rl_rr,0.0,26,0.07755919999908656,True
E1,ba_m4_n200,13,200,784,rl_rr_ls,0.0,25,0.09365229999821167,True
E1,ba_m4_n200,13,200,784,rl,1.0,26,0.07632139999986975,True
E1,ba_m4_n200,13,200,784,rl_rr,1.0,26,0.07653580000260263,True
E1,ba_m4_n200,13,200,784,rl_rr_ls,1.0,25,0.18888320000405656,True
E1,ba_m4_n200,14,200,784,greedy,,24,0.0004930000031890813,True
E1,ba_m4_n200,14,200,784,greedy_rr,,24,0.0004909000017505605,True
E1,ba_m4_n200,14,200,784,greedy_rr_ls,,23,0.028241299998626346,True
E1,ba_m4_n200,14,200,784,rl,0.0,23,0.06015610000031302,True
E1,ba_m4_n200,14,200,784,rl_rr,0.0,23,0.06036820000008447,True
E1,ba_m4_n200,14,200,784,rl_rr_ls,0.0,23,0.06828279999899678,True
E1,ba_m4_n200,14,200,784,rl,1.0,27,0.07077700000081677,True
E1,ba_m4_n200,14,200,784,rl_rr,1.0,26,0.07118510000145761,True
E1,ba_m4_n200,14,200,784,rl_rr_ls,1.0,23,0.08312500000101863,True
E1,ba_m4_n200,15,200,784,greedy,,26,0.00041910000072675757,True
E1,ba_m4_n200,15,200,784,greedy_rr,,26,0.0005094999978609849,True
E1,ba_m4_n200,15,200,784,greedy_rr_ls,,24,0.08369799999854877,True
E1,ba_m4_n200,15,200,784,rl,0.0,26,0.070362299997214,True
E1,ba_m4_n200,15,200,784,rl_rr,0.0,26,0.07056709999596933,True
E1,ba_m4_n200,15,200,784,rl_rr_ls,0.0,25,0.23448369999459828,True
E1,ba_m4_n200,15,200,784,rl,1.0,25,0.06769050000002608,True
E1,ba_m4_n200,15,200,784,rl_rr,1.0,25,0.06790750000072876,True
E1,ba_m4_n200,15,200,784,rl_rr_ls,1.0,24,0.4940872999977728,True
E1,ba_m4_n200,16,200,784,greedy,,23,0.0005074000000604428,True
E1,ba_m4_n200,16,200,784,greedy_rr,,23,0.0004712000009021722,True
E1,ba_m4_n200,16,200,784,greedy_rr_ls,,23,0.015246099999785656,True
E1,ba_m4_n200,16,200,784,rl,0.0,23,0.060500200001115445,True
E1,ba_m4_n200,16,200,784,rl_rr,0.0,23,0.06070430000181659,True
E1,ba_m4_n200,16,200,784,rl_rr_ls,0.0,22,0.09190340000350261,True
E1,ba_m4_n200,16,200,784,rl,1.0,23,0.061579299999721115,True
E1,ba_m4_n200,16,200,784,rl_rr,1.0,23,0.061842399998568,True
E1,ba_m4_n200,16,200,784,rl_rr_ls,1.0,22,0.08022749999872758,True
E1,ba_m4_n200,17,200,784,greedy,,25,0.0003522000006341841,True
E1,ba_m4_n200,17,200,784,greedy_rr,,25,0.0004612000011547934,True
E1,ba_m4_n200,17,200,784,greedy_rr_ls,,24,0.18585090000124183,True
E1,ba_m4_n200,17,200,784,rl,0.0,24,0.06324470000254223,True
E1,ba_m4_n200,17,200,784,rl_rr,0.0,24,0.06344980000358191,True
E1,ba_m4_n200,17,200,784,rl_rr_ls,0.0,23,0.13510170000154176,True
E1,ba_m4_n200,17,200,784,rl,1.0,26,0.06835060000230442,True
E1,ba_m4_n200,17,200,784,rl_rr,1.0,26,0.0685624000034295,True
E1,ba_m4_n200,17,200,784,rl_rr_ls,1.0,24,0.11487220000344678,True
E1,ba_m4_n200,18,200,784,greedy,,22,0.0003423999987717252,True
E1,ba_m4_n200,18,200,784,greedy_rr,,22,0.00041059999784920365,True
E1,ba_m4_n200,18,200,784,greedy_rr_ls,,21,0.10831580000012764,True
E1,ba_m4_n200,18,200,784,rl,0.0,22,0.06668050000007497,True
E1,ba_m4_n200,18,200,784,rl_rr,0.0,22,0.06687919999967562,True
E1,ba_m4_n200,18,200,784,rl_rr_ls,0.0,21,0.32899620000171126,True
E1,ba_m4_n200,18,200,784,rl,1.0,22,0.06692169999951147,True
E1,ba_m4_n200,18,200,784,rl_rr,1.0,22,0.06713350000063656,True
E1,ba_m4_n200,18,200,784,rl_rr_ls,1.0,21,0.18495160000020405,True
E1,ba_m4_n200,19,200,784,greedy,,25,0.00038240000139921904,True
E1,ba_m4_n200,19,200,784,greedy_rr,,23,0.0004889999981969595,True
E1,ba_m4_n200,19,200,784,greedy_rr_ls,,23,0.006750000000465661,True
E1,ba_m4_n200,19,200,784,rl,0.0,24,0.06994269999995595,True
E1,ba_m4_n200,19,200,784,rl_rr,0.0,24,0.0701530999976967,True
E1,ba_m4_n200,19,200,784,rl_rr_ls,0.0,23,0.1449862999979814,True
E1,ba_m4_n200,19,200,784,rl,1.0,25,0.07429680000132066,True
E1,ba_m4_n200,19,200,784,rl_rr,1.0,25,0.0745018000015989,True
E1,ba_m4_n200,19,200,784,rl_rr_ls,1.0,24,0.1842028000028222,True
E1,ba_m4_n500,0,500,1984,greedy,,52,0.0008698000019649044,True
E1,ba_m4_n500,0,500,1984,greedy_rr,,52,0.0010707000001275446,True
E1,ba_m4_n500,0,500,1984,greedy_rr_ls,,51,1.0012962999971933,True
E1,ba_m4_n500,0,500,1984,rl,0.0,53,0.31236920000083046,True
E1,ba_m4_n500,0,500,1984,rl_rr,0.0,53,0.3127625999986776,True
E1,ba_m4_n500,0,500,1984,rl_rr_ls,0.0,51,1.31319860000076,True
E1,ba_m4_n500,0,500,1984,rl,1.0,52,0.12912370000049123,True
E1,ba_m4_n500,0,500,1984,rl_rr,1.0,52,0.12951350000003004,True
E1,ba_m4_n500,0,500,1984,rl_rr_ls,1.0,51,1.1299041000020225,True
E1,ba_m4_n500,1,500,1984,greedy,,62,0.0008687999979883898,True
E1,ba_m4_n500,1,500,1984,greedy_rr,,62,0.000988399999187095,True
E1,ba_m4_n500,1,500,1984,greedy_rr_ls,,57,1.0014482000005955,True
E1,ba_m4_n500,1,500,1984,rl,0.0,58,0.31420620000062627,True
E1,ba_m4_n500,1,500,1984,rl_rr,0.0,58,0.3148706000029051,True
E1,ba_m4_n500,1,500,1984,rl_rr_ls,0.0,57,1.3152330000048096,True
E1,ba_m4_n500,1,500,1984,rl,1.0,61,0.14337249999880441,True
E1,ba_m4_n500,1,500,1984,rl_rr,1.0,61,0.14378109999961453,True
E1,ba_m4_n500,1,500,1984,rl_rr_ls,1.0,57,0.45754239999951096,True
E1,ba_m4_n500,2,500,1984,greedy,,53,0.0009663999990152661,True
E1,ba_m4_n500,2,500,1984,greedy_rr,,53,0.0010013999999500811,True
E1,ba_m4_n500,2,500,1984,greedy_rr_ls,,52,1.0012054999970132,True
E1,ba_m4_n500,2,500,1984,rl,0.0,53,0.169712899998558,True
E1,ba_m4_n500,2,500,1984,rl_rr,0.0,53,0.17009979999784264,True
E1,ba_m4_n500,2,500,1984,rl_rr_ls,0.0,50,0.639692799995828,True
E1,ba_m4_n500,2,500,1984,rl,1.0,52,0.15870810000342317,True
E1,ba_m4_n500,2,500,1984,rl_rr,1.0,52,0.15909510000346927,True
E1,ba_m4_n500,2,500,1984,rl_rr_ls,1.0,51,1.1594305000035092,True
E1,ba_m4_n500,3,500,1984,greedy,,64,0.000987600000371458,True
E1,ba_m4_n500,3,500,1984,greedy_rr,,62,0.0011239999985264149,True
E1,ba_m4_n500,3,500,1984,greedy_rr_ls,,59,1.0013529999996535,True
E1,ba_m4_n500,3,500,1984,rl,0.0,61,0.30837070000052336,True
E1,ba_m4_n500,3,500,1984,rl_rr,0.0,61,0.30916179999985616,True
E1,ba_m4_n500,3,500,1984,rl_rr_ls,0.0,59,1.3094534000010754,True
E1,ba_m4_n500,3,500,1984,rl,1.0,63,0.15142550000018673,True
E1,ba_m4_n500,3,500,1984,rl_rr,1.0,62,0.15187069999956293,True
E1,ba_m4_n500,3,500,1984,rl_rr_ls,1.0,59,1.1524893999994674,True
E1,ba_m4_n500,4,500,1984,greedy,,63,0.00083710000035353,True
E1,ba_m4_n500,4,500,1984,greedy_rr,,63,0.0010184999991906807,True
E1,ba_m4_n500,4,500,1984,greedy_rr_ls,,57,1.0013096000002406,True
E1,ba_m4_n500,4,500,1984,rl,0.0,61,0.2543757999992522,True
E1,ba_m4_n500,4,500,1984,rl_rr,0.0,61,0.2547798000014154,True
E1,ba_m4_n500,4,500,1984,rl_rr_ls,0.0,59,1.2551144999997632,True
E1,ba_m4_n500,4,500,1984,rl,1.0,61,0.1421654000005219,True
E1,ba_m4_n500,4,500,1984,rl_rr,1.0,60,0.14261199999964447,True
E1,ba_m4_n500,4,500,1984,rl_rr_ls,1.0,58,1.1429441000000224,True
E1,ba_m4_n500,5,500,1984,greedy,,62,0.0008519000002706889,True
E1,ba_m4_n500,5,500,1984,greedy_rr,,61,0.0010810000021592714,True
E1,ba_m4_n500,5,500,1984,greedy_rr_ls,,58,1.001424500002031,True
E1,ba_m4_n500,5,500,1984,rl,0.0,58,0.24291769999763346,True
E1,ba_m4_n500,5,500,1984,rl_rr,0.0,58,0.24332969999522902,True
E1,ba_m4_n500,5,500,1984,rl_rr_ls,0.0,56,1.2436343999943347,True
E1,ba_m4_n500,5,500,1984,rl,1.0,59,0.13269859999854816,True
E1,ba_m4_n500,5,500,1984,rl_rr,1.0,59,0.1331019999961427,True
E1,ba_m4_n500,5,500,1984,rl_rr_ls,1.0,56,1.1336131999960344,True
E1,ba_m4_n500,6,500,1984,greedy,,56,0.0008094000004348345,True
E1,ba_m4_n500,6,500,1984,greedy_rr,,56,0.0009669000028225128,True
E1,ba_m4_n500,6,500,1984,greedy_rr_ls,,54,1.0013405999998213,True
E1,ba_m4_n500,6,500,1984,rl,0.0,57,0.19980479999867384,True
E1,ba_m4_n500,6,500,1984,rl_rr,0.0,57,0.20019809999575955,True
E1,ba_m4_n500,6,500,1984,rl_rr_ls,0.0,54,1.200527199995122,True
E1,ba_m4_n500,6,500,1984,rl,1.0,56,0.12478710000141291,True
E1,ba_m4_n500,6,500,1984,rl_rr,1.0,56,0.12537720000182162,True
E1,ba_m4_n500,6,500,1984,rl_rr_ls,1.0,55,1.1256808000034653,True
E1,ba_m4_n500,7,500,1984,greedy,,59,0.0009772000012162607,True
E1,ba_m4_n500,7,500,1984,greedy_rr,,58,0.0010686999994504731,True
E1,ba_m4_n500,7,500,1984,greedy_rr_ls,,57,1.0014740000005986,True
E1,ba_m4_n500,7,500,1984,rl,0.0,57,0.30048729999907664,True
E1,ba_m4_n500,7,500,1984,rl_rr,0.0,57,0.30088809999870136,True
E1,ba_m4_n500,7,500,1984,rl_rr_ls,0.0,56,1.30137459999969,True
E1,ba_m4_n500,7,500,1984,rl,1.0,57,0.13372529999833205,True
E1,ba_m4_n500,7,500,1984,rl_rr,1.0,57,0.13413479999871925,True
E1,ba_m4_n500,7,500,1984,rl_rr_ls,1.0,56,1.1345003999995242,True
E1,ba_m4_n500,8,500,1984,greedy,,59,0.0008940999978221953,True
E1,ba_m4_n500,8,500,1984,greedy_rr,,58,0.0011373000015737489,True
E1,ba_m4_n500,8,500,1984,greedy_rr_ls,,57,1.0014475000025413,True
E1,ba_m4_n500,8,500,1984,rl,0.0,57,0.26517839999723947,True
E1,ba_m4_n500,8,500,1984,rl_rr,0.0,57,0.26574399999663,True
E1,ba_m4_n500,8,500,1984,rl_rr_ls,0.0,56,1.2662312999964342,True
E1,ba_m4_n500,8,500,1984,rl,1.0,60,0.14325589999862132,True
E1,ba_m4_n500,8,500,1984,rl_rr,1.0,57,0.14369999999689753,True
E1,ba_m4_n500,8,500,1984,rl_rr_ls,1.0,55,1.1440101999978651,True
E1,ba_m4_n500,9,500,1984,greedy,,54,0.0008296000014524907,True
E1,ba_m4_n500,9,500,1984,greedy_rr,,54,0.0009973000014724676,True
E1,ba_m4_n500,9,500,1984,greedy_rr_ls,,52,1.0012971999967704,True
E1,ba_m4_n500,9,500,1984,rl,0.0,54,0.2095435000010184,True
E1,ba_m4_n500,9,500,1984,rl_rr,0.0,54,0.20996350000132225,True
E1,ba_m4_n500,9,500,1984,rl_rr_ls,0.0,52,1.2103062999995018,True
E1,ba_m4_n500,9,500,1984,rl,1.0,55,0.17574930000046152,True
E1,ba_m4_n500,9,500,1984,rl_rr,1.0,55,0.17629549999765004,True
E1,ba_m4_n500,9,500,1984,rl_rr_ls,1.0,51,1.0640265000001818,True
E1,ba_m4_n500,10,500,1984,greedy,,65,0.0011436999993748032,True
E1,ba_m4_n500,10,500,1984,greedy_rr,,62,0.0011825000001408625,True
E1,ba_m4_n500,10,500,1984,greedy_rr_ls,,57,0.4630390999991505,True
E1,ba_m4_n500,10,500,1984,rl,0.0,62,0.15818470000158413,True
E1,ba_m4_n500,10,500,1984,rl_rr,0.0,62,0.1588389000025927,True
E1,ba_m4_n500,10,500,1984,rl_rr_ls,0.0,60,1.1591709000022092,True
E1,ba_m4_n500,10,500,1984,rl,1.0,63,0.32316830000127084,True
E1,ba_m4_n500,10,500,1984,rl_rr,1.0,62,0.3236216000004788,True
E1,ba_m4_n500,10,500,1984,rl_rr_ls,1.0,58,1.3240511000003607,True
E1,ba_m4_n500,11,500,1984,greedy,,55,0.001047199999447912,True
E1,ba_m4_n500,11,500,1984,greedy_rr,,55,0.0009581999984220602,True
E1,ba_m4_n500,11,500,1984,greedy_rr_ls,,54,1.0012962000000698,True
E1,ba_m4_n500,11,500,1984,rl,0.0,55,0.20481379999910132,True
E1,ba_m4_n500,11,500,1984,rl_rr,0.0,55,0.2052177000005031,True
E1,ba_m4_n500,11,500,1984,rl_rr_ls,0.0,55,1.2064855000026,True
E1,ba_m4_n500,11,500,1984,rl,1.0,58,0.19138469999961671,True
E1,ba_m4_n500,11,500,1984,rl_rr,1.0,58,0.19201080000129878,True
E1,ba_m4_n500,11,500,1984,rl_rr_ls,1.0,54,1.1923591000013403,True
E1,ba_m4_n500,12,500,1984,greedy,,59,0.0008462999976472929,True
E1,ba_m4_n500,12,500,1984,greedy_rr,,58,0.0010728000015660655,True
E1,ba_m4_n500,12,500,1984,greedy_rr_ls,,56,1.0014243999976316,True
E1,ba_m4_n500,12,500,1984,rl,0.0,57,0.3336323000003176,True
E1,ba_m4_n500,12,500,1984,rl_rr,0.0,57,0.3342421999986982,True
E1,ba_m4_n500,12,500,1984,rl_rr_ls,0.0,56,1.3346960999988369,True
E1,ba_m4_n500,12,500,1984,rl,1.0,59,0.13090029999875696,True
E1,ba_m4_n500,12,500,1984,rl_rr,1.0,59,0.1312934999987192,True
E1,ba_m4_n500,12,500,1984,rl_rr_ls,1.0,56,1.131589399999939,True
E1,ba_m4_n500,13,500,1984,greedy,,65,0.0009008999986690469,True
E1,ba_m4_n500,13,500,1984,greedy_rr,,65,0.001067599998350488,True
E1,ba_m4_n500,13,500,1984,greedy_rr_ls,,61,1.001641999999265,True
E1,ba_m4_n500,13,500,1984,rl,0.0,61,0.2266434000011941,True
E1,ba_m4_n500,13,500,1984,rl_rr,0.0,61,0.22707319999972242,True
E1,ba_m4_n500,13,500,1984,rl_rr_ls,0.0,59,0.48269989999971585,True
E1,ba_m4_n500,13,500,1984,rl,1.0,64,0.19712930000241613,True
E1,ba_m4_n500,13,500,1984,rl_rr,1.0,64,0.1978568000049563,True
E1,ba_m4_n500,13,500,1984,rl_rr_ls,1.0,60,1.1981411000051594,True
E1,ba_m4_n500,14,500,1984,greedy,,63,0.000825700000859797,True
E1,ba_m4_n500,14,500,1984,greedy_rr,,62,0.0010098000020661857,True
E1,ba_m4_n500,14,500,1984,greedy_rr_ls,,60,1.0013149000005797,True
E1,ba_m4_n500,14,500,1984,rl,0.0,62,0.2334463000006508,True
E1,ba_m4_n500,14,500,1984,rl_rr,0.0,62,0.23387910000019474,True
E1,ba_m4_n500,14,500,1984,rl_rr_ls,0.0,60,1.2343134000002465,True
E1,ba_m4_n500,14,500,1984,rl,1.0,62,0.14577439999993658,True
E1,ba_m4_n500,14,500,1984,rl_rr,1.0,62,0.14617569999973057,True
E1,ba_m4_n500,14,500,1984,rl_rr_ls,1.0,61,1.1465094999985013,True
E1,ba_m4_n500,15,500,1984,greedy,,56,0.0009353999994345941,True
E1,ba_m4_n500,15,500,1984,greedy_rr,,56,0.0009854999989329372,True
E1,ba_m4_n500,15,500,1984,greedy_rr_ls,,53,1.0012705000008282,True
E1,ba_m4_n500,15,500,1984,rl,0.0,55,0.20604150000144728,True
E1,ba_m4_n500,15,500,1984,rl_rr,0.0,55,0.20643230000132462,True
E1,ba_m4_n500,15,500,1984,rl_rr_ls,0.0,52,1.0730570000014268,True
E1,ba_m4_n500,15,500,1984,rl,1.0,55,0.12101889999757987,True
E1,ba_m4_n500,15,500,1984,rl_rr,1.0,55,0.12162009999883594,True
E1,ba_m4_n500,15,500,1984,rl_rr_ls,1.0,52,1.1219469999996363,True
E1,ba_m4_n500,16,500,1984,greedy,,67,0.0008564999989175703,True
E1,ba_m4_n500,16,500,1984,greedy_rr,,66,0.0015371000008599367,True
E1,ba_m4_n500,16,500,1984,greedy_rr_ls,,63,1.0018931000013254,True
E1,ba_m4_n500,16,500,1984,rl,0.0,67,0.26587060000019846,True
E1,ba_m4_n500,16,500,1984,rl_rr,0.0,67,0.26628229999914765,True
E1,ba_m4_n500,16,500,1984,rl_rr_ls,0.0,65,1.2665971999995236,True
E1,ba_m4_n500,16,500,1984,rl,1.0,66,0.13574030000017956,True
E1,ba_m4_n500,16,500,1984,rl_rr,1.0,66,0.13738480000029085,True
E1,ba_m4_n500,16,500,1984,rl_rr_ls,1.0,64,1.1380165000009583,True
E1,ba_m4_n500,17,500,1984,greedy,,59,0.0008533000000170432,True
E1,ba_m4_n500,17,500,1984,greedy_rr,,59,0.0009977999980037566,True
E1,ba_m4_n500,17,500,1984,greedy_rr_ls,,55,1.0012174000003142,True
E1,ba_m4_n500,17,500,1984,rl,0.0,57,0.19616270000187797,True
E1,ba_m4_n500,17,500,1984,rl_rr,0.0,57,0.19654800000353134,True
E1,ba_m4_n500,17,500,1984,rl_rr_ls,0.0,56,1.1968301000051724,True
E1,ba_m4_n500,17,500,1984,rl,1.0,58,0.1198192999981984,True
E1,ba_m4_n500,17,500,1984,rl_rr,1.0,57,0.12024109999765642,True
E1,ba_m4_n500,17,500,1984,rl_rr_ls,1.0,55,1.1205366999965918,True
E1,ba_m4_n500,18,500,1984,greedy,,62,0.0008242999974754639,True
E1,ba_m4_n500,18,500,1984,greedy_rr,,59,0.0010233999964839313,True
E1,ba_m4_n500,18,500,1984,greedy_rr_ls,,57,1.0014021999995748,True
E1,ba_m4_n500,18,500,1984,rl,0.0,60,0.30381470000065747,True
E1,ba_m4_n500,18,500,1984,rl_rr,0.0,60,0.30420819999926607,True
E1,ba_m4_n500,18,500,1984,rl_rr_ls,0.0,55,1.304499099998793,True
E1,ba_m4_n500,18,500,1984,rl,1.0,60,0.1218951000009838,True
E1,ba_m4_n500,18,500,1984,rl_rr,1.0,60,0.12228390000018408,True
E1,ba_m4_n500,18,500,1984,rl_rr_ls,1.0,57,0.4008380999985093,True
E1,ba_m4_n500,19,500,1984,greedy,,54,0.0009441000001970679,True
E1,ba_m4_n500,19,500,1984,greedy_rr,,53,0.0010192999980063178,True
E1,ba_m4_n500,19,500,1984,greedy_rr_ls,,53,1.001292699998885,True
E1,ba_m4_n500,19,500,1984,rl,0.0,55,0.16923160000078497,True
E1,ba_m4_n500,19,500,1984,rl_rr,0.0,55,0.16963870000108727,True
E1,ba_m4_n500,19,500,1984,rl_rr_ls,0.0,53,1.1699389000023075,True
E1,ba_m4_n500,19,500,1984,rl,1.0,54,0.15617540000312147,True
E1,ba_m4_n500,19,500,1984,rl_rr,1.0,54,0.15657150000333786,True
E1,ba_m4_n500,19,500,1984,rl_rr_ls,1.0,53,1.1568424000033701,True
E2,grid,0,25,40,greedy,,10,9.700000009615906e-05,True
E2,grid,0,25,40,greedy_rr,,10,0.0001081000009435229,True
E2,grid,0,25,40,greedy_rr_ls,,9,0.00044999999954598024,True
E2,grid,0,25,40,rl,0.0,9,0.018957500000396976,True
E2,grid,0,25,40,rl_rr,0.0,9,0.019043100000999402,True
E2,grid,0,25,40,rl_rr_ls,0.0,9,0.01954660000046715,True
E2,grid,0,25,40,rl,1.0,9,0.018823099999281112,True
E2,grid,0,25,40,rl_rr,1.0,9,0.018905099997937214,True
E2,grid,0,25,40,rl_rr_ls,1.0,9,0.019396299998334143,True
E2,grid,1,64,112,greedy,,22,0.00010240000119665638,True
E2,grid,1,64,112,greedy_rr,,22,0.0001630000006116461,True
E2,grid,1,64,112,greedy_rr_ls,,20,0.0011876000025949907,True
E2,grid,1,64,112,rl,0.0,23,0.051141899999493035,True
E2,grid,1,64,112,rl_rr,0.0,20,0.051272100001369836,True
E2,grid,1,64,112,rl_rr_ls,0.0,20,0.05150100000173552,True
E2,grid,1,64,112,rl,1.0,22,0.046034599999984493,True
E2,grid,1,64,112,rl_rr,1.0,22,0.046191999997972744,True
E2,grid,1,64,112,rl_rr_ls,1.0,20,0.0484039999973902,True
E2,grid,2,100,180,greedy,,34,0.00020049999875482172,True
E2,grid,2,100,180,greedy_rr,,34,0.0002406999992672354,True
E2,grid,2,100,180,greedy_rr_ls,,30,0.006347000002278946,True
E2,grid,2,100,180,rl,0.0,32,0.06707919999826117,True
E2,grid,2,100,180,rl_rr,0.0,32,0.06722489999810932,True
E2,grid,2,100,180,rl_rr_ls,0.0,31,0.0689459999994142,True
E2,grid,2,100,180,rl,1.0,32,0.06992609999724664,True
E2,grid,2,100,180,rl_rr,1.0,32,0.07009639999523642,True
E2,grid,2,100,180,rl_rr_ls,1.0,30,0.07287859999632929,True
E2,grid,3,144,264,greedy,,48,0.00022249999892665073,True
E2,grid,3,144,264,greedy_rr,,48,0.00032619999910821207,True
E2,grid,3,144,264,greedy_rr_ls,,42,0.01417349999974249,True
E2,grid,3,144,264,rl,0.0,46,0.10872150000068359,True
E2,grid,3,144,264,rl_rr,0.0,46,0.1089285000016389,True
E2,grid,3,144,264,rl_rr_ls,0.0,42,0.12151150000136113,True
E2,grid,3,144,264,rl,1.0,47,0.10796829999890178,True
E2,grid,3,144,264,rl_rr,1.0,46,0.10819769999579876,True
E2,grid,3,144,264,rl_rr_ls,1.0,42,0.14533359999768436,True
E2,grid,4,225,420,greedy,,74,0.00045139999929233454,True
E2,grid,4,225,420,greedy_rr,,74,0.0005099000009067822,True
E2,grid,4,225,420,greedy_rr_ls,,65,0.041391099999600556,True
E2,grid,4,225,420,rl,0.0,69,0.144400900000619,True
E2,grid,4,225,420,rl_rr,0.0,69,0.144661599999381,True
E2,grid,4,225,420,rl_rr_ls,0.0,65,0.23258809999970254,True
E2,grid,4,225,420,rl,1.0,72,0.1524167000025045,True
E2,grid,4,225,420,rl_rr,1.0,72,0.152682800002367,True
E2,grid,4,225,420,rl_rr_ls,1.0,66,0.20249340000373195,True
E2,grid,5,400,760,greedy,,124,0.0006969999994907994,True
E2,grid,5,400,760,greedy_rr,,124,0.0007935000030556694,True
E2,grid,5,400,760,greedy_rr_ls,,111,0.1479628999986744,True
E2,grid,5,400,760,rl,0.0,118,0.26671580000038375,True
E2,grid,5,400,760,rl_rr,0.0,118,0.26711819999763975,True
E2,grid,5,400,760,rl_rr_ls,0.0,113,0.760450599998876,True
E2,grid,5,400,760,rl,1.0,127,0.2635422000021208,True
E2,grid,5,400,760,rl_rr,1.0,127,0.2639511000015773,True
E2,grid,5,400,760,rl_rr_ls,1.0,114,0.7920864000006986,True
E2,tri,0,25,56,greedy,,8,0.00013309999849298038,True
E2,tri,0,25,56,greedy_rr,,7,0.00011699999959091656,True
E2,tri,0,25,56,greedy_rr_ls,,7,0.0004794000014953781,True
E2,tri,0,25,56,rl,0.0,8,0.018977499999891734,True
E2,tri,0,25,56,rl_rr,0.0,7,0.0190827000005811,True
E2,tri,0,25,56,rl_rr_ls,0.0,7,0.01943540000138455,True
E2,tri,0,25,56,rl,1.0,7,0.015253500001563225,True
E2,tri,0,25,56,rl_rr,1.0,7,0.015347500000643777,True
E2,tri,0,25,56,rl_rr_ls,1.0,7,0.015754100000776816,True
E2,tri,1,64,161,greedy,,18,0.00015189999976428226,True
E2,tri,1,64,161,greedy_rr,,18,0.0014271000000007916,True
E2,tri,1,64,161,greedy_rr_ls,,16,0.002713699999731034,True
E2,tri,1,64,161,rl,0.0,16,0.03568749999976717,True
E2,tri,1,64,161,rl_rr,0.0,16,0.035807299998850795,True
E2,tri,1,64,161,rl_rr_ls,0.0,16,0.03942629999801284,True
E2,tri,1,64,161,rl,1.0,16,0.03354599999875063,True
E2,tri,1,64,161,rl_rr,1.0,16,0.03366789999927278,True
E2,tri,1,64,161,rl_rr_ls,1.0,16,0.035478199999488425,True
E2,tri,2,100,261,greedy,,27,0.00019189999875379726,True
E2,tri,2,100,261,greedy_rr,,27,0.0002530999990995042,True
E2,tri,2,100,261,greedy_rr_ls,,24,0.005530399997951463,True
E2,tri,2,100,261,rl,0.0,24,0.047459299999900395,True
E2,tri,2,100,261,rl_rr,0.0,24,0.047643100002460415,True
E2,tri,2,100,261,rl_rr_ls,0.0,24,0.05049260000305367,True
E2,tri,2,100,261,rl,1.0,24,0.0528879000012239,True
E2,tri,2,100,261,rl_rr,1.0,24,0.053084499999386026,True
E2,tri,2,100,261,rl_rr_ls,1.0,24,0.05521019999650889,True
E2,tri,3,144,385,greedy,,34,0.00031689999741502106,True
E2,tri,3,144,385,greedy_rr,,34,0.0003484999979264103,True
E2,tri,3,144,385,greedy_rr_ls,,32,0.00406979999752366,True
E2,tri,3,144,385,rl,0.0,32,0.06602829999974347,True
E2,tri,3,144,385,rl_rr,0.0,32,0.06620789999942644,True
E2,tri,3,144,385,rl_rr_ls,0.0,32,0.06675689999974566,True
E2,tri,3,144,385,rl,1.0,34,0.07232850000218605,True
E2,tri,3,144,385,rl_rr,1.0,34,0.0725131000035617,True
E2,tri,3,144,385,rl_rr_ls,1.0,34,0.07786540000233799,True
E2,tri,4,225,616,greedy,,53,0.00042579999717418104,True
E2,tri,4,225,616,greedy_rr,,53,0.0005471000004035886,True
E2,tri,4,225,616,greedy_rr_ls,,51,0.048535999998421175,True
E2,tri,4,225,616,rl,0.0,53,0.11103159999765921,True
E2,tri,4,225,616,rl_rr,0.0,53,0.11128610000014305,True
E2,tri,4,225,616,rl_rr_ls,0.0,51,0.1725468999975419,True
E2,tri,4,225,616,rl,1.0,56,0.12080179999975371,True
E2,tri,4,225,616,rl_rr,1.0,56,0.12106990000029327,True
E2,tri,4,225,616,rl_rr_ls,1.0,52,0.3169820000002801,True
E2,tri,5,400,1121,greedy,,99,0.0008637999999336898,True
E2,tri,5,400,1121,greedy_rr,,99,0.0009822000029089395,True
E2,tri,5,400,1121,greedy_rr_ls,,91,0.41071069999816245,True
E2,tri,5,400,1121,rl,0.0,92,0.19772749999901862,True
E2,tri,5,400,1121,rl_rr,0.0,92,0.19814539999788394,True
E2,tri,5,400,1121,rl_rr_ls,0.0,90,0.36885719999554567,True
E2,tri,5,400,1121,rl,1.0,96,0.20896800000264193,True
E2,tri,5,400,1121,rl_rr,1.0,95,0.2094610999993165,True
E2,tri,5,400,1121,rl_rr_ls,1.0,89,0.49057099999845377,True
E2,hex,0,26,31,greedy,,14,9.949999730451964e-05,True
E2,hex,0,26,31,greedy_rr,,14,0.00010900000052060932,True
E2,hex,0,26,31,greedy_rr_ls,,14,0.003273300000728341,True
E2,hex,0,26,31,rl,0.0,14,0.03336949999720673,True
E2,hex,0,26,31,rl_rr,0.0,14,0.03345649999755551,True
E2,hex,0,26,31,rl_rr_ls,0.0,14,0.03480109999873093,True
E2,hex,0,26,31,rl,1.0,14,0.03149900000062189,True
E2,hex,0,26,31,rl_rr,1.0,14,0.03158770000300137,True
E2,hex,0,26,31,rl_rr_ls,1.0,14,0.034352600003330735,True
E2,hex,1,62,82,greedy,,32,0.00011720000111381523,True
E2,hex,1,62,82,greedy_rr,,30,0.0001747999995131977,True
E2,hex,1,62,82,greedy_rr_ls,,26,0.003394000003027031,True
E2,hex,1,62,82,rl,0.0,28,0.06295289999980014,True
E2,hex,1,62,82,rl_rr,0.0,28,0.06308459999854676,True
E2,hex,1,62,82,rl_rr_ls,0.0,26,0.06748549999974784,True
E2,hex,1,62,82,rl,1.0,26,0.05686959999729879,True
E2,hex,1,62,82,rl_rr,1.0,26,0.056992299996636575,True
E2,hex,1,62,82,rl_rr_ls,1.0,26,0.05896959999518003,True
E2,hex,2,98,133,greedy,,50,0.00021330000163288787,True
E2,hex,2,98,133,greedy_rr,,43,0.0002609000002848916,True
E2,hex,2,98,133,greedy_rr_ls,,42,1.0003649000027508,True
E2,hex,2,98,133,rl,0.0,42,0.09256189999723574,True
E2,hex,2,98,133,rl_rr,0.0,42,0.09271409999928437,True
E2,hex,2,98,133,rl_rr_ls,0.0,42,1.0928495999978622,True
E2,hex,2,98,133,rl,1.0,42,0.10172009999951115,True
E2,hex,2,98,133,rl_rr,1.0,42,0.10187659999792231,True
E2,hex,2,98,133,rl_rr_ls,1.0,42,1.102065399998537,True
E2,hex,3,142,197,greedy,,72,0.0003260000012232922,True
E2,hex,3,142,197,greedy_rr,,67,0.0003953000014007557,True
E2,hex,3,142,197,greedy_rr_ls,,54,0.010073299999930896,True
E2,hex,3,142,197,rl,0.0,54,0.13797940000222297,True
E2,hex,3,142,197,rl_rr,0.0,54,0.1382456000028469,True
E2,hex,3,142,197,rl_rr_ls,0.0,54,0.1398259000015969,True
E2,hex,3,142,197,rl,1.0,56,0.13578250000136904,True
E2,hex,3,142,197,rl_rr,1.0,54,0.13601280000148108,True
E2,hex,3,142,197,rl_rr_ls,1.0,54,0.14769120000346447,True
E2,hex,4,222,312,greedy,,112,0.0004515000000537839,True
E2,hex,4,222,312,greedy_rr,,101,0.0006138999997347128,True
E2,hex,4,222,312,greedy_rr_ls,,88,1.0007827999979781,True
E2,hex,4,222,312,rl,0.0,89,0.19305489999896963,True
E2,hex,4,222,312,rl_rr,0.0,89,0.19336760000078357,True
E2,hex,4,222,312,rl_rr_ls,0.0,88,1.1938410000038857,True
E2,hex,4,222,312,rl,1.0,88,0.1869953000023088,True
E2,hex,4,222,312,rl_rr,1.0,88,0.1872724000022572,True
E2,hex,4,222,312,rl_rr_ls,1.0,88,1.1875323000022036,True
E2,hex,5,390,558,greedy,,196,0.0007010000008449424,True
E2,hex,5,390,558,greedy_rr,,185,0.0009907999992719851,True
E2,hex,5,390,558,greedy_rr_ls,,148,0.1499111000011908,True
E2,hex,5,390,558,rl,0.0,149,0.3042102999970666,True
E2,hex,5,390,558,rl_rr,0.0,149,0.3046210999964387,True
E2,hex,5,390,558,rl_rr_ls,0.0,148,0.3637488999956986,True
E2,hex,5,390,558,rl,1.0,151,0.3111164000001736,True
E2,hex,5,390,558,rl_rr,1.0,150,0.31155609999768785,True
E2,hex,5,390,558,rl_rr_ls,1.0,148,1.3118666999944253,True
E3,er_d8_n10000,0,10000,40184,greedy,,1783,0.031941199998982484,True
E3,er_d8_n10000,0,10000,40184,greedy_rr,,1765,0.03192080000007991,True
E3,er_d8_n10000,0,10000,40184,rl,0.0,1656,2.1587746999975934,True
E3,er_d8_n10000,0,10000,40184,rl_rr,0.0,1655,2.1620472999966296,True
E3,er_d8_n10000,0,10000,40184,rl,1.0,1699,2.1482383999973536,True
E3,er_d8_n10000,0,10000,40184,rl_rr,1.0,1694,2.1516876999994565,True
E3,ba_m3_n10000,0,10000,29991,greedy,,1424,0.018873499997425824,True
E3,ba_m3_n10000,0,10000,29991,greedy_rr,,1410,0.021351399998820852,True
E3,ba_m3_n10000,0,10000,29991,rl,0.0,1396,1.4276070999985677,True
E3,ba_m3_n10000,0,10000,29991,rl_rr,0.0,1394,1.4328967000001285,True
E3,ba_m3_n10000,0,10000,29991,rl,1.0,1419,1.4714782000010018,True
E3,ba_m3_n10000,0,10000,29991,rl_rr,1.0,1401,1.4770523000006506,True
