set,idx,name,family,n,m,method,label,seed,size,weight,runtime,valid,optimal,bound,info
e1/ba_m2_n100.npz,0,ba_m2_n100_seed560884214,ba,100,196,greedy,greedy,0,19,19.0,0.000321,True,,,{}
e1/ba_m2_n100.npz,0,ba_m2_n100_seed560884214,ba,100,196,greedy_rr,greedy_rr,0,19,19.0,0.000257,True,,,{}
e1/ba_m2_n100.npz,0,ba_m2_n100_seed560884214,ba,100,196,greedy_rr_ls,greedy_rr_ls,0,19,19.0,0.003172,True,,,{}
e1/ba_m2_n100.npz,0,ba_m2_n100_seed560884214,ba,100,196,ilp,ilp,0,19,19.0,0.551783,True,True,19.0,"{""gap"": 0.0, ""status"": ""OPTIMAL"", ""time_limit"": 60.0}"
e1/ba_m2_n100.npz,1,ba_m2_n100_seed738730848,ba,100,196,greedy,greedy,0,19,19.0,0.000234,True,,,{}
e1/ba_m2_n100.npz,1,ba_m2_n100_seed738730848,ba,100,196,greedy_rr,greedy_rr,0,19,19.0,0.000280,True,,,{}
e1/ba_m2_n100.npz,1,ba_m2_n100_seed738730848,ba,100,196,greedy_rr_ls,greedy_rr_ls,0,19,19.0,1.000488,True,,,{}
e1/ba_m2_n100.npz,1,ba_m2_n100_seed738730848,ba,100,196,ilp,ilp,0,19,19.0,0.012599,True,True,19.0,"{""gap"": 0.0, ""status"": ""OPTIMAL"", ""time_limit"": 60.0}"
e1/ba_m2_n100.npz,2,ba_m2_n100_seed1003045082,ba,100,196,greedy,greedy,0,21,21.0,0.000487,True,,,{}
e1/ba_m2_n100.npz,2,ba_m2_n100_seed1003045082,ba,100,196,greedy_rr,greedy_rr,0,21,21.0,0.000249,True,,,{}
e1/ba_m2_n100.npz,2,ba_m2_n100_seed1003045082,ba,100,196,greedy_rr_ls,greedy_rr_ls,0,20,20.0,0.001858,True,,,{}
e1/ba_m2_n100.npz,2,ba_m2_n100_seed1003045082,ba,100,196,ilp,ilp,0,20,20.0,0.011496,True,True,20.0,"{""gap"": 0.0, ""status"": ""OPTIMAL"", ""time_limit"": 60.0}"
e1/ba_m2_n100.npz,3,ba_m2_n100_seed322020940,ba,100,196,greedy,greedy,0,22,22.0,0.000232,True,,,{}
e1/ba_m2_n100.npz,3,ba_m2_n100_seed322020940,ba,100,196,greedy_rr,greedy_rr,0,22,22.0,0.000269,True,,,{}
e1/ba_m2_n100.npz,3,ba_m2_n100_seed322020940,ba,100,196,greedy_rr_ls,greedy_rr_ls,0,22,22.0,1.000408,True,,,{}
e1/ba_m2_n100.npz,3,ba_m2_n100_seed322020940,ba,100,196,ilp,ilp,0,22,22.0,0.012967,True,True,22.0,"{""gap"": 0.0, ""status"": ""OPTIMAL"", ""time_limit"": 60.0}"
e1/ba_m2_n100.npz,4,ba_m2_n100_seed545435119,ba,100,196,greedy,greedy,0,20,20.0,0.000486,True,,,{}
e1/ba_m2_n100.npz,4,ba_m2_n100_seed545435119,ba,100,196,greedy_rr,greedy_rr,0,19,19.0,0.000427,True,,,{}
e1/ba_m2_n100.npz,4,ba_m2_n100_seed545435119,ba,100,196,greedy_rr_ls,greedy_rr_ls,0,19,19.0,0.004368,True,,,{}
e1/ba_m2_n100.npz,4,ba_m2_n100_seed545435119,ba,100,196,ilp,ilp,0,19,19.0,0.024323,True,True,19.0,"{""gap"": 0.0, ""status"": ""OPTIMAL"", ""time_limit"": 60.0}"
e1/ba_m2_n100.npz,5,ba_m2_n100_seed757229433,ba,100,196,greedy,greedy,0,20,20.0,0.000196,True,,,{}
e1/ba_m2_n100.npz,5,ba_m2_n100_seed757229433,ba,100,196,greedy_rr,greedy_rr,0,20,20.0,0.000226,True,,,{}
e1/ba_m2_n100.npz,5,ba_m2_n100_seed757229433,ba,100,196,greedy_rr_ls,greedy_rr_ls,0,20,20.0,0.007657,True,,,{}
e1/ba_m2_n100.npz,5,ba_m2_n100_seed757229433,ba,100,196,ilp,ilp,0,20,20.0,0.021908,True,True,20.0,"{""gap"": 0.0, ""status"": ""OPTIMAL"", ""time_limit"": 60.0}"
e1/ba_m2_n100.npz,6,ba_m2_n100_seed56310467,ba,100,196,greedy,greedy,0,22,22.0,0.000174,True,,,{}
e1/ba_m2_n100.npz,6,ba_m2_n100_seed56310467,ba,100,196,greedy_rr,greedy_rr,0,22,22.0,0.000280,True,,,{}
e1/ba_m2_n100.npz,6,ba_m2_n100_seed56310467,ba,100,196,greedy_rr_ls,greedy_rr_ls,0,22,22.0,0.003959,True,,,{}
e1/ba_m2_n100.npz,6,ba_m2_n100_seed56310467,ba,100,196,ilp,ilp,0,22,22.0,0.009946,True,True,22.0,"{""gap"": 0.0, ""status"": ""OPTIMAL"", ""time_limit"": 60.0}"
e1/ba_m2_n100.npz,7,ba_m2_n100_seed273967701,ba,100,196,greedy,greedy,0,21,21.0,0.000260,True,,,{}
e1/ba_m2_n100.npz,7,ba_m2_n100_seed273967701,ba,100,196,greedy_rr,greedy_rr,0,21,21.0,0.000430,True,,,{}
e1/ba_m2_n100.npz,7,ba_m2_n100_seed273967701,ba,100,196,greedy_rr_ls,greedy_rr_ls,0,21,21.0,0.002884,True,,,{}
e1/ba_m2_n100.npz,7,ba_m2_n100_seed273967701,ba,100,196,ilp,ilp,0,21,21.0,0.011375,True,True,21.0,"{""gap"": 0.0, ""status"": ""OPTIMAL"", ""time_limit"": 60.0}"
e1/ba_m2_n100.npz,8,ba_m2_n100_seed387506628,ba,100,196,greedy,greedy,0,23,23.0,0.000192,True,,,{}
e1/ba_m2_n100.npz,8,ba_m2_n100_seed387506628,ba,100,196,greedy_rr,greedy_rr,0,22,22.0,0.000265,True,,,{}
e1/ba_m2_n100.npz,8,ba_m2_n100_seed387506628,ba,100,196,greedy_rr_ls,greedy_rr_ls,0,21,21.0,0.005962,True,,,{}
e1/ba_m2_n100.npz,8,ba_m2_n100_seed387506628,ba,100,196,ilp,ilp,0,21,21.0,0.026429,True,True,21.0,"{""gap"": 0.0, ""status"": ""OPTIMAL"", ""time_limit"": 60.0}"
e1/ba_m2_n100.npz,9,ba_m2_n100_seed632068946,ba,100,196,greedy,greedy,0,20,20.0,0.000262,True,,,{}
e1/ba_m2_n100.npz,9,ba_m2_n100_seed632068946,ba,100,196,greedy_rr,greedy_rr,0,20,20.0,0.000412,True,,,{}
e1/ba_m2_n100.npz,9,ba_m2_n100_seed632068946,ba,100,196,greedy_rr_ls,greedy_rr_ls,0,20,20.0,0.082640,True,,,{}
e1/ba_m2_n100.npz,9,ba_m2_n100_seed632068946,ba,100,196,ilp,ilp,0,20,20.0,0.024585,True,True,20.0,"{""gap"": 0.0, ""status"": ""OPTIMAL"", ""time_limit"": 60.0}"
e1/ba_m2_n100.npz,10,ba_m2_n100_seed488255857,ba,100,196,greedy,greedy,0,24,24.0,0.000205,True,,,{}
e1/ba_m2_n100.npz,10,ba_m2_n100_seed488255857,ba,100,196,greedy_rr,greedy_rr,0,23,23.0,0.000233,True,,,{}
e1/ba_m2_n100.npz,10,ba_m2_n100_seed488255857,ba,100,196,greedy_rr_ls,greedy_rr_ls,0,22,22.0,0.010036,True,,,{}
e1/ba_m2_n100.npz,10,ba_m2_n100_seed488255857,ba,100,196,ilp,ilp,0,22,22.0,0.020173,True,True,22.0,"{""gap"": 0.0, ""status"": ""OPTIMAL"", ""time_limit"": 60.0}"
e1/ba_m2_n100.npz,11,ba_m2_n100_seed102064615,ba,100,196,greedy,greedy,0,20,20.0,0.000169,True,,,{}
e1/ba_m2_n100.npz,11,ba_m2_n100_seed102064615,ba,100,196,greedy_rr,greedy_rr,0,20,20.0,0.000228,True,,,{}
e1/ba_m2_n100.npz,11,ba_m2_n100_seed102064615,ba,100,196,greedy_rr_ls,greedy_rr_ls,0,20,20.0,0.002988,True,,,{}
e1/ba_m2_n100.npz,11,ba_m2_n100_seed102064615,ba,100,196,ilp,ilp,0,20,20.0,0.010561,True,True,20.0,"{""gap"": 0.0, ""status"": ""OPTIMAL"", ""time_limit"": 60.0}"
e1/ba_m2_n100.npz,12,ba_m2_n100_seed568094813,ba,100,196,greedy,greedy,0,21,21.0,0.000229,True,,,{}
e1/ba_m2_n100.npz,12,ba_m2_n100_seed568094813,ba,100,196,greedy_rr,greedy_rr,0,21,21.0,0.000229,True,,,{}
e1/ba_m2_n100.npz,12,ba_m2_n100_seed568094813,ba,100,196,greedy_rr_ls,greedy_rr_ls,0,21,21.0,0.129734,True,,,{}
e1/ba_m2_n100.npz,12,ba_m2_n100_seed568094813,ba,100,196,ilp,ilp,0,21,21.0,0.011021,True,True,21.0,"{""gap"": 0.0, ""status"": ""OPTIMAL"", ""time_limit"": 60.0}"
e1/ba_m2_n100.npz,13,ba_m2_n100_seed457742027,ba,100,196,greedy,greedy,0,20,20.0,0.000219,True,,,{}
e1/ba_m2_n100.npz,13,ba_m2_n100_seed457742027,ba,100,196,greedy_rr,greedy_rr,0,20,20.0,0.000281,True,,,{}
e1/ba_m2_n100.npz,13,ba_m2_n100_seed457742027,ba,100,196,greedy_rr_ls,greedy_rr_ls,0,20,20.0,0.024855,True,,,{}
e1/ba_m2_n100.npz,13,ba_m2_n100_seed457742027,ba,100,196,ilp,ilp,0,20,20.0,0.020270,True,True,20.0,"{""gap"": 0.0, ""status"": ""OPTIMAL"", ""time_limit"": 60.0}"
e1/ba_m2_n100.npz,14,ba_m2_n100_seed376401256,ba,100,196,greedy,greedy,0,20,20.0,0.000239,True,,,{}
e1/ba_m2_n100.npz,14,ba_m2_n100_seed376401256,ba,100,196,greedy_rr,greedy_rr,0,20,20.0,0.000222,True,,,{}
e1/ba_m2_n100.npz,14,ba_m2_n100_seed376401256,ba,100,196,greedy_rr_ls,greedy_rr_ls,0,20,20.0,0.025755,True,,,{}
e1/ba_m2_n100.npz,14,ba_m2_n100_seed376401256,ba,100,196,ilp,ilp,0,20,20.0,0.019447,True,True,20.0,"{""gap"": 0.0, ""status"": ""OPTIMAL"", ""time_limit"": 60.0}"
e1/ba_m2_n100.npz,15,ba_m2_n100_seed225484286,ba,100,196,greedy,greedy,0,22,22.0,0.000233,True,,,{}
e1/ba_m2_n100.npz,15,ba_m2_n100_seed225484286,ba,100,196,greedy_rr,greedy_rr,0,21,21.0,0.000338,True,,,{}
e1/ba_m2_n100.npz,15,ba_m2_n100_seed225484286,ba,100,196,greedy_rr_ls,greedy_rr_ls,0,20,20.0,0.004475,True,,,{}
e1/ba_m2_n100.npz,15,ba_m2_n100_seed225484286,ba,100,196,ilp,ilp,0,20,20.0,0.010046,True,True,20.0,"{""gap"": 0.0, ""status"": ""OPTIMAL"", ""time_limit"": 60.0}"
e1/ba_m2_n100.npz,16,ba_m2_n100_seed659172420,ba,100,196,greedy,greedy,0,19,19.0,0.000238,True,,,{}
e1/ba_m2_n100.npz,16,ba_m2_n100_seed659172420,ba,100,196,greedy_rr,greedy_rr,0,19,19.0,0.000344,True,,,{}
e1/ba_m2_n100.npz,16,ba_m2_n100_seed659172420,ba,100,196,greedy_rr_ls,greedy_rr_ls,0,19,19.0,0.007104,True,,,{}
e1/ba_m2_n100.npz,16,ba_m2_n100_seed659172420,ba,100,196,ilp,ilp,0,19,19.0,0.023822,True,True,19.0,"{""gap"": 0.0, ""status"": ""OPTIMAL"", ""time_limit"": 60.0}"
e1/ba_m2_n100.npz,17,ba_m2_n100_seed380392146,ba,100,196,greedy,greedy,0,19,19.0,0.000234,True,,,{}
e1/ba_m2_n100.npz,17,ba_m2_n100_seed380392146,ba,100,196,greedy_rr,greedy_rr,0,19,19.0,0.000299,True,,,{}
e1/ba_m2_n100.npz,17,ba_m2_n100_seed380392146,ba,100,196,greedy_rr_ls,greedy_rr_ls,0,19,19.0,0.003024,True,,,{}
e1/ba_m2_n100.npz,17,ba_m2_n100_seed380392146,ba,100,196,ilp,ilp,0,19,19.0,0.025431,True,True,19.0,"{""gap"": 0.0, ""status"": ""OPTIMAL"", ""time_limit"": 60.0}"
e1/ba_m2_n100.npz,18,ba_m2_n100_seed247576899,ba,100,196,greedy,greedy,0,21,21.0,0.000947,True,,,{}
e1/ba_m2_n100.npz,18,ba_m2_n100_seed247576899,ba,100,196,greedy_rr,greedy_rr,0,21,21.0,0.000231,True,,,{}
e1/ba_m2_n100.npz,18,ba_m2_n100_seed247576899,ba,100,196,greedy_rr_ls,greedy_rr_ls,0,21,21.0,0.003389,True,,,{}
e1/ba_m2_n100.npz,18,ba_m2_n100_seed247576899,ba,100,196,ilp,ilp,0,21,21.0,0.024796,True,True,21.0,"{""gap"": 0.0, ""status"": ""OPTIMAL"", ""time_limit"": 60.0}"
e1/ba_m2_n100.npz,19,ba_m2_n100_seed62843349,ba,100,196,greedy,greedy,0,21,21.0,0.000170,True,,,{}
e1/ba_m2_n100.npz,19,ba_m2_n100_seed62843349,ba,100,196,greedy_rr,greedy_rr,0,21,21.0,0.000229,True,,,{}
e1/ba_m2_n100.npz,19,ba_m2_n100_seed62843349,ba,100,196,greedy_rr_ls,greedy_rr_ls,0,21,21.0,0.002194,True,,,{}
e1/ba_m2_n100.npz,19,ba_m2_n100_seed62843349,ba,100,196,ilp,ilp,0,21,21.0,0.012072,True,True,21.0,"{""gap"": 0.0, ""status"": ""OPTIMAL"", ""time_limit"": 60.0}"
e1/ba_m2_n100.npz,20,ba_m2_n100_seed841942322,ba,100,196,greedy,greedy,0,19,19.0,0.000175,True,,,{}
e1/ba_m2_n100.npz,20,ba_m2_n100_seed841942322,ba,100,196,greedy_rr,greedy_rr,0,18,18.0,0.000206,True,,,{}
e1/ba_m2_n100.npz,20,ba_m2_n100_seed841942322,ba,100,196,greedy_rr_ls,greedy_rr_ls,0,18,18.0,0.002509,True,,,{}
e1/ba_m2_n100.npz,20,ba_m2_n100_seed841942322,ba,100,196,ilp,ilp,0,18,18.0,0.012840,True,True,18.0,"{""gap"": 0.0, ""status"": ""OPTIMAL"", ""time_limit"": 60.0}"
e1/ba_m2_n100.npz,21,ba_m2_n100_seed483057316,ba,100,196,greedy,greedy,0,24,24.0,0.000220,True,,,{}
e1/ba_m2_n100.npz,21,ba_m2_n100_seed483057316,ba,100,196,greedy_rr,greedy_rr,0,24,24.0,0.000235,True,,,{}
e1/ba_m2_n100.npz,21,ba_m2_n100_seed483057316,ba,100,196,greedy_rr_ls,greedy_rr_ls,0,23,23.0,0.008077,True,,,{}
e1/ba_m2_n100.npz,21,ba_m2_n100_seed483057316,ba,100,196,ilp,ilp,0,23,23.0,0.022533,True,True,23.0,"{""gap"": 0.0, ""status"": ""OPTIMAL"", ""time_limit"": 60.0}"
e1/ba_m2_n100.npz,22,ba_m2_n100_seed185188894,ba,100,196,greedy,greedy,0,24,24.0,0.000228,True,,,{}
e1/ba_m2_n100.npz,22,ba_m2_n100_seed185188894,ba,100,196,greedy_rr,greedy_rr,0,22,22.0,0.000231,True,,,{}
e1/ba_m2_n100.npz,22,ba_m2_n100_seed185188894,ba,100,196,greedy_rr_ls,greedy_rr_ls,0,22,22.0,0.002499,True,,,{}
e1/ba_m2_n100.npz,22,ba_m2_n100_seed185188894,ba,100,196,ilp,ilp,0,22,22.0,0.011471,True,True,22.0,"{""gap"": 0.0, ""status"": ""OPTIMAL"", ""time_limit"": 60.0}"
e1/ba_m2_n100.npz,23,ba_m2_n100_seed114359688,ba,100,196,greedy,greedy,0,21,21.0,0.000290,True,,,{}
e1/ba_m2_n100.npz,23,ba_m2_n100_seed114359688,ba,100,196,greedy_rr,greedy_rr,0,21,21.0,0.000255,True,,,{}
e1/ba_m2_n100.npz,23,ba_m2_n100_seed114359688,ba,100,196,greedy_rr_ls,greedy_rr_ls,0,21,21.0,0.004847,True,,,{}
e1/ba_m2_n100.npz,23,ba_m2_n100_seed114359688,ba,100,196,ilp,ilp,0,21,21.0,0.025772,True,True,21.0,"{""gap"": 0.0, ""status"": ""OPTIMAL"", ""time_limit"": 60.0}"
e1/ba_m2_n100.npz,24,ba_m2_n100_seed828031275,ba,100,196,greedy,greedy,0,19,19.0,0.000257,True,,,{}
e1/ba_m2_n100.npz,24,ba_m2_n100_seed828031275,ba,100,196,greedy_rr,greedy_rr,0,19,19.0,0.000219,True,,,{}
e1/ba_m2_n100.npz,24,ba_m2_n100_seed828031275,ba,100,196,greedy_rr_ls,greedy_rr_ls,0,19,19.0,0.002572,True,,,{}
e1/ba_m2_n100.npz,24,ba_m2_n100_seed828031275,ba,100,196,ilp,ilp,0,19,19.0,0.011029,True,True,19.0,"{""gap"": 0.0, ""status"": ""OPTIMAL"", ""time_limit"": 60.0}"
e1/ba_m2_n100.npz,25,ba_m2_n100_seed502307517,ba,100,196,greedy,greedy,0,20,20.0,0.000249,True,,,{}
e1/ba_m2_n100.npz,25,ba_m2_n100_seed502307517,ba,100,196,greedy_rr,greedy_rr,0,20,20.0,0.000220,True,,,{}
e1/ba_m2_n100.npz,25,ba_m2_n100_seed502307517,ba,100,196,greedy_rr_ls,greedy_rr_ls,0,19,19.0,0.003796,True,,,{}
e1/ba_m2_n100.npz,25,ba_m2_n100_seed502307517,ba,100,196,ilp,ilp,0,19,19.0,0.011166,True,True,19.0,"{""gap"": 0.0, ""status"": ""OPTIMAL"", ""time_limit"": 60.0}"
e1/ba_m2_n100.npz,26,ba_m2_n100_seed236781063,ba,100,196,greedy,greedy,0,21,21.0,0.000229,True,,,{}
e1/ba_m2_n100.npz,26,ba_m2_n100_seed236781063,ba,100,196,greedy_rr,greedy_rr,0,21,21.0,0.000236,True,,,{}
e1/ba_m2_n100.npz,26,ba_m2_n100_seed236781063,ba,100,196,greedy_rr_ls,greedy_rr_ls,0,21,21.0,1.000394,True,,,{}
e1/ba_m2_n100.npz,26,ba_m2_n100_seed236781063,ba,100,196,ilp,ilp,0,21,21.0,0.011275,True,True,21.0,"{""gap"": 0.0, ""status"": ""OPTIMAL"", ""time_limit"": 60.0}"
e1/ba_m2_n100.npz,27,ba_m2_n100_seed65943953,ba,100,196,greedy,greedy,0,19,19.0,0.000208,True,,,{}
e1/ba_m2_n100.npz,27,ba_m2_n100_seed65943953,ba,100,196,greedy_rr,greedy_rr,0,19,19.0,0.000261,True,,,{}
e1/ba_m2_n100.npz,27,ba_m2_n100_seed65943953,ba,100,196,greedy_rr_ls,greedy_rr_ls,0,19,19.0,0.003603,True,,,{}
e1/ba_m2_n100.npz,27,ba_m2_n100_seed65943953,ba,100,196,ilp,ilp,0,19,19.0,0.011077,True,True,19.0,"{""gap"": 0.0, ""status"": ""OPTIMAL"", ""time_limit"": 60.0}"
e1/ba_m2_n100.npz,28,ba_m2_n100_seed937725184,ba,100,196,greedy,greedy,0,23,23.0,0.000188,True,,,{}
e1/ba_m2_n100.npz,28,ba_m2_n100_seed937725184,ba,100,196,greedy_rr,greedy_rr,0,23,23.0,0.000242,True,,,{}
e1/ba_m2_n100.npz,28,ba_m2_n100_seed937725184,ba,100,196,greedy_rr_ls,greedy_rr_ls,0,23,23.0,1.000351,True,,,{}
e1/ba_m2_n100.npz,28,ba_m2_n100_seed937725184,ba,100,196,ilp,ilp,0,23,23.0,0.012098,True,True,23.0,"{""gap"": 0.0, ""status"": ""OPTIMAL"", ""time_limit"": 60.0}"
e1/ba_m2_n100.npz,29,ba_m2_n100_seed646342294,ba,100,196,greedy,greedy,0,19,19.0,0.000180,True,,,{}
e1/ba_m2_n100.npz,29,ba_m2_n100_seed646342294,ba,100,196,greedy_rr,greedy_rr,0,19,19.0,0.000524,True,,,{}
e1/ba_m2_n100.npz,29,ba_m2_n100_seed646342294,ba,100,196,greedy_rr_ls,greedy_rr_ls,0,19,19.0,0.003641,True,,,{}
e1/ba_m2_n100.npz,29,ba_m2_n100_seed646342294,ba,100,196,ilp,ilp,0,19,19.0,0.009881,True,True,19.0,"{""gap"": 0.0, ""status"": ""OPTIMAL"", ""time_limit"": 60.0}"
e1/ba_m2_n100.npz,30,ba_m2_n100_seed260655603,ba,100,196,greedy,greedy,0,22,22.0,0.000223,True,,,{}
e1/ba_m2_n100.npz,30,ba_m2_n100_seed260655603,ba,100,196,greedy_rr,greedy_rr,0,21,21.0,0.000237,True,,,{}
e1/ba_m2_n100.npz,30,ba_m2_n100_seed260655603,ba,100,196,greedy_rr_ls,greedy_rr_ls,0,21,21.0,1.000420,True,,,{}
e1/ba_m2_n100.npz,30,ba_m2_n100_seed260655603,ba,100,196,ilp,ilp,0,21,21.0,0.011554,True,True,21.0,"{""gap"": 0.0, ""status"": ""OPTIMAL"", ""time_limit"": 60.0}"
e1/ba_m2_n100.npz,31,ba_m2_n100_seed331730277,ba,100,196,greedy,greedy,0,22,22.0,0.000174,True,,,{}
e1/ba_m2_n100.npz,31,ba_m2_n100_seed331730277,ba,100,196,greedy_rr,greedy_rr,0,22,22.0,0.000229,True,,,{}
e1/ba_m2_n100.npz,31,ba_m2_n100_seed331730277,ba,100,196,greedy_rr_ls,greedy_rr_ls,0,22,22.0,0.003457,True,,,{}
e1/ba_m2_n100.npz,31,ba_m2_n100_seed331730277,ba,100,196,ilp,ilp,0,22,22.0,0.027912,True,True,22.0,"{""gap"": 0.0, ""status"": ""OPTIMAL"", ""time_limit"": 60.0}"
e1/ba_m2_n100.npz,32,ba_m2_n100_seed334664415,ba,100,196,greedy,greedy,0,26,26.0,0.000215,True,,,{}
e1/ba_m2_n100.npz,32,ba_m2_n100_seed334664415,ba,100,196,greedy_rr,greedy_rr,0,24,24.0,0.000275,True,,,{}
e1/ba_m2_n100.npz,32,ba_m2_n100_seed334664415,ba,100,196,greedy_rr_ls,greedy_rr_ls,0,24,24.0,0.003929,True,,,{}
e1/ba_m2_n100.npz,32,ba_m2_n100_seed334664415,ba,100,196,ilp,ilp,0,24,24.0,0.024840,True,True,24.0,"{""gap"": 0.0, ""status"": ""OPTIMAL"", ""time_limit"": 60.0}"
e1/ba_m2_n100.npz,33,ba_m2_n100_seed693303369,ba,100,196,greedy,greedy,0,18,18.0,0.000197,True,,,{}
e1/ba_m2_n100.npz,33,ba_m2_n100_seed693303369,ba,100,196,greedy_rr,greedy_rr,0,18,18.0,0.000258,True,,,{}
e1/ba_m2_n100.npz,33,ba_m2_n100_seed693303369,ba,100,196,greedy_rr_ls,greedy_rr_ls,0,18,18.0,0.002926,True,,,{}
e1/ba_m2_n100.npz,33,ba_m2_n100_seed693303369,ba,100,196,ilp,ilp,0,18,18.0,0.010803,True,True,18.0,"{""gap"": 0.0, ""status"": ""OPTIMAL"", ""time_limit"": 60.0}"
e1/ba_m2_n100.npz,34,ba_m2_n100_seed212272618,ba,100,196,greedy,greedy,0,21,21.0,0.000168,True,,,{}
e1/ba_m2_n100.npz,34,ba_m2_n100_seed212272618,ba,100,196,greedy_rr,greedy_rr,0,20,20.0,0.000228,True,,,{}
e1/ba_m2_n100.npz,34,ba_m2_n100_seed212272618,ba,100,196,greedy_rr_ls,greedy_rr_ls,0,20,20.0,0.001237,True,,,{}
e1/ba_m2_n100.npz,34,ba_m2_n100_seed212272618,ba,100,196,ilp,ilp,0,20,20.0,0.013722,True,True,20.0,"{""gap"": 0.0, ""status"": ""OPTIMAL"", ""time_limit"": 60.0}"
e1/ba_m2_n100.npz,35,ba_m2_n100_seed383355260,ba,100,196,greedy,greedy,0,23,23.0,0.000208,True,,,{}
e1/ba_m2_n100.npz,35,ba_m2_n100_seed383355260,ba,100,196,greedy_rr,greedy_rr,0,23,23.0,0.001505,True,,,{}
e1/ba_m2_n100.npz,35,ba_m2_n100_seed383355260,ba,100,196,greedy_rr_ls,greedy_rr_ls,0,23,23.0,0.283328,True,,,{}
e1/ba_m2_n100.npz,35,ba_m2_n100_seed383355260,ba,100,196,ilp,ilp,0,23,23.0,0.010963,True,True,23.0,"{""gap"": 0.0, ""status"": ""OPTIMAL"", ""time_limit"": 60.0}"
e1/ba_m2_n100.npz,36,ba_m2_n100_seed353881798,ba,100,196,greedy,greedy,0,21,21.0,0.000180,True,,,{}
e1/ba_m2_n100.npz,36,ba_m2_n100_seed353881798,ba,100,196,greedy_rr,greedy_rr,0,20,20.0,0.000237,True,,,{}
e1/ba_m2_n100.npz,36,ba_m2_n100_seed353881798,ba,100,196,greedy_rr_ls,greedy_rr_ls,0,20,20.0,1.000329,True,,,{}
e1/ba_m2_n100.npz,36,ba_m2_n100_seed353881798,ba,100,196,ilp,ilp,0,20,20.0,0.024672,True,True,20.0,"{""gap"": 0.0, ""status"": ""OPTIMAL"", ""time_limit"": 60.0}"
e1/ba_m2_n100.npz,37,ba_m2_n100_seed679359568,ba,100,196,greedy,greedy,0,23,23.0,0.000179,True,,,{}
e1/ba_m2_n100.npz,37,ba_m2_n100_seed679359568,ba,100,196,greedy_rr,greedy_rr,0,23,23.0,0.000328,True,,,{}
e1/ba_m2_n100.npz,37,ba_m2_n100_seed679359568,ba,100,196,greedy_rr_ls,greedy_rr_ls,0,22,22.0,1.000524,True,,,{}
e1/ba_m2_n100.npz,37,ba_m2_n100_seed679359568,ba,100,196,ilp,ilp,0,22,22.0,0.016136,True,True,22.0,"{""gap"": 0.0, ""status"": ""OPTIMAL"", ""time_limit"": 60.0}"
e1/ba_m2_n100.npz,38,ba_m2_n100_seed89444801,ba,100,196,greedy,greedy,0,24,24.0,0.000180,True,,,{}
e1/ba_m2_n100.npz,38,ba_m2_n100_seed89444801,ba,100,196,greedy_rr,greedy_rr,0,23,23.0,0.000237,True,,,{}
e1/ba_m2_n100.npz,38,ba_m2_n100_seed89444801,ba,100,196,greedy_rr_ls,greedy_rr_ls,0,22,22.0,1.000368,True,,,{}
e1/ba_m2_n100.npz,38,ba_m2_n100_seed89444801,ba,100,196,ilp,ilp,0,22,22.0,0.011029,True,True,22.0,"{""gap"": 0.0, ""status"": ""OPTIMAL"", ""time_limit"": 60.0}"
e1/ba_m2_n100.npz,39,ba_m2_n100_seed227235159,ba,100,196,greedy,greedy,0,18,18.0,0.000176,True,,,{}
e1/ba_m2_n100.npz,39,ba_m2_n100_seed227235159,ba,100,196,greedy_rr,greedy_rr,0,18,18.0,0.000200,True,,,{}
e1/ba_m2_n100.npz,39,ba_m2_n100_seed227235159,ba,100,196,greedy_rr_ls,greedy_rr_ls,0,18,18.0,0.002014,True,,,{}
e1/ba_m2_n100.npz,39,ba_m2_n100_seed227235159,ba,100,196,ilp,ilp,0,18,18.0,0.012470,True,True,18.0,"{""gap"": 0.0, ""status"": ""OPTIMAL"", ""time_limit"": 60.0}"
e1/ba_m2_n100.npz,40,ba_m2_n100_seed6659508,ba,100,196,greedy,greedy,0,22,22.0,0.000167,True,,,{}
e1/ba_m2_n100.npz,40,ba_m2_n100_seed6659508,ba,100,196,greedy_rr,greedy_rr,0,21,21.0,0.000221,True,,,{}
e1/ba_m2_n100.npz,40,ba_m2_n100_seed6659508,ba,100,196,greedy_rr_ls,greedy_rr_ls,0,21,21.0,0.003057,True,,,{}
e1/ba_m2_n100.npz,40,ba_m2_n100_seed6659508,ba,100,196,ilp,ilp,0,20,20.0,0.012703,True,True,20.0,"{""gap"": 0.0, ""status"": ""OPTIMAL"", ""time_limit"": 60.0}"
e1/ba_m2_n100.npz,41,ba_m2_n100_seed325742114,ba,100,196,greedy,greedy,0,23,23.0,0.000188,True,,,{}
e1/ba_m2_n100.npz,41,ba_m2_n100_seed325742114,ba,100,196,greedy_rr,greedy_rr,0,23,23.0,0.000223,True,,,{}
e1/ba_m2_n100.npz,41,ba_m2_n100_seed325742114,ba,100,196,greedy_rr_ls,greedy_rr_ls,0,22,22.0,0.006863,True,,,{}
e1/ba_m2_n100.npz,41,ba_m2_n100_seed325742114,ba,100,196,ilp,ilp,0,22,22.0,0.022963,True,True,22.0,"{""gap"": 0.0, ""status"": ""OPTIMAL"", ""time_limit"": 60.0}"
e1/ba_m2_n100.npz,42,ba_m2_n100_seed563696280,ba,100,196,greedy,greedy,0,19,19.0,0.000160,True,,,{}
e1/ba_m2_n100.npz,42,ba_m2_n100_seed563696280,ba,100,196,greedy_rr,greedy_rr,0,18,18.0,0.000218,True,,,{}
e1/ba_m2_n100.npz,42,ba_m2_n100_seed563696280,ba,100,196,greedy_rr_ls,greedy_rr_ls,0,18,18.0,0.002012,True,,,{}
e1/ba_m2_n100.npz,42,ba_m2_n100_seed563696280,ba,100,196,ilp,ilp,0,18,18.0,0.012570,True,True,18.0,"{""gap"": 0.0, ""status"": ""OPTIMAL"", ""time_limit"": 60.0}"
e1/ba_m2_n100.npz,43,ba_m2_n100_seed741158158,ba,100,196,greedy,greedy,0,21,21.0,0.000149,True,,,{}
e1/ba_m2_n100.npz,43,ba_m2_n100_seed741158158,ba,100,196,greedy_rr,greedy_rr,0,21,21.0,0.000197,True,,,{}
e1/ba_m2_n100.npz,43,ba_m2_n100_seed741158158,ba,100,196,greedy_rr_ls,greedy_rr_ls,0,21,21.0,1.000337,True,,,{}
e1/ba_m2_n100.npz,43,ba_m2_n100_seed741158158,ba,100,196,ilp,ilp,0,21,21.0,0.015799,True,True,21.0,"{""gap"": 0.0, ""status"": ""OPTIMAL"", ""time_limit"": 60.0}"
e1/ba_m2_n100.npz,44,ba_m2_n100_seed50356653,ba,100,196,greedy,greedy,0,22,22.0,0.000251,True,,,{}
e1/ba_m2_n100.npz,44,ba_m2_n100_seed50356653,ba,100,196,greedy_rr,greedy_rr,0,22,22.0,0.000274,True,,,{}
e1/ba_m2_n100.npz,44,ba_m2_n100_seed50356653,ba,100,196,greedy_rr_ls,greedy_rr_ls,0,22,22.0,1.000391,True,,,{}
e1/ba_m2_n100.npz,44,ba_m2_n100_seed50356653,ba,100,196,ilp,ilp,0,22,22.0,0.024158,True,True,22.0,"{""gap"": 0.0, ""status"": ""OPTIMAL"", ""time_limit"": 60.0}"
e1/ba_m2_n100.npz,45,ba_m2_n100_seed268382779,ba,100,196,greedy,greedy,0,25,25.0,0.000173,True,,,{}
e1/ba_m2_n100.npz,45,ba_m2_n100_seed268382779,ba,100,196,greedy_rr,greedy_rr,0,24,24.0,0.000238,True,,,{}
e1/ba_m2_n100.npz,45,ba_m2_n100_seed268382779,ba,100,196,greedy_rr_ls,greedy_rr_ls,0,24,24.0,0.169406,True,,,{}
e1/ba_m2_n100.npz,45,ba_m2_n100_seed268382779,ba,100,196,ilp,ilp,0,24,24.0,0.017099,True,True,24.0,"{""gap"": 0.0, ""status"": ""OPTIMAL"", ""time_limit"": 60.0}"
e1/ba_m2_n100.npz,46,ba_m2_n100_seed540776065,ba,100,196,greedy,greedy,0,22,22.0,0.000162,True,,,{}
e1/ba_m2_n100.npz,46,ba_m2_n100_seed540776065,ba,100,196,greedy_rr,greedy_rr,0,22,22.0,0.000369,True,,,{}
e1/ba_m2_n100.npz,46,ba_m2_n100_seed540776065,ba,100,196,greedy_rr_ls,greedy_rr_ls,0,22,22.0,0.003179,True,,,{}
e1/ba_m2_n100.npz,46,ba_m2_n100_seed540776065,ba,100,196,ilp,ilp,0,22,22.0,0.011399,True,True,22.0,"{""gap"": 0.0, ""status"": ""OPTIMAL"", ""time_limit"": 60.0}"
e1/ba_m2_n100.npz,47,ba_m2_n100_seed752447767,ba,100,196,greedy,greedy,0,21,21.0,0.000200,True,,,{}
e1/ba_m2_n100.npz,47,ba_m2_n100_seed752447767,ba,100,196,greedy_rr,greedy_rr,0,21,21.0,0.000273,True,,,{}
e1/ba_m2_n100.npz,47,ba_m2_n100_seed752447767,ba,100,196,greedy_rr_ls,greedy_rr_ls,0,20,20.0,0.003836,True,,,{}
e1/ba_m2_n100.npz,47,ba_m2_n100_seed752447767,ba,100,196,ilp,ilp,0,20,20.0,0.026402,True,True,20.0,"{""gap"": 0.0, ""status"": ""OPTIMAL"", ""time_limit"": 60.0}"
e1/ba_m2_n100.npz,48,ba_m2_n100_seed162407814,ba,100,196,greedy,greedy,0,21,21.0,0.000171,True,,,{}
e1/ba_m2_n100.npz,48,ba_m2_n100_seed162407814,ba,100,196,greedy_rr,greedy_rr,0,21,21.0,0.000232,True,,,{}
e1/ba_m2_n100.npz,48,ba_m2_n100_seed162407814,ba,100,196,greedy_rr_ls,greedy_rr_ls,0,20,20.0,0.003090,True,,,{}
e1/ba_m2_n100.npz,48,ba_m2_n100_seed162407814,ba,100,196,ilp,ilp,0,20,20.0,0.011510,True,True,20.0,"{""gap"": 0.0, ""status"": ""OPTIMAL"", ""time_limit"": 60.0}"
e1/ba_m2_n100.npz,49,ba_m2_n100_seed414250512,ba,100,196,greedy,greedy,0,19,19.0,0.000159,True,,,{}
e1/ba_m2_n100.npz,49,ba_m2_n100_seed414250512,ba,100,196,greedy_rr,greedy_rr,0,19,19.0,0.000200,True,,,{}
e1/ba_m2_n100.npz,49,ba_m2_n100_seed414250512,ba,100,196,greedy_rr_ls,greedy_rr_ls,0,19,19.0,0.002424,True,,,{}
e1/ba_m2_n100.npz,49,ba_m2_n100_seed414250512,ba,100,196,ilp,ilp,0,19,19.0,0.012696,True,True,19.0,"{""gap"": 0.0, ""status"": ""OPTIMAL"", ""time_limit"": 60.0}"
e1/ba_m2_n1000.npz,0,ba_m2_n1000_seed95036701,ba,1000,1996,greedy,greedy,0,202,202.0,0.001520,True,,,{}
e1/ba_m2_n1000.npz,0,ba_m2_n1000_seed95036701,ba,1000,1996,greedy_rr,greedy_rr,0,199,199.0,0.002259,True,,,{}
e1/ba_m2_n1000.npz,0,ba_m2_n1000_seed95036701,ba,1000,1996,greedy_rr_ls,greedy_rr_ls,0,197,197.0,1.002522,True,,,{}
e1/ba_m2_n1000.npz,0,ba_m2_n1000_seed95036701,ba,1000,1996,ilp,ilp,0,197,197.0,0.076058,True,True,197.0,"{""gap"": 0.0, ""status"": ""OPTIMAL"", ""time_limit"": 60.0}"
e1/ba_m2_n1000.npz,1,ba_m2_n1000_seed233105547,ba,1000,1996,greedy,greedy,0,205,205.0,0.001243,True,,,{}
e1/ba_m2_n1000.npz,1,ba_m2_n1000_seed233105547,ba,1000,1996,greedy_rr,greedy_rr,0,201,201.0,0.001885,True,,,{}
e1/ba_m2_n1000.npz,1,ba_m2_n1000_seed233105547,ba,1000,1996,greedy_rr_ls,greedy_rr_ls,0,197,197.0,1.002313,True,,,{}
e1/ba_m2_n1000.npz,1,ba_m2_n1000_seed233105547,ba,1000,1996,ilp,ilp,0,196,196.0,0.051631,True,True,196.0,"{""gap"": 0.0, ""status"": ""OPTIMAL"", ""time_limit"": 60.0}"
e1/ba_m2_n1000.npz,2,ba_m2_n1000_seed504605745,ba,1000,1996,greedy,greedy,0,199,199.0,0.002515,True,,,{}
e1/ba_m2_n1000.npz,2,ba_m2_n1000_seed504605745,ba,1000,1996,greedy_rr,greedy_rr,0,196,196.0,0.001891,True,,,{}
e1/ba_m2_n1000.npz,2,ba_m2_n1000_seed504605745,ba,1000,1996,greedy_rr_ls,greedy_rr_ls,0,193,193.0,1.002513,True,,,{}
e1/ba_m2_n1000.npz,2,ba_m2_n1000_seed504605745,ba,1000,1996,ilp,ilp,0,192,192.0,0.080504,True,True,192.0,"{""gap"": 0.0, ""status"": ""OPTIMAL"", ""time_limit"": 60.0}"
e1/ba_m2_n1000.npz,3,ba_m2_n1000_seed795988391,ba,1000,1996,greedy,greedy,0,210,210.0,0.001260,True,,,{}
e1/ba_m2_n1000.npz,3,ba_m2_n1000_seed795988391,ba,1000,1996,greedy_rr,greedy_rr,0,208,208.0,0.001966,True,,,{}
e1/ba_m2_n1000.npz,3,ba_m2_n1000_seed795988391,ba,1000,1996,greedy_rr_ls,greedy_rr_ls,0,199,199.0,1.002575,True,,,{}
e1/ba_m2_n1000.npz,3,ba_m2_n1000_seed795988391,ba,1000,1996,ilp,ilp,0,199,199.0,0.078298,True,True,199.0,"{""gap"": 0.0, ""status"": ""OPTIMAL"", ""time_limit"": 60.0}"
e1/ba_m2_n1000.npz,4,ba_m2_n1000_seed109439236,ba,1000,1996,greedy,greedy,0,206,206.0,0.001359,True,,,{}
e1/ba_m2_n1000.npz,4,ba_m2_n1000_seed109439236,ba,1000,1996,greedy_rr,greedy_rr,0,203,203.0,0.001886,True,,,{}
e1/ba_m2_n1000.npz,4,ba_m2_n1000_seed109439236,ba,1000,1996,greedy_rr_ls,greedy_rr_ls,0,200,200.0,1.002552,True,,,{}
e1/ba_m2_n1000.npz,4,ba_m2_n1000_seed109439236,ba,1000,1996,ilp,ilp,0,198,198.0,0.064373,True,True,198.0,"{""gap"": 0.0, ""status"": ""OPTIMAL"", ""time_limit"": 60.0}"
e1/ba_m2_n1000.npz,5,ba_m2_n1000_seed213560466,ba,1000,1996,greedy,greedy,0,207,207.0,0.001649,True,,,{}
e1/ba_m2_n1000.npz,5,ba_m2_n1000_seed213560466,ba,1000,1996,greedy_rr,greedy_rr,0,204,204.0,0.002856,True,,,{}
e1/ba_m2_n1000.npz,5,ba_m2_n1000_seed213560466,ba,1000,1996,greedy_rr_ls,greedy_rr_ls,0,202,202.0,1.002716,True,,,{}
e1/ba_m2_n1000.npz,5,ba_m2_n1000_seed213560466,ba,1000,1996,ilp,ilp,0,202,202.0,0.075387,True,True,202.0,"{""gap"": 0.0, ""status"": ""OPTIMAL"", ""time_limit"": 60.0}"
e1/ba_m2_n1000.npz,6,ba_m2_n1000_seed452390952,ba,1000,1996,greedy,greedy,0,198,198.0,0.001274,True,,,{}
e1/ba_m2_n1000.npz,6,ba_m2_n1000_seed452390952,ba,1000,1996,greedy_rr,greedy_rr,0,198,198.0,0.001697,True,,,{}
e1/ba_m2_n1000.npz,6,ba_m2_n1000_seed452390952,ba,1000,1996,greedy_rr_ls,greedy_rr_ls,0,193,193.0,1.002357,True,,,{}
e1/ba_m2_n1000.npz,6,ba_m2_n1000_seed452390952,ba,1000,1996,ilp,ilp,0,193,193.0,0.058164,True,True,193.0,"{""gap"": 0.0, ""status"": ""OPTIMAL"", ""time_limit"": 60.0}"
e1/ba_m2_n1000.npz,7,ba_m2_n1000_seed845092286,ba,1000,1996,greedy,greedy,0,201,201.0,0.001771,True,,,{}
e1/ba_m2_n1000.npz,7,ba_m2_n1000_seed845092286,ba,1000,1996,greedy_rr,greedy_rr,0,201,201.0,0.001758,True,,,{}
e1/ba_m2_n1000.npz,7,ba_m2_n1000_seed845092286,ba,1000,1996,greedy_rr_ls,greedy_rr_ls,0,195,195.0,1.002601,True,,,{}
e1/ba_m2_n1000.npz,7,ba_m2_n1000_seed845092286,ba,1000,1996,ilp,ilp,0,195,195.0,0.063351,True,True,195.0,"{""gap"": 0.0, ""status"": ""OPTIMAL"", ""time_limit"": 60.0}"
e1/ba_m2_n1000.npz,8,ba_m2_n1000_seed250850607,ba,1000,1996,greedy,greedy,0,198,198.0,0.001556,True,,,{}
e1/ba_m2_n1000.npz,8,ba_m2_n1000_seed250850607,ba,1000,1996,greedy_rr,greedy_rr,0,196,196.0,0.001813,True,,,{}
e1/ba_m2_n1000.npz,8,ba_m2_n1000_seed250850607,ba,1000,1996,greedy_rr_ls,greedy_rr_ls,0,191,191.0,1.002262,True,,,{}
e1/ba_m2_n1000.npz,8,ba_m2_n1000_seed250850607,ba,1000,1996,ilp,ilp,0,190,190.0,0.065062,True,True,190.0,"{""gap"": 0.0, ""status"": ""OPTIMAL"", ""time_limit"": 60.0}"
e1/ba_m2_n1000.npz,9,ba_m2_n1000_seed321679545,ba,1000,1996,greedy,greedy,0,204,204.0,0.001197,True,,,{}
e1/ba_m2_n1000.npz,9,ba_m2_n1000_seed321679545,ba,1000,1996,greedy_rr,greedy_rr,0,200,200.0,0.001694,True,,,{}
e1/ba_m2_n1000.npz,9,ba_m2_n1000_seed321679545,ba,1000,1996,greedy_rr_ls,greedy_rr_ls,0,196,196.0,1.002137,True,,,{}
e1/ba_m2_n1000.npz,9,ba_m2_n1000_seed321679545,ba,1000,1996,ilp,ilp,0,196,196.0,0.052379,True,True,196.0,"{""gap"": 0.0, ""status"": ""OPTIMAL"", ""time_limit"": 60.0}"
e1/ba_m2_n1000.npz,10,ba_m2_n1000_seed362665032,ba,1000,1996,greedy,greedy,0,210,210.0,0.001858,True,,,{}
e1/ba_m2_n1000.npz,10,ba_m2_n1000_seed362665032,ba,1000,1996,greedy_rr,greedy_rr,0,207,207.0,0.001895,True,,,{}
e1/ba_m2_n1000.npz,10,ba_m2_n1000_seed362665032,ba,1000,1996,greedy_rr_ls,greedy_rr_ls,0,205,205.0,1.002364,True,,,{}
e1/ba_m2_n1000.npz,10,ba_m2_n1000_seed362665032,ba,1000,1996,ilp,ilp,0,202,202.0,0.068493,True,True,202.0,"{""gap"": 0.0, ""status"": ""OPTIMAL"", ""time_limit"": 60.0}"
e1/ba_m2_n1000.npz,11,ba_m2_n1000_seed654850782,ba,1000,1996,greedy,greedy,0,215,215.0,0.001325,True,,,{}
e1/ba_m2_n1000.npz,11,ba_m2_n1000_seed654850782,ba,1000,1996,greedy_rr,greedy_rr,0,213,213.0,0.001811,True,,,{}
e1/ba_m2_n1000.npz,11,ba_m2_n1000_seed654850782,ba,1000,1996,greedy_rr_ls,greedy_rr_ls,0,210,210.0,1.002416,True,,,{}
e1/ba_m2_n1000.npz,11,ba_m2_n1000_seed654850782,ba,1000,1996,ilp,ilp,0,210,210.0,0.080102,True,True,210.0,"{""gap"": 0.0, ""status"": ""OPTIMAL"", ""time_limit"": 60.0}"
e1/ba_m2_n1000.npz,12,ba_m2_n1000_seed222366564,ba,1000,1996,greedy,greedy,0,197,197.0,0.001249,True,,,{}
e1/ba_m2_n1000.npz,12,ba_m2_n1000_seed222366564,ba,1000,1996,greedy_rr,greedy_rr,0,193,193.0,0.002238,True,,,{}
e1/ba_m2_n1000.npz,12,ba_m2_n1000_seed222366564,ba,1000,1996,greedy_rr_ls,greedy_rr_ls,0,192,192.0,1.002397,True,,,{}
e1/ba_m2_n1000.npz,12,ba_m2_n1000_seed222366564,ba,1000,1996,ilp,ilp,0,192,192.0,0.052233,True,True,192.0,"{""gap"": 0.0, ""status"": ""OPTIMAL"", ""time_limit"": 60.0}"
e1/ba_m2_n1000.npz,13,ba_m2_n1000_seed359632882,ba,1000,1996,greedy,greedy,0,200,200.0,0.001529,True,,,{}
e1/ba_m2_n1000.npz,13,ba_m2_n1000_seed359632882,ba,1000,1996,greedy_rr,greedy_rr,0,198,198.0,0.001851,True,,,{}
e1/ba_m2_n1000.npz,13,ba_m2_n1000_seed359632882,ba,1000,1996,greedy_rr_ls,greedy_rr_ls,0,196,196.0,1.002138,True,,,{}
e1/ba_m2_n1000.npz,13,ba_m2_n1000_seed359632882,ba,1000,1996,ilp,ilp,0,195,195.0,0.070202,True,True,195.0,"{""gap"": 0.0, ""status"": ""OPTIMAL"", ""time_limit"": 60.0}"
e1/ba_m2_n1000.npz,14,ba_m2_n1000_seed310941777,ba,1000,1996,greedy,greedy,0,203,203.0,0.001259,True,,,{}
e1/ba_m2_n1000.npz,14,ba_m2_n1000_seed310941777,ba,1000,1996,greedy_rr,greedy_rr,0,202,202.0,0.001879,True,,,{}
e1/ba_m2_n1000.npz,14,ba_m2_n1000_seed310941777,ba,1000,1996,greedy_rr_ls,greedy_rr_ls,0,199,199.0,1.002797,True,,,{}
e1/ba_m2_n1000.npz,14,ba_m2_n1000_seed310941777,ba,1000,1996,ilp,ilp,0,199,199.0,0.052003,True,True,199.0,"{""gap"": 0.0, ""status"": ""OPTIMAL"", ""time_limit"": 60.0}"
e1/ba_m2_n1000.npz,15,ba_m2_n1000_seed703397575,ba,1000,1996,greedy,greedy,0,193,193.0,0.001726,True,,,{}
e1/ba_m2_n1000.npz,15,ba_m2_n1000_seed703397575,ba,1000,1996,greedy_rr,greedy_rr,0,190,190.0,0.001756,True,,,{}
e1/ba_m2_n1000.npz,15,ba_m2_n1000_seed703397575,ba,1000,1996,greedy_rr_ls,greedy_rr_ls,0,188,188.0,1.002328,True,,,{}
e1/ba_m2_n1000.npz,15,ba_m2_n1000_seed703397575,ba,1000,1996,ilp,ilp,0,187,187.0,0.055557,True,True,187.0,"{""gap"": 0.0, ""status"": ""OPTIMAL"", ""time_limit"": 60.0}"
e1/ba_m2_n1000.npz,16,ba_m2_n1000_seed236146557,ba,1000,1996,greedy,greedy,0,190,190.0,0.001301,True,,,{}
e1/ba_m2_n1000.npz,16,ba_m2_n1000_seed236146557,ba,1000,1996,greedy_rr,greedy_rr,0,186,186.0,0.003315,True,,,{}
e1/ba_m2_n1000.npz,16,ba_m2_n1000_seed236146557,ba,1000,1996,greedy_rr_ls,greedy_rr_ls,0,184,184.0,1.002655,True,,,{}
e1/ba_m2_n1000.npz,16,ba_m2_n1000_seed236146557,ba,1000,1996,ilp,ilp,0,184,184.0,0.064985,True,True,184.0,"{""gap"": 0.0, ""status"": ""OPTIMAL"", ""time_limit"": 60.0}"
e1/ba_m2_n1000.npz,17,ba_m2_n1000_seed340513771,ba,1000,1996,greedy,greedy,0,210,210.0,0.001265,True,,,{}
e1/ba_m2_n1000.npz,17,ba_m2_n1000_seed340513771,ba,1000,1996,greedy_rr,greedy_rr,0,204,204.0,0.001769,True,,,{}
e1/ba_m2_n1000.npz,17,ba_m2_n1000_seed340513771,ba,1000,1996,greedy_rr_ls,greedy_rr_ls,0,200,200.0,1.002206,True,,,{}
e1/ba_m2_n1000.npz,17,ba_m2_n1000_seed340513771,ba,1000,1996,ilp,ilp,0,198,198.0,0.067339,True,True,198.0,"{""gap"": 0.0, ""status"": ""OPTIMAL"", ""time_limit"": 60.0}"
e1/ba_m2_n1000.npz,18,ba_m2_n1000_seed467029114,ba,1000,1996,greedy,greedy,0,193,193.0,0.002263,True,,,{}
e1/ba_m2_n1000.npz,18,ba_m2_n1000_seed467029114,ba,1000,1996,greedy_rr,greedy_rr,0,192,192.0,0.001725,True,,,{}
e1/ba_m2_n1000.npz,18,ba_m2_n1000_seed467029114,ba,1000,1996,greedy_rr_ls,greedy_rr_ls,0,191,191.0,1.002372,True,,,{}
e1/ba_m2_n1000.npz,18,ba_m2_n1000_seed467029114,ba,1000,1996,ilp,ilp,0,191,191.0,0.050596,True,True,191.0,"{""gap"": 0.0, ""status"": ""OPTIMAL"", ""time_limit"": 60.0}"
e1/ba_m2_n1000.npz,19,ba_m2_n1000_seed826192620,ba,1000,1996,greedy,greedy,0,203,203.0,0.001301,True,,,{}
e1/ba_m2_n1000.npz,19,ba_m2_n1000_seed826192620,ba,1000,1996,greedy_rr,greedy_rr,0,199,199.0,0.001808,True,,,{}
e1/ba_m2_n1000.npz,19,ba_m2_n1000_seed826192620,ba,1000,1996,greedy_rr_ls,greedy_rr_ls,0,197,197.0,1.002320,True,,,{}
e1/ba_m2_n1000.npz,19,ba_m2_n1000_seed826192620,ba,1000,1996,ilp,ilp,0,197,197.0,0.067063,True,True,197.0,"{""gap"": 0.0, ""status"": ""OPTIMAL"", ""time_limit"": 60.0}"
e1/ba_m2_n1000.npz,20,ba_m2_n1000_seed53369867,ba,1000,1996,greedy,greedy,0,197,197.0,0.001247,True,,,{}
e1/ba_m2_n1000.npz,20,ba_m2_n1000_seed53369867,ba,1000,1996,greedy_rr,greedy_rr,0,197,197.0,0.001648,True,,,{}
e1/ba_m2_n1000.npz,20,ba_m2_n1000_seed53369867,ba,1000,1996,greedy_rr_ls,greedy_rr_ls,0,195,195.0,1.002289,True,,,{}
e1/ba_m2_n1000.npz,20,ba_m2_n1000_seed53369867,ba,1000,1996,ilp,ilp,0,194,194.0,0.051563,True,True,194.0,"{""gap"": 0.0, ""status"": ""OPTIMAL"", ""time_limit"": 60.0}"
e1/ba_m2_n1000.npz,21,ba_m2_n1000_seed237857693,ba,1000,1996,greedy,greedy,0,202,202.0,0.001477,True,,,{}
e1/ba_m2_n1000.npz,21,ba_m2_n1000_seed237857693,ba,1000,1996,greedy_rr,greedy_rr,0,201,201.0,0.001715,True,,,{}
e1/ba_m2_n1000.npz,21,ba_m2_n1000_seed237857693,ba,1000,1996,greedy_rr_ls,greedy_rr_ls,0,200,200.0,1.002247,True,,,{}
e1/ba_m2_n1000.npz,21,ba_m2_n1000_seed237857693,ba,1000,1996,ilp,ilp,0,200,200.0,0.065295,True,True,200.0,"{""gap"": 0.0, ""status"": ""OPTIMAL"", ""time_limit"": 60.0}"
e1/ba_m2_n1000.npz,22,ba_m2_n1000_seed502180135,ba,1000,1996,greedy,greedy,0,204,204.0,0.001493,True,,,{}
e1/ba_m2_n1000.npz,22,ba_m2_n1000_seed502180135,ba,1000,1996,greedy_rr,greedy_rr,0,200,200.0,0.001879,True,,,{}
e1/ba_m2_n1000.npz,22,ba_m2_n1000_seed502180135,ba,1000,1996,greedy_rr_ls,greedy_rr_ls,0,196,196.0,1.002645,True,,,{}
e1/ba_m2_n1000.npz,22,ba_m2_n1000_seed502180135,ba,1000,1996,ilp,ilp,0,195,195.0,0.073612,True,True,195.0,"{""gap"": 0.0, ""status"": ""OPTIMAL"", ""time_limit"": 60.0}"
e1/ba_m2_n1000.npz,23,ba_m2_n1000_seed814498481,ba,1000,1996,greedy,greedy,0,190,190.0,0.001929,True,,,{}
e1/ba_m2_n1000.npz,23,ba_m2_n1000_seed814498481,ba,1000,1996,greedy_rr,greedy_rr,0,187,187.0,0.001791,True,,,{}
e1/ba_m2_n1000.npz,23,ba_m2_n1000_seed814498481,ba,1000,1996,greedy_rr_ls,greedy_rr_ls,0,186,186.0,1.002369,True,,,{}
e1/ba_m2_n1000.npz,23,ba_m2_n1000_seed814498481,ba,1000,1996,ilp,ilp,0,184,184.0,0.064645,True,True,184.0,"{""gap"": 0.0, ""status"": ""OPTIMAL"", ""time_limit"": 60.0}"
e1/ba_m2_n1000.npz,24,ba_m2_n1000_seed962423314,ba,1000,1996,greedy,greedy,0,194,194.0,0.001397,True,,,{}
e1/ba_m2_n1000.npz,24,ba_m2_n1000_seed962423314,ba,1000,1996,greedy_rr,greedy_rr,0,193,193.0,0.001734,True,,,{}
e1/ba_m2_n1000.npz,24,ba_m2_n1000_seed962423314,ba,1000,1996,greedy_rr_ls,greedy_rr_ls,0,187,187.0,1.002512,True,,,{}
e1/ba_m2_n1000.npz,24,ba_m2_n1000_seed962423314,ba,1000,1996,ilp,ilp,0,186,186.0,0.068588,True,True,186.0,"{""gap"": 0.0, ""status"": ""OPTIMAL"", ""time_limit"": 60.0}"
e1/ba_m2_n1000.npz,25,ba_m2_n1000_seed315076484,ba,1000,1996,greedy,greedy,0,191,191.0,0.001264,True,,,{}
e1/ba_m2_n1000.npz,25,ba_m2_n1000_seed315076484,ba,1000,1996,greedy_rr,greedy_rr,0,188,188.0,0.001732,True,,,{}
e1/ba_m2_n1000.npz,25,ba_m2_n1000_seed315076484,ba,1000,1996,greedy_rr_ls,greedy_rr_ls,0,186,186.0,1.002114,True,,,{}
e1/ba_m2_n1000.npz,25,ba_m2_n1000_seed315076484,ba,1000,1996,ilp,ilp,0,186,186.0,0.066649,True,True,186.0,"{""gap"": 0.0, ""status"": ""OPTIMAL"", ""time_limit"": 60.0}"
e1/ba_m2_n1000.npz,26,ba_m2_n1000_seed614165822,ba,1000,1996,greedy,greedy,0,193,193.0,0.001616,True,,,{}
e1/ba_m2_n1000.npz,26,ba_m2_n1000_seed614165822,ba,1000,1996,greedy_rr,greedy_rr,0,192,192.0,0.001674,True,,,{}
e1/ba_m2_n1000.npz,26,ba_m2_n1000_seed614165822,ba,1000,1996,greedy_rr_ls,greedy_rr_ls,0,188,188.0,1.002082,True,,,{}
e1/ba_m2_n1000.npz,26,ba_m2_n1000_seed614165822,ba,1000,1996,ilp,ilp,0,187,187.0,0.069938,True,True,187.0,"{""gap"": 0.0, ""status"": ""OPTIMAL"", ""time_limit"": 60.0}"
e1/ba_m2_n1000.npz,27,ba_m2_n1000_seed690947752,ba,1000,1996,greedy,greedy,0,201,201.0,0.001281,True,,,{}
e1/ba_m2_n1000.npz,27,ba_m2_n1000_seed690947752,ba,1000,1996,greedy_rr,greedy_rr,0,199,199.0,0.001956,True,,,{}
e1/ba_m2_n1000.npz,27,ba_m2_n1000_seed690947752,ba,1000,1996,greedy_rr_ls,greedy_rr_ls,0,195,195.0,1.002262,True,,,{}
e1/ba_m2_n1000.npz,27,ba_m2_n1000_seed690947752,ba,1000,1996,ilp,ilp,0,195,195.0,0.080234,True,True,195.0,"{""gap"": 0.0, ""status"": ""OPTIMAL"", ""time_limit"": 60.0}"
e1/ba_m2_n1000.npz,28,ba_m2_n1000_seed821272121,ba,1000,1996,greedy,greedy,0,190,190.0,0.001291,True,,,{}
e1/ba_m2_n1000.npz,28,ba_m2_n1000_seed821272121,ba,1000,1996,greedy_rr,greedy_rr,0,186,186.0,0.001992,True,,,{}
e1/ba_m2_n1000.npz,28,ba_m2_n1000_seed821272121,ba,1000,1996,greedy_rr_ls,greedy_rr_ls,0,180,180.0,1.002629,True,,,{}
e1/ba_m2_n1000.npz,28,ba_m2_n1000_seed821272121,ba,1000,1996,ilp,ilp,0,180,180.0,0.062051,True,True,180.0,"{""gap"": 0.0, ""status"": ""OPTIMAL"", ""time_limit"": 60.0}"
e1/ba_m2_n1000.npz,29,ba_m2_n1000_seed206693295,ba,1000,1996,greedy,greedy,0,201,201.0,0.001584,True,,,{}
e1/ba_m2_n1000.npz,29,ba_m2_n1000_seed206693295,ba,1000,1996,greedy_rr,greedy_rr,0,198,198.0,0.002872,True,,,{}
e1/ba_m2_n1000.npz,29,ba_m2_n1000_seed206693295,ba,1000,1996,greedy_rr_ls,greedy_rr_ls,0,195,195.0,1.002636,True,,,{}
e1/ba_m2_n1000.npz,29,ba_m2_n1000_seed206693295,ba,1000,1996,ilp,ilp,0,195,195.0,0.047490,True,True,195.0,"{""gap"": 0.0, ""status"": ""OPTIMAL"", ""time_limit"": 60.0}"
e1/ba_m2_n1000.npz,30,ba_m2_n1000_seed666121930,ba,1000,1996,greedy,greedy,0,201,201.0,0.001256,True,,,{}
e1/ba_m2_n1000.npz,30,ba_m2_n1000_seed666121930,ba,1000,1996,greedy_rr,greedy_rr,0,198,198.0,0.001758,True,,,{}
e1/ba_m2_n1000.npz,30,ba_m2_n1000_seed666121930,ba,1000,1996,greedy_rr_ls,greedy_rr_ls,0,196,196.0,1.002237,True,,,{}
e1/ba_m2_n1000.npz,30,ba_m2_n1000_seed666121930,ba,1000,1996,ilp,ilp,0,195,195.0,0.067933,True,True,195.0,"{""gap"": 0.0, ""status"": ""OPTIMAL"", ""time_limit"": 60.0}"
e1/ba_m2_n1000.npz,31,ba_m2_n1000_seed353524828,ba,1000,1996,greedy,greedy,0,207,207.0,0.002035,True,,,{}
e1/ba_m2_n1000.npz,31,ba_m2_n1000_seed353524828,ba,1000,1996,greedy_rr,greedy_rr,0,204,204.0,0.001788,True,,,{}
e1/ba_m2_n1000.npz,31,ba_m2_n1000_seed353524828,ba,1000,1996,greedy_rr_ls,greedy_rr_ls,0,202,202.0,1.002236,True,,,{}
e1/ba_m2_n1000.npz,31,ba_m2_n1000_seed353524828,ba,1000,1996,ilp,ilp,0,202,202.0,0.070231,True,True,202.0,"{""gap"": 0.0, ""status"": ""OPTIMAL"", ""time_limit"": 60.0}"
e1/ba_m2_n1000.npz,32,ba_m2_n1000_seed384137190,ba,1000,1996,greedy,greedy,0,197,197.0,0.001937,True,,,{}
e1/ba_m2_n1000.npz,32,ba_m2_n1000_seed384137190,ba,1000,1996,greedy_rr,greedy_rr,0,193,193.0,0.003168,True,,,{}
e1/ba_m2_n1000.npz,32,ba_m2_n1000_seed384137190,ba,1000,1996,greedy_rr_ls,greedy_rr_ls,0,189,189.0,1.003977,True,,,{}
e1/ba_m2_n1000.npz,32,ba_m2_n1000_seed384137190,ba,1000,1996,ilp,ilp,0,189,189.0,0.081730,True,True,189.0,"{""gap"": 0.0, ""status"": ""OPTIMAL"", ""time_limit"": 60.0}"
e1/ba_m2_n1000.npz,33,ba_m2_n1000_seed199927664,ba,1000,1996,greedy,greedy,0,202,202.0,0.001243,True,,,{}
e1/ba_m2_n1000.npz,33,ba_m2_n1000_seed199927664,ba,1000,1996,greedy_rr,greedy_rr,0,201,201.0,0.001734,True,,,{}
e1/ba_m2_n1000.npz,33,ba_m2_n1000_seed199927664,ba,1000,1996,greedy_rr_ls,greedy_rr_ls,0,196,196.0,1.002167,True,,,{}
e1/ba_m2_n1000.npz,33,ba_m2_n1000_seed199927664,ba,1000,1996,ilp,ilp,0,194,194.0,0.065154,True,True,194.0,"{""gap"": 0.0, ""status"": ""OPTIMAL"", ""time_limit"": 60.0}"
e1/ba_m2_n1000.npz,34,ba_m2_n1000_seed542538451,ba,1000,1996,greedy,greedy,0,193,193.0,0.002529,True,,,{}
e1/ba_m2_n1000.npz,34,ba_m2_n1000_seed542538451,ba,1000,1996,greedy_rr,greedy_rr,0,191,191.0,0.001719,True,,,{}
e1/ba_m2_n1000.npz,34,ba_m2_n1000_seed542538451,ba,1000,1996,greedy_rr_ls,greedy_rr_ls,0,190,190.0,1.002145,True,,,{}
e1/ba_m2_n1000.npz,34,ba_m2_n1000_seed542538451,ba,1000,1996,ilp,ilp,0,190,190.0,0.052532,True,True,190.0,"{""gap"": 0.0, ""status"": ""OPTIMAL"", ""time_limit"": 60.0}"
e1/ba_m2_n1000.npz,35,ba_m2_n1000_seed465477701,ba,1000,1996,greedy,greedy,0,198,198.0,0.001270,True,,,{}
e1/ba_m2_n1000.npz,35,ba_m2_n1000_seed465477701,ba,1000,1996,greedy_rr,greedy_rr,0,196,196.0,0.001747,True,,,{}
e1/ba_m2_n1000.npz,35,ba_m2_n1000_seed465477701,ba,1000,1996,greedy_rr_ls,greedy_rr_ls,0,195,195.0,1.002343,True,,,{}
e1/ba_m2_n1000.npz,35,ba_m2_n1000_seed465477701,ba,1000,1996,ilp,ilp,0,195,195.0,0.067290,True,True,195.0,"{""gap"": 0.0, ""status"": ""OPTIMAL"", ""time_limit"": 60.0}"
e1/ba_m2_n1000.npz,36,ba_m2_n1000_seed461388799,ba,1000,1996,greedy,greedy,0,190,190.0,0.001338,True,,,{}
e1/ba_m2_n1000.npz,36,ba_m2_n1000_seed461388799,ba,1000,1996,greedy_rr,greedy_rr,0,189,189.0,0.001944,True,,,{}
e1/ba_m2_n1000.npz,36,ba_m2_n1000_seed461388799,ba,1000,1996,greedy_rr_ls,greedy_rr_ls,0,188,188.0,1.002542,True,,,{}
e1/ba_m2_n1000.npz,36,ba_m2_n1000_seed461388799,ba,1000,1996,ilp,ilp,0,188,188.0,0.053004,True,True,188.0,"{""gap"": 0.0, ""status"": ""OPTIMAL"", ""time_limit"": 60.0}"
e1/ba_m2_n1000.npz,37,ba_m2_n1000_seed109013865,ba,1000,1996,greedy,greedy,0,205,205.0,0.001508,True,,,{}
e1/ba_m2_n1000.npz,37,ba_m2_n1000_seed109013865,ba,1000,1996,greedy_rr,greedy_rr,0,201,201.0,0.001906,True,,,{}
e1/ba_m2_n1000.npz,37,ba_m2_n1000_seed109013865,ba,1000,1996,greedy_rr_ls,greedy_rr_ls,0,199,199.0,1.002381,True,,,{}
e1/ba_m2_n1000.npz,37,ba_m2_n1000_seed109013865,ba,1000,1996,ilp,ilp,0,199,199.0,0.068395,True,True,199.0,"{""gap"": 0.0, ""status"": ""OPTIMAL"", ""time_limit"": 60.0}"
e1/ba_m2_n1000.npz,38,ba_m2_n1000_seed705212152,ba,1000,1996,greedy,greedy,0,199,199.0,0.001248,True,,,{}
e1/ba_m2_n1000.npz,38,ba_m2_n1000_seed705212152,ba,1000,1996,greedy_rr,greedy_rr,0,199,199.0,0.001825,True,,,{}
e1/ba_m2_n1000.npz,38,ba_m2_n1000_seed705212152,ba,1000,1996,greedy_rr_ls,greedy_rr_ls,0,195,195.0,1.002511,True,,,{}
e1/ba_m2_n1000.npz,38,ba_m2_n1000_seed705212152,ba,1000,1996,ilp,ilp,0,194,194.0,0.064856,True,True,194.0,"{""gap"": 0.0, ""status"": ""OPTIMAL"", ""time_limit"": 60.0}"
e1/ba_m2_n1000.npz,39,ba_m2_n1000_seed594334830,ba,1000,1996,greedy,greedy,0,204,204.0,0.001761,True,,,{}
e1/ba_m2_n1000.npz,39,ba_m2_n1000_seed594334830,ba,1000,1996,greedy_rr,greedy_rr,0,202,202.0,0.001853,True,,,{}
e1/ba_m2_n1000.npz,39,ba_m2_n1000_seed594334830,ba,1000,1996,greedy_rr_ls,greedy_rr_ls,0,199,199.0,1.002422,True,,,{}
e1/ba_m2_n1000.npz,39,ba_m2_n1000_seed594334830,ba,1000,1996,ilp,ilp,0,199,199.0,0.069237,True,True,199.0,"{""gap"": 0.0, ""status"": ""OPTIMAL"", ""time_limit"": 60.0}"
e1/ba_m2_n1000.npz,40,ba_m2_n1000_seed752352909,ba,1000,1996,greedy,greedy,0,189,189.0,0.001260,True,,,{}
e1/ba_m2_n1000.npz,40,ba_m2_n1000_seed752352909,ba,1000,1996,greedy_rr,greedy_rr,0,188,188.0,0.001829,True,,,{}
e1/ba_m2_n1000.npz,40,ba_m2_n1000_seed752352909,ba,1000,1996,greedy_rr_ls,greedy_rr_ls,0,183,183.0,1.002428,True,,,{}
e1/ba_m2_n1000.npz,40,ba_m2_n1000_seed752352909,ba,1000,1996,ilp,ilp,0,183,183.0,0.067978,True,True,183.0,"{""gap"": 0.0, ""status"": ""OPTIMAL"", ""time_limit"": 60.0}"
e1/ba_m2_n1000.npz,41,ba_m2_n1000_seed527276315,ba,1000,1996,greedy,greedy,0,205,205.0,0.001288,True,,,{}
e1/ba_m2_n1000.npz,41,ba_m2_n1000_seed527276315,ba,1000,1996,greedy_rr,greedy_rr,0,202,202.0,0.001760,True,,,{}
e1/ba_m2_n1000.npz,41,ba_m2_n1000_seed527276315,ba,1000,1996,greedy_rr_ls,greedy_rr_ls,0,198,198.0,1.002288,True,,,{}
e1/ba_m2_n1000.npz,41,ba_m2_n1000_seed527276315,ba,1000,1996,ilp,ilp,0,196,196.0,0.068514,True,True,196.0,"{""gap"": 0.0, ""status"": ""OPTIMAL"", ""time_limit"": 60.0}"
e1/ba_m2_n1000.npz,42,ba_m2_n1000_seed255775649,ba,1000,1996,greedy,greedy,0,203,203.0,0.001806,True,,,{}
e1/ba_m2_n1000.npz,42,ba_m2_n1000_seed255775649,ba,1000,1996,greedy_rr,greedy_rr,0,200,200.0,0.001820,True,,,{}
e1/ba_m2_n1000.npz,42,ba_m2_n1000_seed255775649,ba,1000,1996,greedy_rr_ls,greedy_rr_ls,0,195,195.0,1.002375,True,,,{}
e1/ba_m2_n1000.npz,42,ba_m2_n1000_seed255775649,ba,1000,1996,ilp,ilp,0,194,194.0,0.068770,True,True,194.0,"{""gap"": 0.0, ""status"": ""OPTIMAL"", ""time_limit"": 60.0}"
e1/ba_m2_n1000.npz,43,ba_m2_n1000_seed51400759,ba,1000,1996,greedy,greedy,0,204,204.0,0.001369,True,,,{}
e1/ba_m2_n1000.npz,43,ba_m2_n1000_seed51400759,ba,1000,1996,greedy_rr,greedy_rr,0,204,204.0,0.001854,True,,,{}
e1/ba_m2_n1000.npz,43,ba_m2_n1000_seed51400759,ba,1000,1996,greedy_rr_ls,greedy_rr_ls,0,201,201.0,1.002689,True,,,{}
e1/ba_m2_n1000.npz,43,ba_m2_n1000_seed51400759,ba,1000,1996,ilp,ilp,0,198,198.0,0.076117,True,True,198.0,"{""gap"": 0.0, ""status"": ""OPTIMAL"", ""time_limit"": 60.0}"
e1/ba_m2_n1000.npz,44,ba_m2_n1000_seed872233620,ba,1000,1996,greedy,greedy,0,214,214.0,0.001295,True,,,{}
e1/ba_m2_n1000.npz,44,ba_m2_n1000_seed872233620,ba,1000,1996,greedy_rr,greedy_rr,0,212,212.0,0.001785,True,,,{}
e1/ba_m2_n1000.npz,44,ba_m2_n1000_seed872233620,ba,1000,1996,greedy_rr_ls,greedy_rr_ls,0,209,209.0,1.002382,True,,,{}
e1/ba_m2_n1000.npz,44,ba_m2_n1000_seed872233620,ba,1000,1996,ilp,ilp,0,209,209.0,0.065630,True,True,209.0,"{""gap"": 0.0, ""status"": ""OPTIMAL"", ""time_limit"": 60.0}"
e1/ba_m2_n1000.npz,45,ba_m2_n1000_seed412669186,ba,1000,1996,greedy,greedy,0,207,207.0,0.001531,True,,,{}
e1/ba_m2_n1000.npz,45,ba_m2_n1000_seed412669186,ba,1000,1996,greedy_rr,greedy_rr,0,205,205.0,0.001899,True,,,{}
e1/ba_m2_n1000.npz,45,ba_m2_n1000_seed412669186,ba,1000,1996,greedy_rr_ls,greedy_rr_ls,0,201,201.0,1.003040,True,,,{}
e1/ba_m2_n1000.npz,45,ba_m2_n1000_seed412669186,ba,1000,1996,ilp,ilp,0,200,200.0,0.054056,True,True,200.0,"{""gap"": 0.0, ""status"": ""OPTIMAL"", ""time_limit"": 60.0}"
e1/ba_m2_n1000.npz,46,ba_m2_n1000_seed173838264,ba,1000,1996,greedy,greedy,0,215,215.0,0.001259,True,,,{}
e1/ba_m2_n1000.npz,46,ba_m2_n1000_seed173838264,ba,1000,1996,greedy_rr,greedy_rr,0,214,214.0,0.001746,True,,,{}
e1/ba_m2_n1000.npz,46,ba_m2_n1000_seed173838264,ba,1000,1996,greedy_rr_ls,greedy_rr_ls,0,207,207.0,1.002283,True,,,{}
e1/ba_m2_n1000.npz,46,ba_m2_n1000_seed173838264,ba,1000,1996,ilp,ilp,0,207,207.0,0.098780,True,True,207.0,"{""gap"": 0.0, ""status"": ""OPTIMAL"", ""time_limit"": 60.0}"
e1/ba_m2_n1000.npz,47,ba_m2_n1000_seed136580142,ba,1000,1996,greedy,greedy,0,194,194.0,0.001794,True,,,{}
e1/ba_m2_n1000.npz,47,ba_m2_n1000_seed136580142,ba,1000,1996,greedy_rr,greedy_rr,0,190,190.0,0.001790,True,,,{}
e1/ba_m2_n1000.npz,47,ba_m2_n1000_seed136580142,ba,1000,1996,greedy_rr_ls,greedy_rr_ls,0,186,186.0,1.002644,True,,,{}
e1/ba_m2_n1000.npz,47,ba_m2_n1000_seed136580142,ba,1000,1996,ilp,ilp,0,185,185.0,0.069062,True,True,185.0,"{""gap"": 0.0, ""status"": ""OPTIMAL"", ""time_limit"": 60.0}"
e1/ba_m2_n1000.npz,48,ba_m2_n1000_seed732919487,ba,1000,1996,greedy,greedy,0,193,193.0,0.001209,True,,,{}
e1/ba_m2_n1000.npz,48,ba_m2_n1000_seed732919487,ba,1000,1996,greedy_rr,greedy_rr,0,191,191.0,0.001690,True,,,{}
e1/ba_m2_n1000.npz,48,ba_m2_n1000_seed732919487,ba,1000,1996,greedy_rr_ls,greedy_rr_ls,0,188,188.0,1.002231,True,,,{}
e1/ba_m2_n1000.npz,48,ba_m2_n1000_seed732919487,ba,1000,1996,ilp,ilp,0,188,188.0,0.053665,True,True,188.0,"{""gap"": 0.0, ""status"": ""OPTIMAL"", ""time_limit"": 60.0}"
e1/ba_m2_n1000.npz,49,ba_m2_n1000_seed306647337,ba,1000,1996,greedy,greedy,0,196,196.0,0.001360,True,,,{}
e1/ba_m2_n1000.npz,49,ba_m2_n1000_seed306647337,ba,1000,1996,greedy_rr,greedy_rr,0,194,194.0,0.002062,True,,,{}
e1/ba_m2_n1000.npz,49,ba_m2_n1000_seed306647337,ba,1000,1996,greedy_rr_ls,greedy_rr_ls,0,189,189.0,1.002561,True,,,{}
e1/ba_m2_n1000.npz,49,ba_m2_n1000_seed306647337,ba,1000,1996,ilp,ilp,0,189,189.0,0.067001,True,True,189.0,"{""gap"": 0.0, ""status"": ""OPTIMAL"", ""time_limit"": 60.0}"
e1/ba_m2_n20.npz,0,ba_m2_n20_seed843557937,ba,20,36,greedy,greedy,0,6,6.0,0.000119,True,,,{}
e1/ba_m2_n20.npz,0,ba_m2_n20_seed843557937,ba,20,36,greedy_rr,greedy_rr,0,6,6.0,0.000116,True,,,{}
e1/ba_m2_n20.npz,0,ba_m2_n20_seed843557937,ba,20,36,greedy_rr_ls,greedy_rr_ls,0,6,6.0,0.000490,True,,,{}
e1/ba_m2_n20.npz,0,ba_m2_n20_seed843557937,ba,20,36,ilp,ilp,0,6,6.0,0.015160,True,True,6.0,"{""gap"": 0.0, ""status"": ""OPTIMAL"", ""time_limit"": 60.0}"
e1/ba_m2_n20.npz,1,ba_m2_n20_seed195940775,ba,20,36,greedy,greedy,0,4,4.0,0.000115,True,,,{}
e1/ba_m2_n20.npz,1,ba_m2_n20_seed195940775,ba,20,36,greedy_rr,greedy_rr,0,4,4.0,0.000098,True,,,{}
e1/ba_m2_n20.npz,1,ba_m2_n20_seed195940775,ba,20,36,greedy_rr_ls,greedy_rr_ls,0,4,4.0,0.000528,True,,,{}
e1/ba_m2_n20.npz,1,ba_m2_n20_seed195940775,ba,20,36,ilp,ilp,0,4,4.0,0.014900,True,True,4.0,"{""gap"": 0.0, ""status"": ""OPTIMAL"", ""time_limit"": 60.0}"
e1/ba_m2_n20.npz,2,ba_m2_n20_seed762375965,ba,20,36,greedy,greedy,0,5,5.0,0.000211,True,,,{}
e1/ba_m2_n20.npz,2,ba_m2_n20_seed762375965,ba,20,36,greedy_rr,greedy_rr,0,5,5.0,0.000166,True,,,{}
e1/ba_m2_n20.npz,2,ba_m2_n20_seed762375965,ba,20,36,greedy_rr_ls,greedy_rr_ls,0,5,5.0,0.000385,True,,,{}
e1/ba_m2_n20.npz,2,ba_m2_n20_seed762375965,ba,20,36,ilp,ilp,0,5,5.0,0.014740,True,True,5.0,"{""gap"": 0.0, ""status"": ""OPTIMAL"", ""time_limit"": 60.0}"
e1/ba_m2_n20.npz,3,ba_m2_n20_seed839444619,ba,20,36,greedy,greedy,0,4,4.0,0.000098,True,,,{}
e1/ba_m2_n20.npz,3,ba_m2_n20_seed839444619,ba,20,36,greedy_rr,greedy_rr,0,4,4.0,0.000095,True,,,{}
e1/ba_m2_n20.npz,3,ba_m2_n20_seed839444619,ba,20,36,greedy_rr_ls,greedy_rr_ls,0,4,4.0,0.000258,True,,,{}
e1/ba_m2_n20.npz,3,ba_m2_n20_seed839444619,ba,20,36,ilp,ilp,0,4,4.0,0.013930,True,True,4.0,"{""gap"": 0.0, ""status"": ""OPTIMAL"", ""time_limit"": 60.0}"
e1/ba_m2_n20.npz,4,ba_m2_n20_seed920842280,ba,20,36,greedy,greedy,0,5,5.0,0.000078,True,,,{}
e1/ba_m2_n20.npz,4,ba_m2_n20_seed920842280,ba,20,36,greedy_rr,greedy_rr,0,5,5.0,0.000086,True,,,{}
e1/ba_m2_n20.npz,4,ba_m2_n20_seed920842280,ba,20,36,greedy_rr_ls,greedy_rr_ls,0,5,5.0,0.000338,True,,,{}
e1/ba_m2_n20.npz,4,ba_m2_n20_seed920842280,ba,20,36,ilp,ilp,0,5,5.0,0.014404,True,True,5.0,"{""gap"": 0.0, ""status"": ""OPTIMAL"", ""time_limit"": 60.0}"
e1/ba_m2_n20.npz,5,ba_m2_n20_seed105059774,ba,20,36,greedy,greedy,0,5,5.0,0.000136,True,,,{}
e1/ba_m2_n20.npz,5,ba_m2_n20_seed105059774,ba,20,36,greedy_rr,greedy_rr,0,5,5.0,0.000094,True,,,{}
e1/ba_m2_n20.npz,5,ba_m2_n20_seed105059774,ba,20,36,greedy_rr_ls,greedy_rr_ls,0,5,5.0,0.000288,True,,,{}
e1/ba_m2_n20.npz,5,ba_m2_n20_seed105059774,ba,20,36,ilp,ilp,0,5,5.0,0.014377,True,True,5.0,"{""gap"": 0.0, ""status"": ""OPTIMAL"", ""time_limit"": 60.0}"
e1/ba_m2_n20.npz,6,ba_m2_n20_seed638890756,ba,20,36,greedy,greedy,0,4,4.0,0.000091,True,,,{}
e1/ba_m2_n20.npz,6,ba_m2_n20_seed638890756,ba,20,36,greedy_rr,greedy_rr,0,4,4.0,0.000091,True,,,{}
e1/ba_m2_n20.npz,6,ba_m2_n20_seed638890756,ba,20,36,greedy_rr_ls,greedy_rr_ls,0,4,4.0,0.000260,True,,,{}
e1/ba_m2_n20.npz,6,ba_m2_n20_seed638890756,ba,20,36,ilp,ilp,0,4,4.0,0.014612,True,True,4.0,"{""gap"": 0.0, ""status"": ""OPTIMAL"", ""time_limit"": 60.0}"
e1/ba_m2_n20.npz,7,ba_m2_n20_seed951495826,ba,20,36,greedy,greedy,0,5,5.0,0.000088,True,,,{}
e1/ba_m2_n20.npz,7,ba_m2_n20_seed951495826,ba,20,36,greedy_rr,greedy_rr,0,5,5.0,0.000093,True,,,{}
e1/ba_m2_n20.npz,7,ba_m2_n20_seed951495826,ba,20,36,greedy_rr_ls,greedy_rr_ls,0,5,5.0,0.000366,True,,,{}
e1/ba_m2_n20.npz,7,ba_m2_n20_seed951495826,ba,20,36,ilp,ilp,0,5,5.0,0.014730,True,True,5.0,"{""gap"": 0.0, ""status"": ""OPTIMAL"", ""time_limit"": 60.0}"
e1/ba_m2_n20.npz,8,ba_m2_n20_seed64121347,ba,20,36,greedy,greedy,0,5,5.0,0.000083,True,,,{}
e1/ba_m2_n20.npz,8,ba_m2_n20_seed64121347,ba,20,36,greedy_rr,greedy_rr,0,5,5.0,0.000090,True,,,{}
e1/ba_m2_n20.npz,8,ba_m2_n20_seed64121347,ba,20,36,greedy_rr_ls,greedy_rr_ls,0,5,5.0,0.000284,True,,,{}
e1/ba_m2_n20.npz,8,ba_m2_n20_seed64121347,ba,20,36,ilp,ilp,0,5,5.0,0.014307,True,True,5.0,"{""gap"": 0.0, ""status"": ""OPTIMAL"", ""time_limit"": 60.0}"
e1/ba_m2_n20.npz,9,ba_m2_n20_seed215570837,ba,20,36,greedy,greedy,0,5,5.0,0.000094,True,,,{}
e1/ba_m2_n20.npz,9,ba_m2_n20_seed215570837,ba,20,36,greedy_rr,greedy_rr,0,5,5.0,0.000100,True,,,{}
e1/ba_m2_n20.npz,9,ba_m2_n20_seed215570837,ba,20,36,greedy_rr_ls,greedy_rr_ls,0,5,5.0,0.000314,True,,,{}
e1/ba_m2_n20.npz,9,ba_m2_n20_seed215570837,ba,20,36,ilp,ilp,0,5,5.0,0.014381,True,True,5.0,"{""gap"": 0.0, ""status"": ""OPTIMAL"", ""time_limit"": 60.0}"
e1/ba_m2_n20.npz,10,ba_m2_n20_seed664281802,ba,20,36,greedy,greedy,0,5,5.0,0.000089,True,,,{}
e1/ba_m2_n20.npz,10,ba_m2_n20_seed664281802,ba,20,36,greedy_rr,greedy_rr,0,5,5.0,0.000098,True,,,{}
e1/ba_m2_n20.npz,10,ba_m2_n20_seed664281802,ba,20,36,greedy_rr_ls,greedy_rr_ls,0,5,5.0,0.000279,True,,,{}
e1/ba_m2_n20.npz,10,ba_m2_n20_seed664281802,ba,20,36,ilp,ilp,0,5,5.0,0.014316,True,True,5.0,"{""gap"": 0.0, ""status"": ""OPTIMAL"", ""time_limit"": 60.0}"
e1/ba_m2_n20.npz,11,ba_m2_n20_seed352217180,ba,20,36,greedy,greedy,0,4,4.0,0.000088,True,,,{}
e1/ba_m2_n20.npz,11,ba_m2_n20_seed352217180,ba,20,36,greedy_rr,greedy_rr,0,4,4.0,0.000085,True,,,{}
e1/ba_m2_n20.npz,11,ba_m2_n20_seed352217180,ba,20,36,greedy_rr_ls,greedy_rr_ls,0,4,4.0,0.000239,True,,,{}
e1/ba_m2_n20.npz,11,ba_m2_n20_seed352217180,ba,20,36,ilp,ilp,0,4,4.0,0.015329,True,True,4.0,"{""gap"": 0.0, ""status"": ""OPTIMAL"", ""time_limit"": 60.0}"
e1/ba_m2_n20.npz,12,ba_m2_n20_seed381789158,ba,20,36,greedy,greedy,0,2,2.0,0.000097,True,,,{}
e1/ba_m2_n20.npz,12,ba_m2_n20_seed381789158,ba,20,36,greedy_rr,greedy_rr,0,2,2.0,0.000123,True,,,{}
e1/ba_m2_n20.npz,12,ba_m2_n20_seed381789158,ba,20,36,greedy_rr_ls,greedy_rr_ls,0,2,2.0,0.000290,True,,,{}
e1/ba_m2_n20.npz,12,ba_m2_n20_seed381789158,ba,20,36,ilp,ilp,0,2,2.0,0.014859,True,True,2.0,"{""gap"": 0.0, ""status"": ""OPTIMAL"", ""time_limit"": 60.0}"
e1/ba_m2_n20.npz,13,ba_m2_n20_seed197030768,ba,20,36,greedy,greedy,0,4,4.0,0.000159,True,,,{}
e1/ba_m2_n20.npz,13,ba_m2_n20_seed197030768,ba,20,36,greedy_rr,greedy_rr,0,4,4.0,0.000145,True,,,{}
e1/ba_m2_n20.npz,13,ba_m2_n20_seed197030768,ba,20,36,greedy_rr_ls,greedy_rr_ls,0,4,4.0,0.000304,True,,,{}
e1/ba_m2_n20.npz,13,ba_m2_n20_seed197030768,ba,20,36,ilp,ilp,0,4,4.0,0.014217,True,True,4.0,"{""gap"": 0.0, ""status"": ""OPTIMAL"", ""time_limit"": 60.0}"
e1/ba_m2_n20.npz,14,ba_m2_n20_seed544366291,ba,20,36,greedy,greedy,0,4,4.0,0.000104,True,,,{}
e1/ba_m2_n20.npz,14,ba_m2_n20_seed544366291,ba,20,36,greedy_rr,greedy_rr,0,4,4.0,0.000146,True,,,{}
e1/ba_m2_n20.npz,14,ba_m2_n20_seed544366291,ba,20,36,greedy_rr_ls,greedy_rr_ls,0,4,4.0,0.000371,True,,,{}
e1/ba_m2_n20.npz,14,ba_m2_n20_seed544366291,ba,20,36,ilp,ilp,0,4,4.0,0.014463,True,True,4.0,"{""gap"": 0.0, ""status"": ""OPTIMAL"", ""time_limit"": 60.0}"
e1/ba_m2_n20.npz,15,ba_m2_n20_seed466789445,ba,20,36,greedy,greedy,0,5,5.0,0.000084,True,,,{}
e1/ba_m2_n20.npz,15,ba_m2_n20_seed466789445,ba,20,36,greedy_rr,greedy_rr,0,5,5.0,0.000090,True,,,{}
e1/ba_m2_n20.npz,15,ba_m2_n20_seed466789445,ba,20,36,greedy_rr_ls,greedy_rr_ls,0,5,5.0,0.000418,True,,,{}
e1/ba_m2_n20.npz,15,ba_m2_n20_seed466789445,ba,20,36,ilp,ilp,0,5,5.0,0.014822,True,True,5.0,"{""gap"": 0.0, ""status"": ""OPTIMAL"", ""time_limit"": 60.0}"
e1/ba_m2_n20.npz,16,ba_m2_n20_seed463757311,ba,20,36,greedy,greedy,0,6,6.0,0.000080,True,,,{}
e1/ba_m2_n20.npz,16,ba_m2_n20_seed463757311,ba,20,36,greedy_rr,greedy_rr,0,6,6.0,0.000090,True,,,{}
e1/ba_m2_n20.npz,16,ba_m2_n20_seed463757311,ba,20,36,greedy_rr_ls,greedy_rr_ls,0,6,6.0,0.000424,True,,,{}
e1/ba_m2_n20.npz,16,ba_m2_n20_seed463757311,ba,20,36,ilp,ilp,0,6,6.0,0.014832,True,True,6.0,"{""gap"": 0.0, ""status"": ""OPTIMAL"", ""time_limit"": 60.0}"
e1/ba_m2_n20.npz,17,ba_m2_n20_seed111882089,ba,20,36,greedy,greedy,0,4,4.0,0.000092,True,,,{}
e1/ba_m2_n20.npz,17,ba_m2_n20_seed111882089,ba,20,36,greedy_rr,greedy_rr,0,4,4.0,0.000102,True,,,{}
e1/ba_m2_n20.npz,17,ba_m2_n20_seed111882089,ba,20,36,greedy_rr_ls,greedy_rr_ls,0,4,4.0,0.000236,True,,,{}
e1/ba_m2_n20.npz,17,ba_m2_n20_seed111882089,ba,20,36,ilp,ilp,0,4,4.0,0.013508,True,True,4.0,"{""gap"": 0.0, ""status"": ""OPTIMAL"", ""time_limit"": 60.0}"
e1/ba_m2_n20.npz,18,ba_m2_n20_seed702327544,ba,20,36,greedy,greedy,0,3,3.0,0.000106,True,,,{}
e1/ba_m2_n20.npz,18,ba_m2_n20_seed702327544,ba,20,36,greedy_rr,greedy_rr,0,3,3.0,0.000084,True,,,{}
e1/ba_m2_n20.npz,18,ba_m2_n20_seed702327544,ba,20,36,greedy_rr_ls,greedy_rr_ls,0,3,3.0,0.000213,True,,,{}
e1/ba_m2_n20.npz,18,ba_m2_n20_seed702327544,ba,20,36,ilp,ilp,0,3,3.0,0.014463,True,True,3.0,"{""gap"": 0.0, ""status"": ""OPTIMAL"", ""time_limit"": 60.0}"
e1/ba_m2_n20.npz,19,ba_m2_n20_seed591982702,ba,20,36,greedy,greedy,0,5,5.0,0.000093,True,,,{}
e1/ba_m2_n20.npz,19,ba_m2_n20_seed591982702,ba,20,36,greedy_rr,greedy_rr,0,5,5.0,0.000107,True,,,{}
e1/ba_m2_n20.npz,19,ba_m2_n20_seed591982702,ba,20,36,greedy_rr_ls,greedy_rr_ls,0,5,5.0,0.000468,True,,,{}
e1/ba_m2_n20.npz,19,ba_m2_n20_seed591982702,ba,20,36,ilp,ilp,0,5,5.0,0.015377,True,True,5.0,"{""gap"": 0.0, ""status"": ""OPTIMAL"", ""time_limit"": 60.0}"
e1/ba_m2_n20.npz,20,ba_m2_n20_seed213045129,ba,20,36,greedy,greedy,0,4,4.0,0.000080,True,,,{}
e1/ba_m2_n20.npz,20,ba_m2_n20_seed213045129,ba,20,36,greedy_rr,greedy_rr,0,4,4.0,0.000085,True,,,{}
e1/ba_m2_n20.npz,20,ba_m2_n20_seed213045129,ba,20,36,greedy_rr_ls,greedy_rr_ls,0,4,4.0,0.000231,True,,,{}
e1/ba_m2_n20.npz,20,ba_m2_n20_seed213045129,ba,20,36,ilp,ilp,0,4,4.0,0.014185,True,True,4.0,"{""gap"": 0.0, ""status"": ""OPTIMAL"", ""time_limit"": 60.0}"
e1/ba_m2_n20.npz,21,ba_m2_n20_seed75000863,ba,20,36,greedy,greedy,0,5,5.0,0.000084,True,,,{}
e1/ba_m2_n20.npz,21,ba_m2_n20_seed75000863,ba,20,36,greedy_rr,greedy_rr,0,5,5.0,0.000104,True,,,{}
e1/ba_m2_n20.npz,21,ba_m2_n20_seed75000863,ba,20,36,greedy_rr_ls,greedy_rr_ls,0,5,5.0,0.000374,True,,,{}
e1/ba_m2_n20.npz,21,ba_m2_n20_seed75000863,ba,20,36,ilp,ilp,0,5,5.0,0.015337,True,True,5.0,"{""gap"": 0.0, ""status"": ""OPTIMAL"", ""time_limit"": 60.0}"
e1/ba_m2_n20.npz,22,ba_m2_n20_seed803525285,ba,20,36,greedy,greedy,0,4,4.0,0.000094,True,,,{}
e1/ba_m2_n20.npz,22,ba_m2_n20_seed803525285,ba,20,36,greedy_rr,greedy_rr,0,4,4.0,0.000099,True,,,{}
e1/ba_m2_n20.npz,22,ba_m2_n20_seed803525285,ba,20,36,greedy_rr_ls,greedy_rr_ls,0,4,4.0,0.000250,True,,,{}
e1/ba_m2_n20.npz,22,ba_m2_n20_seed803525285,ba,20,36,ilp,ilp,0,4,4.0,0.014109,True,True,4.0,"{""gap"": 0.0, ""status"": ""OPTIMAL"", ""time_limit"": 60.0}"
e1/ba_m2_n20.npz,23,ba_m2_n20_seed512134451,ba,20,36,greedy,greedy,0,4,4.0,0.000102,True,,,{}
e1/ba_m2_n20.npz,23,ba_m2_n20_seed512134451,ba,20,36,greedy_rr,greedy_rr,0,4,4.0,0.000087,True,,,{}
e1/ba_m2_n20.npz,23,ba_m2_n20_seed512134451,ba,20,36,greedy_rr_ls,greedy_rr_ls,0,4,4.0,0.000186,True,,,{}
e1/ba_m2_n20.npz,23,ba_m2_n20_seed512134451,ba,20,36,ilp,ilp,0,4,4.0,0.014691,True,True,4.0,"{""gap"": 0.0, ""status"": ""OPTIMAL"", ""time_limit"": 60.0}"
e1/ba_m2_n20.npz,24,ba_m2_n20_seed190286736,ba,20,36,greedy,greedy,0,5,5.0,0.000104,True,,,{}
e1/ba_m2_n20.npz,24,ba_m2_n20_seed190286736,ba,20,36,greedy_rr,greedy_rr,0,5,5.0,0.000128,True,,,{}
e1/ba_m2_n20.npz,24,ba_m2_n20_seed190286736,ba,20,36,greedy_rr_ls,greedy_rr_ls,0,5,5.0,0.000374,True,,,{}
e1/ba_m2_n20.npz,24,ba_m2_n20_seed190286736,ba,20,36,ilp,ilp,0,5,5.0,0.015132,True,True,5.0,"{""gap"": 0.0, ""status"": ""OPTIMAL"", ""time_limit"": 60.0}"
e1/ba_m2_n20.npz,25,ba_m2_n20_seed86190086,ba,20,36,greedy,greedy,0,4,4.0,0.000091,True,,,{}
e1/ba_m2_n20.npz,25,ba_m2_n20_seed86190086,ba,20,36,greedy_rr,greedy_rr,0,4,4.0,0.000083,True,,,{}
e1/ba_m2_n20.npz,25,ba_m2_n20_seed86190086,ba,20,36,greedy_rr_ls,greedy_rr_ls,0,4,4.0,0.000234,True,,,{}
e1/ba_m2_n20.npz,25,ba_m2_n20_seed86190086,ba,20,36,ilp,ilp,0,4,4.0,0.014776,True,True,4.0,"{""gap"": 0.0, ""status"": ""OPTIMAL"", ""time_limit"": 60.0}"
e1/ba_m2_n20.npz,26,ba_m2_n20_seed847318716,ba,20,36,greedy,greedy,0,6,6.0,0.000096,True,,,{}
e1/ba_m2_n20.npz,26,ba_m2_n20_seed847318716,ba,20,36,greedy_rr,greedy_rr,0,6,6.0,0.000097,True,,,{}
e1/ba_m2_n20.npz,26,ba_m2_n20_seed847318716,ba,20,36,greedy_rr_ls,greedy_rr_ls,0,6,6.0,0.000402,True,,,{}
e1/ba_m2_n20.npz,26,ba_m2_n20_seed847318716,ba,20,36,ilp,ilp,0,6,6.0,0.015071,True,True,6.0,"{""gap"": 0.0, ""status"": ""OPTIMAL"", ""time_limit"": 60.0}"
e1/ba_m2_n20.npz,27,ba_m2_n20_seed454609194,ba,20,36,greedy,greedy,0,5,5.0,0.000125,True,,,{}
e1/ba_m2_n20.npz,27,ba_m2_n20_seed454609194,ba,20,36,greedy_rr,greedy_rr,0,5,5.0,0.000176,True,,,{}
e1/ba_m2_n20.npz,27,ba_m2_n20_seed454609194,ba,20,36,greedy_rr_ls,greedy_rr_ls,0,4,4.0,0.000331,True,,,{}
e1/ba_m2_n20.npz,27,ba_m2_n20_seed454609194,ba,20,36,ilp,ilp,0,4,4.0,0.013922,True,True,4.0,"{""gap"": 0.0, ""status"": ""OPTIMAL"", ""time_limit"": 60.0}"
e1/ba_m2_n20.npz,28,ba_m2_n20_seed50943931,ba,20,36,greedy,greedy,0,3,3.0,0.000116,True,,,{}
e1/ba_m2_n20.npz,28,ba_m2_n20_seed50943931,ba,20,36,greedy_rr,greedy_rr,0,3,3.0,0.000139,True,,,{}
e1/ba_m2_n20.npz,28,ba_m2_n20_seed50943931,ba,20,36,greedy_rr_ls,greedy_rr_ls,0,3,3.0,0.000361,True,,,{}
e1/ba_m2_n20.npz,28,ba_m2_n20_seed50943931,ba,20,36,ilp,ilp,0,3,3.0,0.014074,True,True,3.0,"{""gap"": 0.0, ""status"": ""OPTIMAL"", ""time_limit"": 60.0}"
e1/ba_m2_n20.npz,29,ba_m2_n20_seed980139565,ba,20,36,greedy,greedy,0,5,5.0,0.000078,True,,,{}
e1/ba_m2_n20.npz,29,ba_m2_n20_seed980139565,ba,20,36,greedy_rr,greedy_rr,0,5,5.0,0.000088,True,,,{}
e1/ba_m2_n20.npz,29,ba_m2_n20_seed980139565,ba,20,36,greedy_rr_ls,greedy_rr_ls,0,5,5.0,0.000435,True,,,{}
e1/ba_m2_n20.npz,29,ba_m2_n20_seed980139565,ba,20,36,ilp,ilp,0,5,5.0,0.014161,True,True,5.0,"{""gap"": 0.0, ""status"": ""OPTIMAL"", ""time_limit"": 60.0}"
e1/ba_m2_n20.npz,30,ba_m2_n20_seed365559880,ba,20,36,greedy,greedy,0,5,5.0,0.000109,True,,,{}
e1/ba_m2_n20.npz,30,ba_m2_n20_seed365559880,ba,20,36,greedy_rr,greedy_rr,0,5,5.0,0.000093,True,,,{}
e1/ba_m2_n20.npz,30,ba_m2_n20_seed365559880,ba,20,36,greedy_rr_ls,greedy_rr_ls,0,5,5.0,0.000236,True,,,{}
e1/ba_m2_n20.npz,30,ba_m2_n20_seed365559880,ba,20,36,ilp,ilp,0,5,5.0,0.015235,True,True,5.0,"{""gap"": 0.0, ""status"": ""OPTIMAL"", ""time_limit"": 60.0}"
e1/ba_m2_n20.npz,31,ba_m2_n20_seed657196766,ba,20,36,greedy,greedy,0,4,4.0,0.000100,True,,,{}
e1/ba_m2_n20.npz,31,ba_m2_n20_seed657196766,ba,20,36,greedy_rr,greedy_rr,0,4,4.0,0.000088,True,,,{}
e1/ba_m2_n20.npz,31,ba_m2_n20_seed657196766,ba,20,36,greedy_rr_ls,greedy_rr_ls,0,4,4.0,0.000232,True,,,{}
e1/ba_m2_n20.npz,31,ba_m2_n20_seed657196766,ba,20,36,ilp,ilp,0,4,4.0,0.014582,True,True,4.0,"{""gap"": 0.0, ""status"": ""OPTIMAL"", ""time_limit"": 60.0}"
e1/ba_m2_n20.npz,32,ba_m2_n20_seed223672164,ba,20,36,greedy,greedy,0,4,4.0,0.000092,True,,,{}
e1/ba_m2_n20.npz,32,ba_m2_n20_seed223672164,ba,20,36,greedy_rr,greedy_rr,0,4,4.0,0.000097,True,,,{}
e1/ba_m2_n20.npz,32,ba_m2_n20_seed223672164,ba,20,36,greedy_rr_ls,greedy_rr_ls,0,4,4.0,0.000222,True,,,{}
e1/ba_m2_n20.npz,32,ba_m2_n20_seed223672164,ba,20,36,ilp,ilp,0,4,4.0,0.015235,True,True,4.0,"{""gap"": 0.0, ""status"": ""OPTIMAL"", ""time_limit"": 60.0}"
e1/ba_m2_n20.npz,33,ba_m2_n20_seed361470962,ba,20,36,greedy,greedy,0,4,4.0,0.000098,True,,,{}
e1/ba_m2_n20.npz,33,ba_m2_n20_seed361470962,ba,20,36,greedy_rr,greedy_rr,0,4,4.0,0.000108,True,,,{}
e1/ba_m2_n20.npz,33,ba_m2_n20_seed361470962,ba,20,36,greedy_rr_ls,greedy_rr_ls,0,4,4.0,0.000246,True,,,{}
e1/ba_m2_n20.npz,33,ba_m2_n20_seed361470962,ba,20,36,ilp,ilp,0,4,4.0,0.013913,True,True,4.0,"{""gap"": 0.0, ""status"": ""OPTIMAL"", ""time_limit"": 60.0}"
e1/ba_m2_n20.npz,34,ba_m2_n20_seed308067409,ba,20,36,greedy,greedy,0,6,6.0,0.000110,True,,,{}
e1/ba_m2_n20.npz,34,ba_m2_n20_seed308067409,ba,20,36,greedy_rr,greedy_rr,0,5,5.0,0.000139,True,,,{}
e1/ba_m2_n20.npz,34,ba_m2_n20_seed308067409,ba,20,36,greedy_rr_ls,greedy_rr_ls,0,5,5.0,0.000330,True,,,{}
e1/ba_m2_n20.npz,34,ba_m2_n20_seed308067409,ba,20,36,ilp,ilp,0,5,5.0,0.014663,True,True,5.0,"{""gap"": 0.0, ""status"": ""OPTIMAL"", ""time_limit"": 60.0}"
e1/ba_m2_n20.npz,35,ba_m2_n20_seed701022919,ba,20,36,greedy,greedy,0,3,3.0,0.000092,True,,,{}
e1/ba_m2_n20.npz,35,ba_m2_n20_seed701022919,ba,20,36,greedy_rr,greedy_rr,0,3,3.0,0.000083,True,,,{}
e1/ba_m2_n20.npz,35,ba_m2_n20_seed701022919,ba,20,36,greedy_rr_ls,greedy_rr_ls,0,3,3.0,0.000184,True,,,{}
e1/ba_m2_n20.npz,35,ba_m2_n20_seed701022919,ba,20,36,ilp,ilp,0,3,3.0,0.014403,True,True,3.0,"{""gap"": 0.0, ""status"": ""OPTIMAL"", ""time_limit"": 60.0}"
e1/ba_m2_n20.npz,36,ba_m2_n20_seed234828669,ba,20,36,greedy,greedy,0,6,6.0,0.000080,True,,,{}
e1/ba_m2_n20.npz,36,ba_m2_n20_seed234828669,ba,20,36,greedy_rr,greedy_rr,0,6,6.0,0.000092,True,,,{}
e1/ba_m2_n20.npz,36,ba_m2_n20_seed234828669,ba,20,36,greedy_rr_ls,greedy_rr_ls,0,6,6.0,0.000418,True,,,{}
e1/ba_m2_n20.npz,36,ba_m2_n20_seed234828669,ba,20,36,ilp,ilp,0,6,6.0,0.014961,True,True,6.0,"{""gap"": 0.0, ""status"": ""OPTIMAL"", ""time_limit"": 60.0}"
e1/ba_m2_n20.npz,37,ba_m2_n20_seed338679787,ba,20,36,greedy,greedy,0,5,5.0,0.000099,True,,,{}
e1/ba_m2_n20.npz,37,ba_m2_n20_seed338679787,ba,20,36,greedy_rr,greedy_rr,0,5,5.0,0.000101,True,,,{}
e1/ba_m2_n20.npz,37,ba_m2_n20_seed338679787,ba,20,36,greedy_rr_ls,greedy_rr_ls,0,5,5.0,0.000342,True,,,{}
e1/ba_m2_n20.npz,37,ba_m2_n20_seed338679787,ba,20,36,ilp,ilp,0,5,5.0,0.015112,True,True,5.0,"{""gap"": 0.0, ""status"": ""OPTIMAL"", ""time_limit"": 60.0}"
e1/ba_m2_n20.npz,38,ba_m2_n20_seed468879482,ba,20,36,greedy,greedy,0,4,4.0,0.000083,True,,,{}
e1/ba_m2_n20.npz,38,ba_m2_n20_seed468879482,ba,20,36,greedy_rr,greedy_rr,0,4,4.0,0.000091,True,,,{}
e1/ba_m2_n20.npz,38,ba_m2_n20_seed468879482,ba,20,36,greedy_rr_ls,greedy_rr_ls,0,4,4.0,0.000256,True,,,{}
e1/ba_m2_n20.npz,38,ba_m2_n20_seed468879482,ba,20,36,ilp,ilp,0,4,4.0,0.014478,True,True,4.0,"{""gap"": 0.0, ""status"": ""OPTIMAL"", ""time_limit"": 60.0}"
e1/ba_m2_n20.npz,39,ba_m2_n20_seed827494124,ba,20,36,greedy,greedy,0,5,5.0,0.000088,True,,,{}
e1/ba_m2_n20.npz,39,ba_m2_n20_seed827494124,ba,20,36,greedy_rr,greedy_rr,0,5,5.0,0.000090,True,,,{}
e1/ba_m2_n20.npz,39,ba_m2_n20_seed827494124,ba,20,36,greedy_rr_ls,greedy_rr_ls,0,5,5.0,0.000342,True,,,{}
e1/ba_m2_n20.npz,39,ba_m2_n20_seed827494124,ba,20,36,ilp,ilp,0,5,5.0,0.014983,True,True,5.0,"{""gap"": 0.0, ""status"": ""OPTIMAL"", ""time_limit"": 60.0}"
e1/ba_m2_n20.npz,40,ba_m2_n20_seed518890767,ba,20,36,greedy,greedy,0,5,5.0,0.000106,True,,,{}
e1/ba_m2_n20.npz,40,ba_m2_n20_seed518890767,ba,20,36,greedy_rr,greedy_rr,0,5,5.0,0.000093,True,,,{}
e1/ba_m2_n20.npz,40,ba_m2_n20_seed518890767,ba,20,36,greedy_rr_ls,greedy_rr_ls,0,5,5.0,0.000246,True,,,{}
e1/ba_m2_n20.npz,40,ba_m2_n20_seed518890767,ba,20,36,ilp,ilp,0,5,5.0,0.015694,True,True,5.0,"{""gap"": 0.0, ""status"": ""OPTIMAL"", ""time_limit"": 60.0}"
e1/ba_m2_n20.npz,41,ba_m2_n20_seed763846297,ba,20,36,greedy,greedy,0,5,5.0,0.000130,True,,,{}
e1/ba_m2_n20.npz,41,ba_m2_n20_seed763846297,ba,20,36,greedy_rr,greedy_rr,0,5,5.0,0.000141,True,,,{}
e1/ba_m2_n20.npz,41,ba_m2_n20_seed763846297,ba,20,36,greedy_rr_ls,greedy_rr_ls,0,4,4.0,0.000419,True,,,{}
e1/ba_m2_n20.npz,41,ba_m2_n20_seed763846297,ba,20,36,ilp,ilp,0,4,4.0,0.014061,True,True,4.0,"{""gap"": 0.0, ""status"": ""OPTIMAL"", ""time_limit"": 60.0}"
e1/ba_m2_n20.npz,42,ba_m2_n20_seed28192803,ba,20,36,greedy,greedy,0,5,5.0,0.000124,True,,,{}
e1/ba_m2_n20.npz,42,ba_m2_n20_seed28192803,ba,20,36,greedy_rr,greedy_rr,0,5,5.0,0.000149,True,,,{}
e1/ba_m2_n20.npz,42,ba_m2_n20_seed28192803,ba,20,36,greedy_rr_ls,greedy_rr_ls,0,5,5.0,0.000449,True,,,{}
e1/ba_m2_n20.npz,42,ba_m2_n20_seed28192803,ba,20,36,ilp,ilp,0,5,5.0,0.014450,True,True,5.0,"{""gap"": 0.0, ""status"": ""OPTIMAL"", ""time_limit"": 60.0}"
e1/ba_m2_n20.npz,43,ba_m2_n20_seed280059829,ba,20,36,greedy,greedy,0,5,5.0,0.000088,True,,,{}
e1/ba_m2_n20.npz,43,ba_m2_n20_seed280059829,ba,20,36,greedy_rr,greedy_rr,0,5,5.0,0.000085,True,,,{}
e1/ba_m2_n20.npz,43,ba_m2_n20_seed280059829,ba,20,36,greedy_rr_ls,greedy_rr_ls,0,5,5.0,0.000276,True,,,{}
e1/ba_m2_n20.npz,43,ba_m2_n20_seed280059829,ba,20,36,ilp,ilp,0,5,5.0,0.015120,True,True,5.0,"{""gap"": 0.0, ""status"": ""OPTIMAL"", ""time_limit"": 60.0}"
e1/ba_m2_n20.npz,44,ba_m2_n20_seed570648854,ba,20,36,greedy,greedy,0,5,5.0,0.000124,True,,,{}
e1/ba_m2_n20.npz,44,ba_m2_n20_seed570648854,ba,20,36,greedy_rr,greedy_rr,0,5,5.0,0.000136,True,,,{}
e1/ba_m2_n20.npz,44,ba_m2_n20_seed570648854,ba,20,36,greedy_rr_ls,greedy_rr_ls,0,5,5.0,0.000332,True,,,{}
e1/ba_m2_n20.npz,44,ba_m2_n20_seed570648854,ba,20,36,ilp,ilp,0,5,5.0,0.014021,True,True,5.0,"{""gap"": 0.0, ""status"": ""OPTIMAL"", ""time_limit"": 60.0}"
e1/ba_m2_n20.npz,45,ba_m2_n20_seed715334272,ba,20,36,greedy,greedy,0,5,5.0,0.000081,True,,,{}
e1/ba_m2_n20.npz,45,ba_m2_n20_seed715334272,ba,20,36,greedy_rr,greedy_rr,0,5,5.0,0.000089,True,,,{}
e1/ba_m2_n20.npz,45,ba_m2_n20_seed715334272,ba,20,36,greedy_rr_ls,greedy_rr_ls,0,5,5.0,0.000244,True,,,{}
e1/ba_m2_n20.npz,45,ba_m2_n20_seed715334272,ba,20,36,ilp,ilp,0,5,5.0,0.014691,True,True,5.0,"{""gap"": 0.0, ""status"": ""OPTIMAL"", ""time_limit"": 60.0}"
e1/ba_m2_n20.npz,46,ba_m2_n20_seed14382138,ba,20,36,greedy,greedy,0,6,6.0,0.000080,True,,,{}
e1/ba_m2_n20.npz,46,ba_m2_n20_seed14382138,ba,20,36,greedy_rr,greedy_rr,0,6,6.0,0.000088,True,,,{}
e1/ba_m2_n20.npz,46,ba_m2_n20_seed14382138,ba,20,36,greedy_rr_ls,greedy_rr_ls,0,6,6.0,0.000288,True,,,{}
e1/ba_m2_n20.npz,46,ba_m2_n20_seed14382138,ba,20,36,ilp,ilp,0,6,6.0,0.014342,True,True,6.0,"{""gap"": 0.0, ""status"": ""OPTIMAL"", ""time_limit"": 60.0}"
e1/ba_m2_n20.npz,47,ba_m2_n20_seed299148204,ba,20,36,greedy,greedy,0,5,5.0,0.000084,True,,,{}
e1/ba_m2_n20.npz,47,ba_m2_n20_seed299148204,ba,20,36,greedy_rr,greedy_rr,0,5,5.0,0.000096,True,,,{}
e1/ba_m2_n20.npz,47,ba_m2_n20_seed299148204,ba,20,36,greedy_rr_ls,greedy_rr_ls,0,5,5.0,0.000403,True,,,{}
e1/ba_m2_n20.npz,47,ba_m2_n20_seed299148204,ba,20,36,ilp,ilp,0,5,5.0,0.014764,True,True,5.0,"{""gap"": 0.0, ""status"": ""OPTIMAL"", ""time_limit"": 60.0}"
e1/ba_m2_n20.npz,48,ba_m2_n20_seed429468989,ba,20,36,greedy,greedy,0,4,4.0,0.000111,True,,,{}
e1/ba_m2_n20.npz,48,ba_m2_n20_seed429468989,ba,20,36,greedy_rr,greedy_rr,0,4,4.0,0.000100,True,,,{}
e1/ba_m2_n20.npz,48,ba_m2_n20_seed429468989,ba,20,36,greedy_rr_ls,greedy_rr_ls,0,4,4.0,0.000186,True,,,{}
e1/ba_m2_n20.npz,48,ba_m2_n20_seed429468989,ba,20,36,ilp,ilp,0,4,4.0,0.014432,True,True,4.0,"{""gap"": 0.0, ""status"": ""OPTIMAL"", ""time_limit"": 60.0}"
e1/ba_m2_n20.npz,49,ba_m2_n20_seed606922411,ba,20,36,greedy,greedy,0,5,5.0,0.000104,True,,,{}
e1/ba_m2_n20.npz,49,ba_m2_n20_seed606922411,ba,20,36,greedy_rr,greedy_rr,0,4,4.0,0.000129,True,,,{}
e1/ba_m2_n20.npz,49,ba_m2_n20_seed606922411,ba,20,36,greedy_rr_ls,greedy_rr_ls,0,4,4.0,0.000323,True,,,{}
e1/ba_m2_n20.npz,49,ba_m2_n20_seed606922411,ba,20,36,ilp,ilp,0,4,4.0,0.014995,True,True,4.0,"{""gap"": 0.0, ""status"": ""OPTIMAL"", ""time_limit"": 60.0}"
e1/ba_m2_n200.npz,0,ba_m2_n200_seed459857318,ba,200,396,greedy,greedy,0,44,44.0,0.000291,True,,,{}
e1/ba_m2_n200.npz,0,ba_m2_n200_seed459857318,ba,200,396,greedy_rr,greedy_rr,0,44,44.0,0.000423,True,,,{}
e1/ba_m2_n200.npz,0,ba_m2_n200_seed459857318,ba,200,396,greedy_rr_ls,greedy_rr_ls,0,42,42.0,1.000620,True,,,{}
e1/ba_m2_n200.npz,0,ba_m2_n200_seed459857318,ba,200,396,ilp,ilp,0,42,42.0,0.027732,True,True,42.0,"{""gap"": 0.0, ""status"": ""OPTIMAL"", ""time_limit"": 60.0}"
e1/ba_m2_n200.npz,1,ba_m2_n200_seed818750512,ba,200,396,greedy,greedy,0,42,42.0,0.000307,True,,,{}
e1/ba_m2_n200.npz,1,ba_m2_n200_seed818750512,ba,200,396,greedy_rr,greedy_rr,0,41,41.0,0.000420,True,,,{}
e1/ba_m2_n200.npz,1,ba_m2_n200_seed818750512,ba,200,396,greedy_rr_ls,greedy_rr_ls,0,40,40.0,1.000593,True,,,{}
e1/ba_m2_n200.npz,1,ba_m2_n200_seed818750512,ba,200,396,ilp,ilp,0,40,40.0,0.023792,True,True,40.0,"{""gap"": 0.0, ""status"": ""OPTIMAL"", ""time_limit"": 60.0}"
e1/ba_m2_n200.npz,2,ba_m2_n200_seed116659850,ba,200,396,greedy,greedy,0,45,45.0,0.000349,True,,,{}
e1/ba_m2_n200.npz,2,ba_m2_n200_seed116659850,ba,200,396,greedy_rr,greedy_rr,0,45,45.0,0.000492,True,,,{}
e1/ba_m2_n200.npz,2,ba_m2_n200_seed116659850,ba,200,396,greedy_rr_ls,greedy_rr_ls,0,44,44.0,1.000759,True,,,{}
e1/ba_m2_n200.npz,2,ba_m2_n200_seed116659850,ba,200,396,ilp,ilp,0,44,44.0,0.030786,True,True,44.0,"{""gap"": 0.0, ""status"": ""OPTIMAL"", ""time_limit"": 60.0}"
e1/ba_m2_n200.npz,3,ba_m2_n200_seed187464476,ba,200,396,greedy,greedy,0,39,39.0,0.000401,True,,,{}
e1/ba_m2_n200.npz,3,ba_m2_n200_seed187464476,ba,200,396,greedy_rr,greedy_rr,0,39,39.0,0.000626,True,,,{}
e1/ba_m2_n200.npz,3,ba_m2_n200_seed187464476,ba,200,396,greedy_rr_ls,greedy_rr_ls,0,38,38.0,1.000893,True,,,{}
e1/ba_m2_n200.npz,3,ba_m2_n200_seed187464476,ba,200,396,ilp,ilp,0,38,38.0,0.030366,True,True,38.0,"{""gap"": 0.0, ""status"": ""OPTIMAL"", ""time_limit"": 60.0}"
e1/ba_m2_n200.npz,4,ba_m2_n200_seed482189759,ba,200,396,greedy,greedy,0,45,45.0,0.000427,True,,,{}
e1/ba_m2_n200.npz,4,ba_m2_n200_seed482189759,ba,200,396,greedy_rr,greedy_rr,0,44,44.0,0.000640,True,,,{}
e1/ba_m2_n200.npz,4,ba_m2_n200_seed482189759,ba,200,396,greedy_rr_ls,greedy_rr_ls,0,41,41.0,1.000856,True,,,{}
e1/ba_m2_n200.npz,4,ba_m2_n200_seed482189759,ba,200,396,ilp,ilp,0,41,41.0,0.020126,True,True,41.0,"{""gap"": 0.0, ""status"": ""OPTIMAL"", ""time_limit"": 60.0}"
e1/ba_m2_n200.npz,5,ba_m2_n200_seed807921705,ba,200,396,greedy,greedy,0,40,40.0,0.000294,True,,,{}
e1/ba_m2_n200.npz,5,ba_m2_n200_seed807921705,ba,200,396,greedy_rr,greedy_rr,0,39,39.0,0.000394,True,,,{}
e1/ba_m2_n200.npz,5,ba_m2_n200_seed807921705,ba,200,396,greedy_rr_ls,greedy_rr_ls,0,39,39.0,1.000570,True,,,{}
e1/ba_m2_n200.npz,5,ba_m2_n200_seed807921705,ba,200,396,ilp,ilp,0,39,39.0,0.028939,True,True,39.0,"{""gap"": 0.0, ""status"": ""OPTIMAL"", ""time_limit"": 60.0}"
e1/ba_m2_n200.npz,6,ba_m2_n200_seed73423507,ba,200,396,greedy,greedy,0,41,41.0,0.000302,True,,,{}
e1/ba_m2_n200.npz,6,ba_m2_n200_seed73423507,ba,200,396,greedy_rr,greedy_rr,0,40,40.0,0.000458,True,,,{}
e1/ba_m2_n200.npz,6,ba_m2_n200_seed73423507,ba,200,396,greedy_rr_ls,greedy_rr_ls,0,40,40.0,1.000613,True,,,{}
e1/ba_m2_n200.npz,6,ba_m2_n200_seed73423507,ba,200,396,ilp,ilp,0,40,40.0,0.024659,True,True,40.0,"{""gap"": 0.0, ""status"": ""OPTIMAL"", ""time_limit"": 60.0}"
e1/ba_m2_n200.npz,7,ba_m2_n200_seed244236037,ba,200,396,greedy,greedy,0,42,42.0,0.000432,True,,,{}
e1/ba_m2_n200.npz,7,ba_m2_n200_seed244236037,ba,200,396,greedy_rr,greedy_rr,0,42,42.0,0.000407,True,,,{}
e1/ba_m2_n200.npz,7,ba_m2_n200_seed244236037,ba,200,396,greedy_rr_ls,greedy_rr_ls,0,41,41.0,1.000601,True,,,{}
e1/ba_m2_n200.npz,7,ba_m2_n200_seed244236037,ba,200,396,ilp,ilp,0,41,41.0,0.026892,True,True,41.0,"{""gap"": 0.0, ""status"": ""OPTIMAL"", ""time_limit"": 60.0}"
e1/ba_m2_n200.npz,8,ba_m2_n200_seed370369940,ba,200,396,greedy,greedy,0,34,34.0,0.000284,True,,,{}
e1/ba_m2_n200.npz,8,ba_m2_n200_seed370369940,ba,200,396,greedy_rr,greedy_rr,0,34,34.0,0.000349,True,,,{}
e1/ba_m2_n200.npz,8,ba_m2_n200_seed370369940,ba,200,396,greedy_rr_ls,greedy_rr_ls,0,34,34.0,0.537877,True,,,{}
e1/ba_m2_n200.npz,8,ba_m2_n200_seed370369940,ba,200,396,ilp,ilp,0,34,34.0,0.020278,True,True,34.0,"{""gap"": 0.0, ""status"": ""OPTIMAL"", ""time_limit"": 60.0}"
e1/ba_m2_n200.npz,9,ba_m2_n200_seed661761026,ba,200,396,greedy,greedy,0,40,40.0,0.000366,True,,,{}
e1/ba_m2_n200.npz,9,ba_m2_n200_seed661761026,ba,200,396,greedy_rr,greedy_rr,0,39,39.0,0.000529,True,,,{}
e1/ba_m2_n200.npz,9,ba_m2_n200_seed661761026,ba,200,396,greedy_rr_ls,greedy_rr_ls,0,38,38.0,1.000868,True,,,{}
e1/ba_m2_n200.npz,9,ba_m2_n200_seed661761026,ba,200,396,ilp,ilp,0,38,38.0,0.022029,True,True,38.0,"{""gap"": 0.0, ""status"": ""OPTIMAL"", ""time_limit"": 60.0}"
e1/ba_m2_n200.npz,10,ba_m2_n200_seed230406111,ba,200,396,greedy,greedy,0,47,47.0,0.000327,True,,,{}
e1/ba_m2_n200.npz,10,ba_m2_n200_seed230406111,ba,200,396,greedy_rr,greedy_rr,0,46,46.0,0.000656,True,,,{}
e1/ba_m2_n200.npz,10,ba_m2_n200_seed230406111,ba,200,396,greedy_rr_ls,greedy_rr_ls,0,45,45.0,1.000672,True,,,{}
e1/ba_m2_n200.npz,10,ba_m2_n200_seed230406111,ba,200,396,ilp,ilp,0,45,45.0,0.023329,True,True,45.0,"{""gap"": 0.0, ""status"": ""OPTIMAL"", ""time_limit"": 60.0}"
e1/ba_m2_n200.npz,11,ba_m2_n200_seed46040905,ba,200,396,greedy,greedy,0,39,39.0,0.000311,True,,,{}
e1/ba_m2_n200.npz,11,ba_m2_n200_seed46040905,ba,200,396,greedy_rr,greedy_rr,0,39,39.0,0.000415,True,,,{}
e1/ba_m2_n200.npz,11,ba_m2_n200_seed46040905,ba,200,396,greedy_rr_ls,greedy_rr_ls,0,39,39.0,1.000649,True,,,{}
e1/ba_m2_n200.npz,11,ba_m2_n200_seed46040905,ba,200,396,ilp,ilp,0,39,39.0,0.027221,True,True,39.0,"{""gap"": 0.0, ""status"": ""OPTIMAL"", ""time_limit"": 60.0}"
e1/ba_m2_n200.npz,12,ba_m2_n200_seed807079667,ba,200,396,greedy,greedy,0,41,41.0,0.000323,True,,,{}
e1/ba_m2_n200.npz,12,ba_m2_n200_seed807079667,ba,200,396,greedy_rr,greedy_rr,0,41,41.0,0.000396,True,,,{}
e1/ba_m2_n200.npz,12,ba_m2_n200_seed807079667,ba,200,396,greedy_rr_ls,greedy_rr_ls,0,41,41.0,1.000747,True,,,{}
e1/ba_m2_n200.npz,12,ba_m2_n200_seed807079667,ba,200,396,ilp,ilp,0,41,41.0,0.022627,True,True,41.0,"{""gap"": 0.0, ""status"": ""OPTIMAL"", ""time_limit"": 60.0}"
e1/ba_m2_n200.npz,13,ba_m2_n200_seed494883941,ba,200,396,greedy,greedy,0,42,42.0,0.000301,True,,,{}
e1/ba_m2_n200.npz,13,ba_m2_n200_seed494883941,ba,200,396,greedy_rr,greedy_rr,0,42,42.0,0.000381,True,,,{}
e1/ba_m2_n200.npz,13,ba_m2_n200_seed494883941,ba,200,396,greedy_rr_ls,greedy_rr_ls,0,39,39.0,0.011250,True,,,{}
e1/ba_m2_n200.npz,13,ba_m2_n200_seed494883941,ba,200,396,ilp,ilp,0,39,39.0,0.035682,True,True,39.0,"{""gap"": 0.0, ""status"": ""OPTIMAL"", ""time_limit"": 60.0}"
e1/ba_m2_n200.npz,14,ba_m2_n200_seed320435142,ba,200,396,greedy,greedy,0,44,44.0,0.000407,True,,,{}
e1/ba_m2_n200.npz,14,ba_m2_n200_seed320435142,ba,200,396,greedy_rr,greedy_rr,0,44,44.0,0.000411,True,,,{}
e1/ba_m2_n200.npz,14,ba_m2_n200_seed320435142,ba,200,396,greedy_rr_ls,greedy_rr_ls,0,43,43.0,1.000755,True,,,{}
e1/ba_m2_n200.npz,14,ba_m2_n200_seed320435142,ba,200,396,ilp,ilp,0,43,43.0,0.020370,True,True,43.0,"{""gap"": 0.0, ""status"": ""OPTIMAL"", ""time_limit"": 60.0}"
e1/ba_m2_n200.npz,15,ba_m2_n200_seed967642448,ba,200,396,greedy,greedy,0,38,38.0,0.000276,True,,,{}
e1/ba_m2_n200.npz,15,ba_m2_n200_seed967642448,ba,200,396,greedy_rr,greedy_rr,0,37,37.0,0.000372,True,,,{}
e1/ba_m2_n200.npz,15,ba_m2_n200_seed967642448,ba,200,396,greedy_rr_ls,greedy_rr_ls,0,37,37.0,1.000550,True,,,{}
e1/ba_m2_n200.npz,15,ba_m2_n200_seed967642448,ba,200,396,ilp,ilp,0,37,37.0,0.027602,True,True,37.0,"{""gap"": 0.0, ""status"": ""OPTIMAL"", ""time_limit"": 60.0}"
e1/ba_m2_n200.npz,16,ba_m2_n200_seed696273642,ba,200,396,greedy,greedy,0,46,46.0,0.000418,True,,,{}
e1/ba_m2_n200.npz,16,ba_m2_n200_seed696273642,ba,200,396,greedy_rr,greedy_rr,0,45,45.0,0.000688,True,,,{}
e1/ba_m2_n200.npz,16,ba_m2_n200_seed696273642,ba,200,396,greedy_rr_ls,greedy_rr_ls,0,44,44.0,1.000792,True,,,{}
e1/ba_m2_n200.npz,16,ba_m2_n200_seed696273642,ba,200,396,ilp,ilp,0,44,44.0,0.025366,True,True,44.0,"{""gap"": 0.0, ""status"": ""OPTIMAL"", ""time_limit"": 60.0}"
e1/ba_m2_n200.npz,17,ba_m2_n200_seed619352188,ba,200,396,greedy,greedy,0,38,38.0,0.000266,True,,,{}
e1/ba_m2_n200.npz,17,ba_m2_n200_seed619352188,ba,200,396,greedy_rr,greedy_rr,0,38,38.0,0.000341,True,,,{}
e1/ba_m2_n200.npz,17,ba_m2_n200_seed619352188,ba,200,396,greedy_rr_ls,greedy_rr_ls,0,38,38.0,1.000526,True,,,{}
e1/ba_m2_n200.npz,17,ba_m2_n200_seed619352188,ba,200,396,ilp,ilp,0,38,38.0,0.027230,True,True,38.0,"{""gap"": 0.0, ""status"": ""OPTIMAL"", ""time_limit"": 60.0}"
e1/ba_m2_n200.npz,18,ba_m2_n200_seed209928173,ba,200,396,greedy,greedy,0,38,38.0,0.000386,True,,,{}
e1/ba_m2_n200.npz,18,ba_m2_n200_seed209928173,ba,200,396,greedy_rr,greedy_rr,0,37,37.0,0.000660,True,,,{}
e1/ba_m2_n200.npz,18,ba_m2_n200_seed209928173,ba,200,396,greedy_rr_ls,greedy_rr_ls,0,37,37.0,1.000803,True,,,{}
e1/ba_m2_n200.npz,18,ba_m2_n200_seed209928173,ba,200,396,ilp,ilp,0,37,37.0,0.023952,True,True,37.0,"{""gap"": 0.0, ""status"": ""OPTIMAL"", ""time_limit"": 60.0}"
e1/ba_m2_n200.npz,19,ba_m2_n200_seed824367483,ba,200,396,greedy,greedy,0,46,46.0,0.000297,True,,,{}
e1/ba_m2_n200.npz,19,ba_m2_n200_seed824367483,ba,200,396,greedy_rr,greedy_rr,0,46,46.0,0.000392,True,,,{}
e1/ba_m2_n200.npz,19,ba_m2_n200_seed824367483,ba,200,396,greedy_rr_ls,greedy_rr_ls,0,45,45.0,1.000532,True,,,{}
e1/ba_m2_n200.npz,19,ba_m2_n200_seed824367483,ba,200,396,ilp,ilp,0,45,45.0,0.027605,True,True,45.0,"{""gap"": 0.0, ""status"": ""OPTIMAL"", ""time_limit"": 60.0}"
e1/ba_m2_n200.npz,20,ba_m2_n200_seed651749020,ba,200,396,greedy,greedy,0,43,43.0,0.000290,True,,,{}
e1/ba_m2_n200.npz,20,ba_m2_n200_seed651749020,ba,200,396,greedy_rr,greedy_rr,0,43,43.0,0.000429,True,,,{}
e1/ba_m2_n200.npz,20,ba_m2_n200_seed651749020,ba,200,396,greedy_rr_ls,greedy_rr_ls,0,43,43.0,1.000584,True,,,{}
e1/ba_m2_n200.npz,20,ba_m2_n200_seed651749020,ba,200,396,ilp,ilp,0,43,43.0,0.025962,True,True,43.0,"{""gap"": 0.0, ""status"": ""OPTIMAL"", ""time_limit"": 60.0}"
e1/ba_m2_n200.npz,21,ba_m2_n200_seed359440650,ba,200,396,greedy,greedy,0,40,40.0,0.000267,True,,,{}
e1/ba_m2_n200.npz,21,ba_m2_n200_seed359440650,ba,200,396,greedy_rr,greedy_rr,0,40,40.0,0.000335,True,,,{}
e1/ba_m2_n200.npz,21,ba_m2_n200_seed359440650,ba,200,396,greedy_rr_ls,greedy_rr_ls,0,39,39.0,1.000575,True,,,{}
e1/ba_m2_n200.npz,21,ba_m2_n200_seed359440650,ba,200,396,ilp,ilp,0,39,39.0,0.028776,True,True,39.0,"{""gap"": 0.0, ""status"": ""OPTIMAL"", ""time_limit"": 60.0}"
e1/ba_m2_n200.npz,22,ba_m2_n200_seed356498352,ba,200,396,greedy,greedy,0,45,45.0,0.000850,True,,,{}
e1/ba_m2_n200.npz,22,ba_m2_n200_seed356498352,ba,200,396,greedy_rr,greedy_rr,0,45,45.0,0.000382,True,,,{}
e1/ba_m2_n200.npz,22,ba_m2_n200_seed356498352,ba,200,396,greedy_rr_ls,greedy_rr_ls,0,42,42.0,1.000620,True,,,{}
e1/ba_m2_n200.npz,22,ba_m2_n200_seed356498352,ba,200,396,ilp,ilp,0,42,42.0,0.022547,True,True,42.0,"{""gap"": 0.0, ""status"": ""OPTIMAL"", ""time_limit"": 60.0}"
e1/ba_m2_n200.npz,23,ba_m2_n200_seed219109414,ba,200,396,greedy,greedy,0,30,30.0,0.000390,True,,,{}
e1/ba_m2_n200.npz,23,ba_m2_n200_seed219109414,ba,200,396,greedy_rr,greedy_rr,0,29,29.0,0.000469,True,,,{}
e1/ba_m2_n200.npz,23,ba_m2_n200_seed219109414,ba,200,396,greedy_rr_ls,greedy_rr_ls,0,29,29.0,0.030771,True,,,{}
e1/ba_m2_n200.npz,23,ba_m2_n200_seed219109414,ba,200,396,ilp,ilp,0,29,29.0,0.027453,True,True,29.0,"{""gap"": 0.0, ""status"": ""OPTIMAL"", ""time_limit"": 60.0}"
e1/ba_m2_n200.npz,24,ba_m2_n200_seed704389765,ba,200,396,greedy,greedy,0,42,42.0,0.000301,True,,,{}
e1/ba_m2_n200.npz,24,ba_m2_n200_seed704389765,ba,200,396,greedy_rr,greedy_rr,0,42,42.0,0.000367,True,,,{}
e1/ba_m2_n200.npz,24,ba_m2_n200_seed704389765,ba,200,396,greedy_rr_ls,greedy_rr_ls,0,42,42.0,1.000548,True,,,{}
e1/ba_m2_n200.npz,24,ba_m2_n200_seed704389765,ba,200,396,ilp,ilp,0,42,42.0,0.025813,True,True,42.0,"{""gap"": 0.0, ""status"": ""OPTIMAL"", ""time_limit"": 60.0}"
e1/ba_m2_n200.npz,25,ba_m2_n200_seed312073491,ba,200,396,greedy,greedy,0,41,41.0,0.000289,True,,,{}
e1/ba_m2_n200.npz,25,ba_m2_n200_seed312073491,ba,200,396,greedy_rr,greedy_rr,0,40,40.0,0.000391,True,,,{}
e1/ba_m2_n200.npz,25,ba_m2_n200_seed312073491,ba,200,396,greedy_rr_ls,greedy_rr_ls,0,39,39.0,1.000537,True,,,{}
e1/ba_m2_n200.npz,25,ba_m2_n200_seed312073491,ba,200,396,ilp,ilp,0,39,39.0,0.028254,True,True,39.0,"{""gap"": 0.0, ""status"": ""OPTIMAL"", ""time_limit"": 60.0}"
e1/ba_m2_n200.npz,26,ba_m2_n200_seed341538729,ba,200,396,greedy,greedy,0,43,43.0,0.000290,True,,,{}
e1/ba_m2_n200.npz,26,ba_m2_n200_seed341538729,ba,200,396,greedy_rr,greedy_rr,0,43,43.0,0.000391,True,,,{}
e1/ba_m2_n200.npz,26,ba_m2_n200_seed341538729,ba,200,396,greedy_rr_ls,greedy_rr_ls,0,43,43.0,1.000572,True,,,{}
e1/ba_m2_n200.npz,26,ba_m2_n200_seed341538729,ba,200,396,ilp,ilp,0,43,43.0,0.022584,True,True,43.0,"{""gap"": 0.0, ""status"": ""OPTIMAL"", ""time_limit"": 60.0}"
e1/ba_m2_n200.npz,27,ba_m2_n200_seed237311039,ba,200,396,greedy,greedy,0,44,44.0,0.000363,True,,,{}
e1/ba_m2_n200.npz,27,ba_m2_n200_seed237311039,ba,200,396,greedy_rr,greedy_rr,0,43,43.0,0.000553,True,,,{}
e1/ba_m2_n200.npz,27,ba_m2_n200_seed237311039,ba,200,396,greedy_rr_ls,greedy_rr_ls,0,40,40.0,0.012272,True,,,{}
e1/ba_m2_n200.npz,27,ba_m2_n200_seed237311039,ba,200,396,ilp,ilp,0,40,40.0,0.017062,True,True,40.0,"{""gap"": 0.0, ""status"": ""OPTIMAL"", ""time_limit"": 60.0}"
e1/ba_m2_n200.npz,28,ba_m2_n200_seed833515182,ba,200,396,greedy,greedy,0,42,42.0,0.000289,True,,,{}
e1/ba_m2_n200.npz,28,ba_m2_n200_seed833515182,ba,200,396,greedy_rr,greedy_rr,0,42,42.0,0.000522,True,,,{}
e1/ba_m2_n200.npz,28,ba_m2_n200_seed833515182,ba,200,396,greedy_rr_ls,greedy_rr_ls,0,41,41.0,1.000609,True,,,{}
e1/ba_m2_n200.npz,28,ba_m2_n200_seed833515182,ba,200,396,ilp,ilp,0,41,41.0,0.027938,True,True,41.0,"{""gap"": 0.0, ""status"": ""OPTIMAL"", ""time_limit"": 60.0}"
e1/ba_m2_n200.npz,29,ba_m2_n200_seed474491192,ba,200,396,greedy,greedy,0,40,40.0,0.000278,True,,,{}
e1/ba_m2_n200.npz,29,ba_m2_n200_seed474491192,ba,200,396,greedy_rr,greedy_rr,0,39,39.0,0.000364,True,,,{}
e1/ba_m2_n200.npz,29,ba_m2_n200_seed474491192,ba,200,396,greedy_rr_ls,greedy_rr_ls,0,38,38.0,0.013008,True,,,{}
e1/ba_m2_n200.npz,29,ba_m2_n200_seed474491192,ba,200,396,ilp,ilp,0,38,38.0,0.015772,True,True,38.0,"{""gap"": 0.0, ""status"": ""OPTIMAL"", ""time_limit"": 60.0}"
e1/ba_m2_n200.npz,30,ba_m2_n200_seed72551261,ba,200,396,greedy,greedy,0,43,43.0,0.000282,True,,,{}
e1/ba_m2_n200.npz,30,ba_m2_n200_seed72551261,ba,200,396,greedy_rr,greedy_rr,0,42,42.0,0.000424,True,,,{}
e1/ba_m2_n200.npz,30,ba_m2_n200_seed72551261,ba,200,396,greedy_rr_ls,greedy_rr_ls,0,42,42.0,1.000586,True,,,{}
e1/ba_m2_n200.npz,30,ba_m2_n200_seed72551261,ba,200,396,ilp,ilp,0,42,42.0,0.024260,True,True,42.0,"{""gap"": 0.0, ""status"": ""OPTIMAL"", ""time_limit"": 60.0}"
e1/ba_m2_n200.npz,31,ba_m2_n200_seed210218955,ba,200,396,greedy,greedy,0,40,40.0,0.000301,True,,,{}
e1/ba_m2_n200.npz,31,ba_m2_n200_seed210218955,ba,200,396,greedy_rr,greedy_rr,0,40,40.0,0.001610,True,,,{}
e1/ba_m2_n200.npz,31,ba_m2_n200_seed210218955,ba,200,396,greedy_rr_ls,greedy_rr_ls,0,39,39.0,1.000596,True,,,{}
e1/ba_m2_n200.npz,31,ba_m2_n200_seed210218955,ba,200,396,ilp,ilp,0,39,39.0,0.023624,True,True,39.0,"{""gap"": 0.0, ""status"": ""OPTIMAL"", ""time_limit"": 60.0}"
e1/ba_m2_n200.npz,32,ba_m2_n200_seed508095601,ba,200,396,greedy,greedy,0,43,43.0,0.000306,True,,,{}
e1/ba_m2_n200.npz,32,ba_m2_n200_seed508095601,ba,200,396,greedy_rr,greedy_rr,0,43,43.0,0.000361,True,,,{}
e1/ba_m2_n200.npz,32,ba_m2_n200_seed508095601,ba,200,396,greedy_rr_ls,greedy_rr_ls,0,43,43.0,1.000520,True,,,{}
e1/ba_m2_n200.npz,32,ba_m2_n200_seed508095601,ba,200,396,ilp,ilp,0,43,43.0,0.025702,True,True,43.0,"{""gap"": 0.0, ""status"": ""OPTIMAL"", ""time_limit"": 60.0}"
e1/ba_m2_n200.npz,33,ba_m2_n200_seed800125671,ba,200,396,greedy,greedy,0,43,43.0,0.000277,True,,,{}
e1/ba_m2_n200.npz,33,ba_m2_n200_seed800125671,ba,200,396,greedy_rr,greedy_rr,0,43,43.0,0.000360,True,,,{}
e1/ba_m2_n200.npz,33,ba_m2_n200_seed800125671,ba,200,396,greedy_rr_ls,greedy_rr_ls,0,40,40.0,1.000574,True,,,{}
e1/ba_m2_n200.npz,33,ba_m2_n200_seed800125671,ba,200,396,ilp,ilp,0,40,40.0,0.022173,True,True,40.0,"{""gap"": 0.0, ""status"": ""OPTIMAL"", ""time_limit"": 60.0}"
e1/ba_m2_n200.npz,34,ba_m2_n200_seed90720068,ba,200,396,greedy,greedy,0,47,47.0,0.000374,True,,,{}
e1/ba_m2_n200.npz,34,ba_m2_n200_seed90720068,ba,200,396,greedy_rr,greedy_rr,0,47,47.0,0.000545,True,,,{}
e1/ba_m2_n200.npz,34,ba_m2_n200_seed90720068,ba,200,396,greedy_rr_ls,greedy_rr_ls,0,45,45.0,1.000814,True,,,{}
e1/ba_m2_n200.npz,34,ba_m2_n200_seed90720068,ba,200,396,ilp,ilp,0,45,45.0,0.026474,True,True,45.0,"{""gap"": 0.0, ""status"": ""OPTIMAL"", ""time_limit"": 60.0}"
e1/ba_m2_n200.npz,35,ba_m2_n200_seed195226578,ba,200,396,greedy,greedy,0,43,43.0,0.000381,True,,,{}
e1/ba_m2_n200.npz,35,ba_m2_n200_seed195226578,ba,200,396,greedy_rr,greedy_rr,0,43,43.0,0.000387,True,,,{}
e1/ba_m2_n200.npz,35,ba_m2_n200_seed195226578,ba,200,396,greedy_rr_ls,greedy_rr_ls,0,43,43.0,1.000657,True,,,{}
e1/ba_m2_n200.npz,35,ba_m2_n200_seed195226578,ba,200,396,ilp,ilp,0,43,43.0,0.026973,True,True,43.0,"{""gap"": 0.0, ""status"": ""OPTIMAL"", ""time_limit"": 60.0}"
e1/ba_m2_n200.npz,36,ba_m2_n200_seed460761192,ba,200,396,greedy,greedy,0,39,39.0,0.000358,True,,,{}
e1/ba_m2_n200.npz,36,ba_m2_n200_seed460761192,ba,200,396,greedy_rr,greedy_rr,0,39,39.0,0.000386,True,,,{}
e1/ba_m2_n200.npz,36,ba_m2_n200_seed460761192,ba,200,396,greedy_rr_ls,greedy_rr_ls,0,37,37.0,1.000487,True,,,{}
e1/ba_m2_n200.npz,36,ba_m2_n200_seed460761192,ba,200,396,ilp,ilp,0,37,37.0,0.027004,True,True,37.0,"{""gap"": 0.0, ""status"": ""OPTIMAL"", ""time_limit"": 60.0}"
e1/ba_m2_n200.npz,37,ba_m2_n200_seed852799230,ba,200,396,greedy,greedy,0,40,40.0,0.000368,True,,,{}
e1/ba_m2_n200.npz,37,ba_m2_n200_seed852799230,ba,200,396,greedy_rr,greedy_rr,0,40,40.0,0.000366,True,,,{}
e1/ba_m2_n200.npz,37,ba_m2_n200_seed852799230,ba,200,396,greedy_rr_ls,greedy_rr_ls,0,39,39.0,1.000545,True,,,{}
e1/ba_m2_n200.npz,37,ba_m2_n200_seed852799230,ba,200,396,ilp,ilp,0,39,39.0,0.024633,True,True,39.0,"{""gap"": 0.0, ""status"": ""OPTIMAL"", ""time_limit"": 60.0}"
e1/ba_m2_n200.npz,38,ba_m2_n200_seed983129455,ba,200,396,greedy,greedy,0,40,40.0,0.000294,True,,,{}
e1/ba_m2_n200.npz,38,ba_m2_n200_seed983129455,ba,200,396,greedy_rr,greedy_rr,0,40,40.0,0.000363,True,,,{}
e1/ba_m2_n200.npz,38,ba_m2_n200_seed983129455,ba,200,396,greedy_rr_ls,greedy_rr_ls,0,39,39.0,1.000632,True,,,{}
e1/ba_m2_n200.npz,38,ba_m2_n200_seed983129455,ba,200,396,ilp,ilp,0,39,39.0,0.018739,True,True,39.0,"{""gap"": 0.0, ""status"": ""OPTIMAL"", ""time_limit"": 60.0}"
e1/ba_m2_n200.npz,39,ba_m2_n200_seed53295097,ba,200,396,greedy,greedy,0,41,41.0,0.000277,True,,,{}
e1/ba_m2_n200.npz,39,ba_m2_n200_seed53295097,ba,200,396,greedy_rr,greedy_rr,0,40,40.0,0.000372,True,,,{}
e1/ba_m2_n200.npz,39,ba_m2_n200_seed53295097,ba,200,396,greedy_rr_ls,greedy_rr_ls,0,40,40.0,1.000997,True,,,{}
e1/ba_m2_n200.npz,39,ba_m2_n200_seed53295097,ba,200,396,ilp,ilp,0,40,40.0,0.027835,True,True,40.0,"{""gap"": 0.0, ""status"": ""OPTIMAL"", ""time_limit"": 60.0}"
e1/ba_m2_n200.npz,40,ba_m2_n200_seed885657114,ba,200,396,greedy,greedy,0,44,44.0,0.000287,True,,,{}
e1/ba_m2_n200.npz,40,ba_m2_n200_seed885657114,ba,200,396,greedy_rr,greedy_rr,0,44,44.0,0.000372,True,,,{}
e1/ba_m2_n200.npz,40,ba_m2_n200_seed885657114,ba,200,396,greedy_rr_ls,greedy_rr_ls,0,42,42.0,0.031861,True,,,{}
e1/ba_m2_n200.npz,40,ba_m2_n200_seed885657114,ba,200,396,ilp,ilp,0,42,42.0,0.030573,True,True,42.0,"{""gap"": 0.0, ""status"": ""OPTIMAL"", ""time_limit"": 60.0}"
e1/ba_m2_n200.npz,41,ba_m2_n200_seed137130892,ba,200,396,greedy,greedy,0,39,39.0,0.000352,True,,,{}
e1/ba_m2_n200.npz,41,ba_m2_n200_seed137130892,ba,200,396,greedy_rr,greedy_rr,0,39,39.0,0.000361,True,,,{}
e1/ba_m2_n200.npz,41,ba_m2_n200_seed137130892,ba,200,396,greedy_rr_ls,greedy_rr_ls,0,38,38.0,1.000545,True,,,{}
e1/ba_m2_n200.npz,41,ba_m2_n200_seed137130892,ba,200,396,ilp,ilp,0,38,38.0,0.026384,True,True,38.0,"{""gap"": 0.0, ""status"": ""OPTIMAL"", ""time_limit"": 60.0}"
e1/ba_m2_n200.npz,42,ba_m2_n200_seed670011702,ba,200,396,greedy,greedy,0,40,40.0,0.000279,True,,,{}
e1/ba_m2_n200.npz,42,ba_m2_n200_seed670011702,ba,200,396,greedy_rr,greedy_rr,0,40,40.0,0.000348,True,,,{}
e1/ba_m2_n200.npz,42,ba_m2_n200_seed670011702,ba,200,396,greedy_rr_ls,greedy_rr_ls,0,39,39.0,1.000623,True,,,{}
e1/ba_m2_n200.npz,42,ba_m2_n200_seed670011702,ba,200,396,ilp,ilp,0,39,39.0,0.026989,True,True,39.0,"{""gap"": 0.0, ""status"": ""OPTIMAL"", ""time_limit"": 60.0}"
e1/ba_m2_n200.npz,43,ba_m2_n200_seed915098272,ba,200,396,greedy,greedy,0,41,41.0,0.000321,True,,,{}
e1/ba_m2_n200.npz,43,ba_m2_n200_seed915098272,ba,200,396,greedy_rr,greedy_rr,0,40,40.0,0.000383,True,,,{}
e1/ba_m2_n200.npz,43,ba_m2_n200_seed915098272,ba,200,396,greedy_rr_ls,greedy_rr_ls,0,40,40.0,1.000678,True,,,{}
e1/ba_m2_n200.npz,43,ba_m2_n200_seed915098272,ba,200,396,ilp,ilp,0,40,40.0,0.023187,True,True,40.0,"{""gap"": 0.0, ""status"": ""OPTIMAL"", ""time_limit"": 60.0}"
e1/ba_m2_n200.npz,44,ba_m2_n200_seed861688323,ba,200,396,greedy,greedy,0,41,41.0,0.000279,True,,,{}
e1/ba_m2_n200.npz,44,ba_m2_n200_seed861688323,ba,200,396,greedy_rr,greedy_rr,0,40,40.0,0.000367,True,,,{}
e1/ba_m2_n200.npz,44,ba_m2_n200_seed861688323,ba,200,396,greedy_rr_ls,greedy_rr_ls,0,40,40.0,1.000594,True,,,{}
e1/ba_m2_n200.npz,44,ba_m2_n200_seed861688323,ba,200,396,ilp,ilp,0,40,40.0,0.027737,True,True,40.0,"{""gap"": 0.0, ""status"": ""OPTIMAL"", ""time_limit"": 60.0}"
e1/ba_m2_n200.npz,45,ba_m2_n200_seed147371925,ba,200,396,greedy,greedy,0,39,39.0,0.000272,True,,,{}
e1/ba_m2_n200.npz,45,ba_m2_n200_seed147371925,ba,200,396,greedy_rr,greedy_rr,0,37,37.0,0.000360,True,,,{}
e1/ba_m2_n200.npz,45,ba_m2_n200_seed147371925,ba,200,396,greedy_rr_ls,greedy_rr_ls,0,37,37.0,0.032715,True,,,{}
e1/ba_m2_n200.npz,45,ba_m2_n200_seed147371925,ba,200,396,ilp,ilp,0,37,37.0,0.026505,True,True,37.0,"{""gap"": 0.0, ""status"": ""OPTIMAL"", ""time_limit"": 60.0}"
e1/ba_m2_n200.npz,46,ba_m2_n200_seed714757423,ba,200,396,greedy,greedy,0,46,46.0,0.000380,True,,,{}
e1/ba_m2_n200.npz,46,ba_m2_n200_seed714757423,ba,200,396,greedy_rr,greedy_rr,0,45,45.0,0.000388,True,,,{}
e1/ba_m2_n200.npz,46,ba_m2_n200_seed714757423,ba,200,396,greedy_rr_ls,greedy_rr_ls,0,42,42.0,1.000556,True,,,{}
e1/ba_m2_n200.npz,46,ba_m2_n200_seed714757423,ba,200,396,ilp,ilp,0,42,42.0,0.029408,True,True,42.0,"{""gap"": 0.0, ""status"": ""OPTIMAL"", ""time_limit"": 60.0}"
e1/ba_m2_n200.npz,47,ba_m2_n200_seed858787513,ba,200,396,greedy,greedy,0,39,39.0,0.000265,True,,,{}
e1/ba_m2_n200.npz,47,ba_m2_n200_seed858787513,ba,200,396,greedy_rr,greedy_rr,0,38,38.0,0.000358,True,,,{}
e1/ba_m2_n200.npz,47,ba_m2_n200_seed858787513,ba,200,396,greedy_rr_ls,greedy_rr_ls,0,38,38.0,1.000632,True,,,{}
e1/ba_m2_n200.npz,47,ba_m2_n200_seed858787513,ba,200,396,ilp,ilp,0,38,38.0,0.025703,True,True,38.0,"{""gap"": 0.0, ""status"": ""OPTIMAL"", ""time_limit"": 60.0}"
e1/ba_m2_n200.npz,48,ba_m2_n200_seed988976680,ba,200,396,greedy,greedy,0,42,42.0,0.000982,True,,,{}
e1/ba_m2_n200.npz,48,ba_m2_n200_seed988976680,ba,200,396,greedy_rr,greedy_rr,0,40,40.0,0.000604,True,,,{}
e1/ba_m2_n200.npz,48,ba_m2_n200_seed988976680,ba,200,396,greedy_rr_ls,greedy_rr_ls,0,39,39.0,1.000777,True,,,{}
e1/ba_m2_n200.npz,48,ba_m2_n200_seed988976680,ba,200,396,ilp,ilp,0,39,39.0,0.025265,True,True,39.0,"{""gap"": 0.0, ""status"": ""OPTIMAL"", ""time_limit"": 60.0}"
e1/ba_m2_n200.npz,49,ba_m2_n200_seed307428286,ba,200,396,greedy,greedy,0,42,42.0,0.000294,True,,,{}
e1/ba_m2_n200.npz,49,ba_m2_n200_seed307428286,ba,200,396,greedy_rr,greedy_rr,0,42,42.0,0.000356,True,,,{}
e1/ba_m2_n200.npz,49,ba_m2_n200_seed307428286,ba,200,396,greedy_rr_ls,greedy_rr_ls,0,42,42.0,1.000549,True,,,{}
e1/ba_m2_n200.npz,49,ba_m2_n200_seed307428286,ba,200,396,ilp,ilp,0,42,42.0,0.030237,True,True,42.0,"{""gap"": 0.0, ""status"": ""OPTIMAL"", ""time_limit"": 60.0}"
e1/ba_m2_n50.npz,0,ba_m2_n50_seed893587336,ba,50,96,greedy,greedy,0,12,12.0,0.000108,True,,,{}
e1/ba_m2_n50.npz,0,ba_m2_n50_seed893587336,ba,50,96,greedy_rr,greedy_rr,0,12,12.0,0.000138,True,,,{}
e1/ba_m2_n50.npz,0,ba_m2_n50_seed893587336,ba,50,96,greedy_rr_ls,greedy_rr_ls,0,12,12.0,0.001460,True,,,{}
e1/ba_m2_n50.npz,0,ba_m2_n50_seed893587336,ba,50,96,ilp,ilp,0,12,12.0,0.012185,True,True,12.0,"{""gap"": 0.0, ""status"": ""OPTIMAL"", ""time_limit"": 60.0}"
e1/ba_m2_n50.npz,1,ba_m2_n50_seed682055198,ba,50,96,greedy,greedy,0,12,12.0,0.000119,True,,,{}
e1/ba_m2_n50.npz,1,ba_m2_n50_seed682055198,ba,50,96,greedy_rr,greedy_rr,0,12,12.0,0.000145,True,,,{}
e1/ba_m2_n50.npz,1,ba_m2_n50_seed682055198,ba,50,96,greedy_rr_ls,greedy_rr_ls,0,12,12.0,0.001320,True,,,{}
e1/ba_m2_n50.npz,1,ba_m2_n50_seed682055198,ba,50,96,ilp,ilp,0,12,12.0,0.014320,True,True,12.0,"{""gap"": 0.0, ""status"": ""OPTIMAL"", ""time_limit"": 60.0}"
e1/ba_m2_n50.npz,2,ba_m2_n50_seed114539172,ba,50,96,greedy,greedy,0,11,11.0,0.000121,True,,,{}
e1/ba_m2_n50.npz,2,ba_m2_n50_seed114539172,ba,50,96,greedy_rr,greedy_rr,0,11,11.0,0.000138,True,,,{}
e1/ba_m2_n50.npz,2,ba_m2_n50_seed114539172,ba,50,96,greedy_rr_ls,greedy_rr_ls,0,11,11.0,0.003271,True,,,{}
e1/ba_m2_n50.npz,2,ba_m2_n50_seed114539172,ba,50,96,ilp,ilp,0,11,11.0,0.011705,True,True,11.0,"{""gap"": 0.0, ""status"": ""OPTIMAL"", ""time_limit"": 60.0}"
e1/ba_m2_n50.npz,3,ba_m2_n50_seed896619826,ba,50,96,greedy,greedy,0,12,12.0,0.000112,True,,,{}
e1/ba_m2_n50.npz,3,ba_m2_n50_seed896619826,ba,50,96,greedy_rr,greedy_rr,0,11,11.0,0.000142,True,,,{}
e1/ba_m2_n50.npz,3,ba_m2_n50_seed896619826,ba,50,96,greedy_rr_ls,greedy_rr_ls,0,11,11.0,0.000836,True,,,{}
e1/ba_m2_n50.npz,3,ba_m2_n50_seed896619826,ba,50,96,ilp,ilp,0,11,11.0,0.014452,True,True,11.0,"{""gap"": 0.0, ""status"": ""OPTIMAL"", ""time_limit"": 60.0}"
e1/ba_m2_n50.npz,4,ba_m2_n50_seed878203793,ba,50,96,greedy,greedy,0,15,15.0,0.000112,True,,,{}
e1/ba_m2_n50.npz,4,ba_m2_n50_seed878203793,ba,50,96,greedy_rr,greedy_rr,0,14,14.0,0.000148,True,,,{}
e1/ba_m2_n50.npz,4,ba_m2_n50_seed878203793,ba,50,96,greedy_rr_ls,greedy_rr_ls,0,14,14.0,0.001173,True,,,{}
e1/ba_m2_n50.npz,4,ba_m2_n50_seed878203793,ba,50,96,ilp,ilp,0,14,14.0,0.013983,True,True,14.0,"{""gap"": 0.0, ""status"": ""OPTIMAL"", ""time_limit"": 60.0}"
e1/ba_m2_n50.npz,5,ba_m2_n50_seed700619271,ba,50,96,greedy,greedy,0,12,12.0,0.000115,True,,,{}
e1/ba_m2_n50.npz,5,ba_m2_n50_seed700619271,ba,50,96,greedy_rr,greedy_rr,0,12,12.0,0.000136,True,,,{}
e1/ba_m2_n50.npz,5,ba_m2_n50_seed700619271,ba,50,96,greedy_rr_ls,greedy_rr_ls,0,12,12.0,0.000985,True,,,{}
e1/ba_m2_n50.npz,5,ba_m2_n50_seed700619271,ba,50,96,ilp,ilp,0,12,12.0,0.013282,True,True,12.0,"{""gap"": 0.0, ""status"": ""OPTIMAL"", ""time_limit"": 60.0}"
e1/ba_m2_n50.npz,6,ba_m2_n50_seed167870141,ba,50,96,greedy,greedy,0,13,13.0,0.000126,True,,,{}
e1/ba_m2_n50.npz,6,ba_m2_n50_seed167870141,ba,50,96,greedy_rr,greedy_rr,0,13,13.0,0.000144,True,,,{}
e1/ba_m2_n50.npz,6,ba_m2_n50_seed167870141,ba,50,96,greedy_rr_ls,greedy_rr_ls,0,13,13.0,0.001080,True,,,{}
e1/ba_m2_n50.npz,6,ba_m2_n50_seed167870141,ba,50,96,ilp,ilp,0,13,13.0,0.013472,True,True,13.0,"{""gap"": 0.0, ""status"": ""OPTIMAL"", ""time_limit"": 60.0}"
e1/ba_m2_n50.npz,7,ba_m2_n50_seed848632107,ba,50,96,greedy,greedy,0,13,13.0,0.000150,True,,,{}
e1/ba_m2_n50.npz,7,ba_m2_n50_seed848632107,ba,50,96,greedy_rr,greedy_rr,0,13,13.0,0.000203,True,,,{}
e1/ba_m2_n50.npz,7,ba_m2_n50_seed848632107,ba,50,96,greedy_rr_ls,greedy_rr_ls,0,13,13.0,0.001334,True,,,{}
e1/ba_m2_n50.npz,7,ba_m2_n50_seed848632107,ba,50,96,ilp,ilp,0,13,13.0,0.013934,True,True,13.0,"{""gap"": 0.0, ""status"": ""OPTIMAL"", ""time_limit"": 60.0}"
e1/ba_m2_n50.npz,8,ba_m2_n50_seed739149754,ba,50,96,greedy,greedy,0,11,11.0,0.000144,True,,,{}
e1/ba_m2_n50.npz,8,ba_m2_n50_seed739149754,ba,50,96,greedy_rr,greedy_rr,0,11,11.0,0.000149,True,,,{}
e1/ba_m2_n50.npz,8,ba_m2_n50_seed739149754,ba,50,96,greedy_rr_ls,greedy_rr_ls,0,11,11.0,0.000918,True,,,{}
e1/ba_m2_n50.npz,8,ba_m2_n50_seed739149754,ba,50,96,ilp,ilp,0,11,11.0,0.013363,True,True,11.0,"{""gap"": 0.0, ""status"": ""OPTIMAL"", ""time_limit"": 60.0}"
e1/ba_m2_n50.npz,9,ba_m2_n50_seed594333228,ba,50,96,greedy,greedy,0,10,10.0,0.000115,True,,,{}
e1/ba_m2_n50.npz,9,ba_m2_n50_seed594333228,ba,50,96,greedy_rr,greedy_rr,0,10,10.0,0.000133,True,,,{}
e1/ba_m2_n50.npz,9,ba_m2_n50_seed594333228,ba,50,96,greedy_rr_ls,greedy_rr_ls,0,10,10.0,0.001233,True,,,{}
e1/ba_m2_n50.npz,9,ba_m2_n50_seed594333228,ba,50,96,ilp,ilp,0,10,10.0,0.014165,True,True,10.0,"{""gap"": 0.0, ""status"": ""OPTIMAL"", ""time_limit"": 60.0}"
e1/ba_m2_n50.npz,10,ba_m2_n50_seed511820506,ba,50,96,greedy,greedy,0,13,13.0,0.000113,True,,,{}
e1/ba_m2_n50.npz,10,ba_m2_n50_seed511820506,ba,50,96,greedy_rr,greedy_rr,0,13,13.0,0.000141,True,,,{}
e1/ba_m2_n50.npz,10,ba_m2_n50_seed511820506,ba,50,96,greedy_rr_ls,greedy_rr_ls,0,12,12.0,0.002135,True,,,{}
e1/ba_m2_n50.npz,10,ba_m2_n50_seed511820506,ba,50,96,ilp,ilp,0,12,12.0,0.011964,True,True,12.0,"{""gap"": 0.0, ""status"": ""OPTIMAL"", ""time_limit"": 60.0}"
e1/ba_m2_n50.npz,11,ba_m2_n50_seed803743820,ba,50,96,greedy,greedy,0,9,9.0,0.000113,True,,,{}
e1/ba_m2_n50.npz,11,ba_m2_n50_seed803743820,ba,50,96,greedy_rr,greedy_rr,0,9,9.0,0.000124,True,,,{}
e1/ba_m2_n50.npz,11,ba_m2_n50_seed803743820,ba,50,96,greedy_rr_ls,greedy_rr_ls,0,9,9.0,0.000756,True,,,{}
e1/ba_m2_n50.npz,11,ba_m2_n50_seed803743820,ba,50,96,ilp,ilp,0,9,9.0,0.017390,True,True,9.0,"{""gap"": 0.0, ""status"": ""OPTIMAL"", ""time_limit"": 60.0}"
e1/ba_m2_n50.npz,12,ba_m2_n50_seed75244022,ba,50,96,greedy,greedy,0,9,9.0,0.000148,True,,,{}
e1/ba_m2_n50.npz,12,ba_m2_n50_seed75244022,ba,50,96,greedy_rr,greedy_rr,0,9,9.0,0.000182,True,,,{}
e1/ba_m2_n50.npz,12,ba_m2_n50_seed75244022,ba,50,96,greedy_rr_ls,greedy_rr_ls,0,9,9.0,0.000654,True,,,{}
e1/ba_m2_n50.npz,12,ba_m2_n50_seed75244022,ba,50,96,ilp,ilp,0,9,9.0,0.010684,True,True,9.0,"{""gap"": 0.0, ""status"": ""OPTIMAL"", ""time_limit"": 60.0}"
e1/ba_m2_n50.npz,13,ba_m2_n50_seed212772192,ba,50,96,greedy,greedy,0,10,10.0,0.000111,True,,,{}
e1/ba_m2_n50.npz,13,ba_m2_n50_seed212772192,ba,50,96,greedy_rr,greedy_rr,0,10,10.0,0.000128,True,,,{}
e1/ba_m2_n50.npz,13,ba_m2_n50_seed212772192,ba,50,96,greedy_rr_ls,greedy_rr_ls,0,10,10.0,0.001341,True,,,{}
e1/ba_m2_n50.npz,13,ba_m2_n50_seed212772192,ba,50,96,ilp,ilp,0,10,10.0,0.013495,True,True,10.0,"{""gap"": 0.0, ""status"": ""OPTIMAL"", ""time_limit"": 60.0}"
e1/ba_m2_n50.npz,14,ba_m2_n50_seed454919875,ba,50,96,greedy,greedy,0,9,9.0,0.000180,True,,,{}
e1/ba_m2_n50.npz,14,ba_m2_n50_seed454919875,ba,50,96,greedy_rr,greedy_rr,0,9,9.0,0.000139,True,,,{}
e1/ba_m2_n50.npz,14,ba_m2_n50_seed454919875,ba,50,96,greedy_rr_ls,greedy_rr_ls,0,9,9.0,0.000646,True,,,{}
e1/ba_m2_n50.npz,14,ba_m2_n50_seed454919875,ba,50,96,ilp,ilp,0,9,9.0,0.013621,True,True,9.0,"{""gap"": 0.0, ""status"": ""OPTIMAL"", ""time_limit"": 60.0}"
e1/ba_m2_n50.npz,15,ba_m2_n50_seed847113301,ba,50,96,greedy,greedy,0,10,10.0,0.000113,True,,,{}
e1/ba_m2_n50.npz,15,ba_m2_n50_seed847113301,ba,50,96,greedy_rr,greedy_rr,0,10,10.0,0.000139,True,,,{}
e1/ba_m2_n50.npz,15,ba_m2_n50_seed847113301,ba,50,96,greedy_rr_ls,greedy_rr_ls,0,9,9.0,0.000579,True,,,{}
e1/ba_m2_n50.npz,15,ba_m2_n50_seed847113301,ba,50,96,ilp,ilp,0,9,9.0,0.014055,True,True,9.0,"{""gap"": 0.0, ""status"": ""OPTIMAL"", ""time_limit"": 60.0}"
e1/ba_m2_n50.npz,16,ba_m2_n50_seed85943791,ba,50,96,greedy,greedy,0,11,11.0,0.000121,True,,,{}
e1/ba_m2_n50.npz,16,ba_m2_n50_seed85943791,ba,50,96,greedy_rr,greedy_rr,0,11,11.0,0.000137,True,,,{}
e1/ba_m2_n50.npz,16,ba_m2_n50_seed85943791,ba,50,96,greedy_rr_ls,greedy_rr_ls,0,11,11.0,0.000648,True,,,{}
e1/ba_m2_n50.npz,16,ba_m2_n50_seed85943791,ba,50,96,ilp,ilp,0,11,11.0,0.013809,True,True,11.0,"{""gap"": 0.0, ""status"": ""OPTIMAL"", ""time_limit"": 60.0}"
e1/ba_m2_n50.npz,17,ba_m2_n50_seed190572921,ba,50,96,greedy,greedy,0,13,13.0,0.000112,True,,,{}
e1/ba_m2_n50.npz,17,ba_m2_n50_seed190572921,ba,50,96,greedy_rr,greedy_rr,0,12,12.0,0.000141,True,,,{}
e1/ba_m2_n50.npz,17,ba_m2_n50_seed190572921,ba,50,96,greedy_rr_ls,greedy_rr_ls,0,12,12.0,0.001195,True,,,{}
e1/ba_m2_n50.npz,17,ba_m2_n50_seed190572921,ba,50,96,ilp,ilp,0,12,12.0,0.014316,True,True,12.0,"{""gap"": 0.0, ""status"": ""OPTIMAL"", ""time_limit"": 60.0}"
e1/ba_m2_n50.npz,18,ba_m2_n50_seed617036520,ba,50,96,greedy,greedy,0,12,12.0,0.000128,True,,,{}
e1/ba_m2_n50.npz,18,ba_m2_n50_seed617036520,ba,50,96,greedy_rr,greedy_rr,0,11,11.0,0.000147,True,,,{}
e1/ba_m2_n50.npz,18,ba_m2_n50_seed617036520,ba,50,96,greedy_rr_ls,greedy_rr_ls,0,11,11.0,0.000842,True,,,{}
e1/ba_m2_n50.npz,18,ba_m2_n50_seed617036520,ba,50,96,ilp,ilp,0,11,11.0,0.013154,True,True,11.0,"{""gap"": 0.0, ""status"": ""OPTIMAL"", ""time_limit"": 60.0}"
e1/ba_m2_n50.npz,19,ba_m2_n50_seed976461950,ba,50,96,greedy,greedy,0,11,11.0,0.000172,True,,,{}
e1/ba_m2_n50.npz,19,ba_m2_n50_seed976461950,ba,50,96,greedy_rr,greedy_rr,0,11,11.0,0.000187,True,,,{}
e1/ba_m2_n50.npz,19,ba_m2_n50_seed976461950,ba,50,96,greedy_rr_ls,greedy_rr_ls,0,11,11.0,0.000857,True,,,{}
e1/ba_m2_n50.npz,19,ba_m2_n50_seed976461950,ba,50,96,ilp,ilp,0,11,11.0,0.014365,True,True,11.0,"{""gap"": 0.0, ""status"": ""OPTIMAL"", ""time_limit"": 60.0}"
e1/ba_m2_n50.npz,20,ba_m2_n50_seed197281177,ba,50,96,greedy,greedy,0,10,10.0,0.000111,True,,,{}
e1/ba_m2_n50.npz,20,ba_m2_n50_seed197281177,ba,50,96,greedy_rr,greedy_rr,0,10,10.0,0.000127,True,,,{}
e1/ba_m2_n50.npz,20,ba_m2_n50_seed197281177,ba,50,96,greedy_rr_ls,greedy_rr_ls,0,10,10.0,0.001424,True,,,{}
e1/ba_m2_n50.npz,20,ba_m2_n50_seed197281177,ba,50,96,ilp,ilp,0,10,10.0,0.013280,True,True,10.0,"{""gap"": 0.0, ""status"": ""OPTIMAL"", ""time_limit"": 60.0}"
e1/ba_m2_n50.npz,21,ba_m2_n50_seed381507087,ba,50,96,greedy,greedy,0,9,9.0,0.000157,True,,,{}
e1/ba_m2_n50.npz,21,ba_m2_n50_seed381507087,ba,50,96,greedy_rr,greedy_rr,0,9,9.0,0.000133,True,,,{}
e1/ba_m2_n50.npz,21,ba_m2_n50_seed381507087,ba,50,96,greedy_rr_ls,greedy_rr_ls,0,9,9.0,0.000678,True,,,{}
e1/ba_m2_n50.npz,21,ba_m2_n50_seed381507087,ba,50,96,ilp,ilp,0,9,9.0,0.013669,True,True,9.0,"{""gap"": 0.0, ""status"": ""OPTIMAL"", ""time_limit"": 60.0}"
e1/ba_m2_n50.npz,22,ba_m2_n50_seed351910581,ba,50,96,greedy,greedy,0,13,13.0,0.000119,True,,,{}
e1/ba_m2_n50.npz,22,ba_m2_n50_seed351910581,ba,50,96,greedy_rr,greedy_rr,0,13,13.0,0.000148,True,,,{}
e1/ba_m2_n50.npz,22,ba_m2_n50_seed351910581,ba,50,96,greedy_rr_ls,greedy_rr_ls,0,12,12.0,0.001035,True,,,{}
e1/ba_m2_n50.npz,22,ba_m2_n50_seed351910581,ba,50,96,ilp,ilp,0,12,12.0,0.013853,True,True,12.0,"{""gap"": 0.0, ""status"": ""OPTIMAL"", ""time_limit"": 60.0}"
e1/ba_m2_n50.npz,23,ba_m2_n50_seed664491299,ba,50,96,greedy,greedy,0,9,9.0,0.000147,True,,,{}
e1/ba_m2_n50.npz,23,ba_m2_n50_seed664491299,ba,50,96,greedy_rr,greedy_rr,0,9,9.0,0.000189,True,,,{}
e1/ba_m2_n50.npz,23,ba_m2_n50_seed664491299,ba,50,96,greedy_rr_ls,greedy_rr_ls,0,9,9.0,0.000620,True,,,{}
e1/ba_m2_n50.npz,23,ba_m2_n50_seed664491299,ba,50,96,ilp,ilp,0,9,9.0,0.014108,True,True,9.0,"{""gap"": 0.0, ""status"": ""OPTIMAL"", ""time_limit"": 60.0}"
e1/ba_m2_n50.npz,24,ba_m2_n50_seed111643008,ba,50,96,greedy,greedy,0,11,11.0,0.000133,True,,,{}
e1/ba_m2_n50.npz,24,ba_m2_n50_seed111643008,ba,50,96,greedy_rr,greedy_rr,0,11,11.0,0.000137,True,,,{}
e1/ba_m2_n50.npz,24,ba_m2_n50_seed111643008,ba,50,96,greedy_rr_ls,greedy_rr_ls,0,11,11.0,0.002105,True,,,{}
e1/ba_m2_n50.npz,24,ba_m2_n50_seed111643008,ba,50,96,ilp,ilp,0,11,11.0,0.013571,True,True,11.0,"{""gap"": 0.0, ""status"": ""OPTIMAL"", ""time_limit"": 60.0}"
e1/ba_m2_n50.npz,25,ba_m2_n50_seed464034326,ba,50,96,greedy,greedy,0,10,10.0,0.000121,True,,,{}
e1/ba_m2_n50.npz,25,ba_m2_n50_seed464034326,ba,50,96,greedy_rr,greedy_rr,0,10,10.0,0.000134,True,,,{}
e1/ba_m2_n50.npz,25,ba_m2_n50_seed464034326,ba,50,96,greedy_rr_ls,greedy_rr_ls,0,10,10.0,0.001062,True,,,{}
e1/ba_m2_n50.npz,25,ba_m2_n50_seed464034326,ba,50,96,ilp,ilp,0,10,10.0,0.012780,True,True,10.0,"{""gap"": 0.0, ""status"": ""OPTIMAL"", ""time_limit"": 60.0}"
e1/ba_m2_n50.npz,26,ba_m2_n50_seed467107500,ba,50,96,greedy,greedy,0,8,8.0,0.000127,True,,,{}
e1/ba_m2_n50.npz,26,ba_m2_n50_seed467107500,ba,50,96,greedy_rr,greedy_rr,0,8,8.0,0.000126,True,,,{}
e1/ba_m2_n50.npz,26,ba_m2_n50_seed467107500,ba,50,96,greedy_rr_ls,greedy_rr_ls,0,8,8.0,0.000345,True,,,{}
e1/ba_m2_n50.npz,26,ba_m2_n50_seed467107500,ba,50,96,ilp,ilp,0,8,8.0,0.015205,True,True,8.0,"{""gap"": 0.0, ""status"": ""OPTIMAL"", ""time_limit"": 60.0}"
e1/ba_m2_n50.npz,27,ba_m2_n50_seed544151866,ba,50,96,greedy,greedy,0,11,11.0,0.000135,True,,,{}
e1/ba_m2_n50.npz,27,ba_m2_n50_seed544151866,ba,50,96,greedy_rr,greedy_rr,0,11,11.0,0.000150,True,,,{}
e1/ba_m2_n50.npz,27,ba_m2_n50_seed544151866,ba,50,96,greedy_rr_ls,greedy_rr_ls,0,11,11.0,0.002018,True,,,{}
e1/ba_m2_n50.npz,27,ba_m2_n50_seed544151866,ba,50,96,ilp,ilp,0,11,11.0,0.012451,True,True,11.0,"{""gap"": 0.0, ""status"": ""OPTIMAL"", ""time_limit"": 60.0}"
e1/ba_m2_n50.npz,28,ba_m2_n50_seed968132523,ba,50,96,greedy,greedy,0,14,14.0,0.000121,True,,,{}
e1/ba_m2_n50.npz,28,ba_m2_n50_seed968132523,ba,50,96,greedy_rr,greedy_rr,0,13,13.0,0.000146,True,,,{}
e1/ba_m2_n50.npz,28,ba_m2_n50_seed968132523,ba,50,96,greedy_rr_ls,greedy_rr_ls,0,12,12.0,0.001151,True,,,{}
e1/ba_m2_n50.npz,28,ba_m2_n50_seed968132523,ba,50,96,ilp,ilp,0,12,12.0,0.013607,True,True,12.0,"{""gap"": 0.0, ""status"": ""OPTIMAL"", ""time_limit"": 60.0}"
e1/ba_m2_n50.npz,29,ba_m2_n50_seed353816125,ba,50,96,greedy,greedy,0,13,13.0,0.000154,True,,,{}
e1/ba_m2_n50.npz,29,ba_m2_n50_seed353816125,ba,50,96,greedy_rr,greedy_rr,0,12,12.0,0.000143,True,,,{}
e1/ba_m2_n50.npz,29,ba_m2_n50_seed353816125,ba,50,96,greedy_rr_ls,greedy_rr_ls,0,12,12.0,0.000623,True,,,{}
e1/ba_m2_n50.npz,29,ba_m2_n50_seed353816125,ba,50,96,ilp,ilp,0,12,12.0,0.014318,True,True,12.0,"{""gap"": 0.0, ""status"": ""OPTIMAL"", ""time_limit"": 60.0}"
e1/ba_m2_n50.npz,30,ba_m2_n50_seed812916824,ba,50,96,greedy,greedy,0,12,12.0,0.000114,True,,,{}
e1/ba_m2_n50.npz,30,ba_m2_n50_seed812916824,ba,50,96,greedy_rr,greedy_rr,0,12,12.0,0.000137,True,,,{}
e1/ba_m2_n50.npz,30,ba_m2_n50_seed812916824,ba,50,96,greedy_rr_ls,greedy_rr_ls,0,12,12.0,0.001044,True,,,{}
e1/ba_m2_n50.npz,30,ba_m2_n50_seed812916824,ba,50,96,ilp,ilp,0,12,12.0,0.015366,True,True,12.0,"{""gap"": 0.0, ""status"": ""OPTIMAL"", ""time_limit"": 60.0}"
e1/ba_m2_n50.npz,31,ba_m2_n50_seed500582094,ba,50,96,greedy,greedy,0,12,12.0,0.000119,True,,,{}
e1/ba_m2_n50.npz,31,ba_m2_n50_seed500582094,ba,50,96,greedy_rr,greedy_rr,0,12,12.0,0.000136,True,,,{}
e1/ba_m2_n50.npz,31,ba_m2_n50_seed500582094,ba,50,96,greedy_rr_ls,greedy_rr_ls,0,12,12.0,0.002948,True,,,{}
e1/ba_m2_n50.npz,31,ba_m2_n50_seed500582094,ba,50,96,ilp,ilp,0,12,12.0,0.011419,True,True,12.0,"{""gap"": 0.0, ""status"": ""OPTIMAL"", ""time_limit"": 60.0}"
e1/ba_m2_n50.npz,32,ba_m2_n50_seed235178356,ba,50,96,greedy,greedy,0,13,13.0,0.000171,True,,,{}
e1/ba_m2_n50.npz,32,ba_m2_n50_seed235178356,ba,50,96,greedy_rr,greedy_rr,0,13,13.0,0.000143,True,,,{}
e1/ba_m2_n50.npz,32,ba_m2_n50_seed235178356,ba,50,96,greedy_rr_ls,greedy_rr_ls,0,12,12.0,0.000830,True,,,{}
e1/ba_m2_n50.npz,32,ba_m2_n50_seed235178356,ba,50,96,ilp,ilp,0,12,12.0,0.012716,True,True,12.0,"{""gap"": 0.0, ""status"": ""OPTIMAL"", ""time_limit"": 60.0}"
e1/ba_m2_n50.npz,33,ba_m2_n50_seed50706914,ba,50,96,greedy,greedy,0,12,12.0,0.000111,True,,,{}
e1/ba_m2_n50.npz,33,ba_m2_n50_seed50706914,ba,50,96,greedy_rr,greedy_rr,0,12,12.0,0.000133,True,,,{}
e1/ba_m2_n50.npz,33,ba_m2_n50_seed50706914,ba,50,96,greedy_rr_ls,greedy_rr_ls,0,12,12.0,0.001343,True,,,{}
e1/ba_m2_n50.npz,33,ba_m2_n50_seed50706914,ba,50,96,ilp,ilp,0,12,12.0,0.014103,True,True,12.0,"{""gap"": 0.0, ""status"": ""OPTIMAL"", ""time_limit"": 60.0}"
e1/ba_m2_n50.npz,34,ba_m2_n50_seed692544577,ba,50,96,greedy,greedy,0,11,11.0,0.000143,True,,,{}
e1/ba_m2_n50.npz,34,ba_m2_n50_seed692544577,ba,50,96,greedy_rr,greedy_rr,0,11,11.0,0.000166,True,,,{}
e1/ba_m2_n50.npz,34,ba_m2_n50_seed692544577,ba,50,96,greedy_rr_ls,greedy_rr_ls,0,11,11.0,0.001231,True,,,{}
e1/ba_m2_n50.npz,34,ba_m2_n50_seed692544577,ba,50,96,ilp,ilp,0,11,11.0,0.012434,True,True,11.0,"{""gap"": 0.0, ""status"": ""OPTIMAL"", ""time_limit"": 60.0}"
e1/ba_m2_n50.npz,35,ba_m2_n50_seed615746263,ba,50,96,greedy,greedy,0,11,11.0,0.000110,True,,,{}
e1/ba_m2_n50.npz,35,ba_m2_n50_seed615746263,ba,50,96,greedy_rr,greedy_rr,0,11,11.0,0.000128,True,,,{}
e1/ba_m2_n50.npz,35,ba_m2_n50_seed615746263,ba,50,96,greedy_rr_ls,greedy_rr_ls,0,11,11.0,0.005069,True,,,{}
e1/ba_m2_n50.npz,35,ba_m2_n50_seed615746263,ba,50,96,ilp,ilp,0,11,11.0,0.009680,True,True,11.0,"{""gap"": 0.0, ""status"": ""OPTIMAL"", ""time_limit"": 60.0}"
e1/ba_m2_n50.npz,36,ba_m2_n50_seed317738349,ba,50,96,greedy,greedy,0,11,11.0,0.000158,True,,,{}
e1/ba_m2_n50.npz,36,ba_m2_n50_seed317738349,ba,50,96,greedy_rr,greedy_rr,0,11,11.0,0.000260,True,,,{}
e1/ba_m2_n50.npz,36,ba_m2_n50_seed317738349,ba,50,96,greedy_rr_ls,greedy_rr_ls,0,11,11.0,0.001595,True,,,{}
e1/ba_m2_n50.npz,36,ba_m2_n50_seed317738349,ba,50,96,ilp,ilp,0,11,11.0,0.012861,True,True,11.0,"{""gap"": 0.0, ""status"": ""OPTIMAL"", ""time_limit"": 60.0}"
e1/ba_m2_n50.npz,37,ba_m2_n50_seed965101563,ba,50,96,greedy,greedy,0,12,12.0,0.000198,True,,,{}
e1/ba_m2_n50.npz,37,ba_m2_n50_seed965101563,ba,50,96,greedy_rr,greedy_rr,0,12,12.0,0.000177,True,,,{}
e1/ba_m2_n50.npz,37,ba_m2_n50_seed965101563,ba,50,96,greedy_rr_ls,greedy_rr_ls,0,12,12.0,0.001457,True,,,{}
e1/ba_m2_n50.npz,37,ba_m2_n50_seed965101563,ba,50,96,ilp,ilp,0,12,12.0,0.013507,True,True,12.0,"{""gap"": 0.0, ""status"": ""OPTIMAL"", ""time_limit"": 60.0}"
e1/ba_m2_n50.npz,38,ba_m2_n50_seed849188970,ba,50,96,greedy,greedy,0,9,9.0,0.000180,True,,,{}
e1/ba_m2_n50.npz,38,ba_m2_n50_seed849188970,ba,50,96,greedy_rr,greedy_rr,0,9,9.0,0.000137,True,,,{}
e1/ba_m2_n50.npz,38,ba_m2_n50_seed849188970,ba,50,96,greedy_rr_ls,greedy_rr_ls,0,9,9.0,0.000470,True,,,{}
e1/ba_m2_n50.npz,38,ba_m2_n50_seed849188970,ba,50,96,ilp,ilp,0,9,9.0,0.013839,True,True,9.0,"{""gap"": 0.0, ""status"": ""OPTIMAL"", ""time_limit"": 60.0}"
e1/ba_m2_n50.npz,39,ba_m2_n50_seed738049788,ba,50,96,greedy,greedy,0,11,11.0,0.000136,True,,,{}
e1/ba_m2_n50.npz,39,ba_m2_n50_seed738049788,ba,50,96,greedy_rr,greedy_rr,0,11,11.0,0.000169,True,,,{}
e1/ba_m2_n50.npz,39,ba_m2_n50_seed738049788,ba,50,96,greedy_rr_ls,greedy_rr_ls,0,11,11.0,0.001479,True,,,{}
e1/ba_m2_n50.npz,39,ba_m2_n50_seed738049788,ba,50,96,ilp,ilp,0,10,10.0,0.013480,True,True,10.0,"{""gap"": 0.0, ""status"": ""OPTIMAL"", ""time_limit"": 60.0}"
e1/ba_m2_n50.npz,40,ba_m2_n50_seed899214623,ba,50,96,greedy,greedy,0,12,12.0,0.000152,True,,,{}
e1/ba_m2_n50.npz,40,ba_m2_n50_seed899214623,ba,50,96,greedy_rr,greedy_rr,0,12,12.0,0.000146,True,,,{}
e1/ba_m2_n50.npz,40,ba_m2_n50_seed899214623,ba,50,96,greedy_rr_ls,greedy_rr_ls,0,12,12.0,0.001219,True,,,{}
e1/ba_m2_n50.npz,40,ba_m2_n50_seed899214623,ba,50,96,ilp,ilp,0,12,12.0,0.012584,True,True,12.0,"{""gap"": 0.0, ""status"": ""OPTIMAL"", ""time_limit"": 60.0}"
e1/ba_m2_n50.npz,41,ba_m2_n50_seed674399881,ba,50,96,greedy,greedy,0,9,9.0,0.000105,True,,,{}
e1/ba_m2_n50.npz,41,ba_m2_n50_seed674399881,ba,50,96,greedy_rr,greedy_rr,0,9,9.0,0.000126,True,,,{}
e1/ba_m2_n50.npz,41,ba_m2_n50_seed674399881,ba,50,96,greedy_rr_ls,greedy_rr_ls,0,8,8.0,0.000708,True,,,{}
e1/ba_m2_n50.npz,41,ba_m2_n50_seed674399881,ba,50,96,ilp,ilp,0,8,8.0,0.013945,True,True,8.0,"{""gap"": 0.0, ""status"": ""OPTIMAL"", ""time_limit"": 60.0}"
e1/ba_m2_n50.npz,42,ba_m2_n50_seed106883635,ba,50,96,greedy,greedy,0,10,10.0,0.000112,True,,,{}
e1/ba_m2_n50.npz,42,ba_m2_n50_seed106883635,ba,50,96,greedy_rr,greedy_rr,0,10,10.0,0.000148,True,,,{}
e1/ba_m2_n50.npz,42,ba_m2_n50_seed106883635,ba,50,96,greedy_rr_ls,greedy_rr_ls,0,9,9.0,0.000504,True,,,{}
e1/ba_m2_n50.npz,42,ba_m2_n50_seed106883635,ba,50,96,ilp,ilp,0,9,9.0,0.014637,True,True,9.0,"{""gap"": 0.0, ""status"": ""OPTIMAL"", ""time_limit"": 60.0}"
e1/ba_m2_n50.npz,43,ba_m2_n50_seed902246309,ba,50,96,greedy,greedy,0,10,10.0,0.000114,True,,,{}
e1/ba_m2_n50.npz,43,ba_m2_n50_seed902246309,ba,50,96,greedy_rr,greedy_rr,0,10,10.0,0.000132,True,,,{}
e1/ba_m2_n50.npz,43,ba_m2_n50_seed902246309,ba,50,96,greedy_rr_ls,greedy_rr_ls,0,10,10.0,0.000927,True,,,{}
e1/ba_m2_n50.npz,43,ba_m2_n50_seed902246309,ba,50,96,ilp,ilp,0,10,10.0,0.013560,True,True,10.0,"{""gap"": 0.0, ""status"": ""OPTIMAL"", ""time_limit"": 60.0}"
e1/ba_m2_n50.npz,44,ba_m2_n50_seed22175494,ba,50,96,greedy,greedy,0,9,9.0,0.000166,True,,,{}
e1/ba_m2_n50.npz,44,ba_m2_n50_seed22175494,ba,50,96,greedy_rr,greedy_rr,0,9,9.0,0.000149,True,,,{}
e1/ba_m2_n50.npz,44,ba_m2_n50_seed22175494,ba,50,96,greedy_rr_ls,greedy_rr_ls,0,9,9.0,0.000535,True,,,{}
e1/ba_m2_n50.npz,44,ba_m2_n50_seed22175494,ba,50,96,ilp,ilp,0,9,9.0,0.013908,True,True,9.0,"{""gap"": 0.0, ""status"": ""OPTIMAL"", ""time_limit"": 60.0}"
e1/ba_m2_n50.npz,45,ba_m2_n50_seed562872976,ba,50,96,greedy,greedy,0,13,13.0,0.000122,True,,,{}
e1/ba_m2_n50.npz,45,ba_m2_n50_seed562872976,ba,50,96,greedy_rr,greedy_rr,0,13,13.0,0.000137,True,,,{}
e1/ba_m2_n50.npz,45,ba_m2_n50_seed562872976,ba,50,96,greedy_rr_ls,greedy_rr_ls,0,12,12.0,0.001011,True,,,{}
e1/ba_m2_n50.npz,45,ba_m2_n50_seed562872976,ba,50,96,ilp,ilp,0,12,12.0,0.013726,True,True,12.0,"{""gap"": 0.0, ""status"": ""OPTIMAL"", ""time_limit"": 60.0}"
e1/ba_m2_n50.npz,46,ba_m2_n50_seed30123562,ba,50,96,greedy,greedy,0,11,11.0,0.000119,True,,,{}
e1/ba_m2_n50.npz,46,ba_m2_n50_seed30123562,ba,50,96,greedy_rr,greedy_rr,0,10,10.0,0.000144,True,,,{}
e1/ba_m2_n50.npz,46,ba_m2_n50_seed30123562,ba,50,96,greedy_rr_ls,greedy_rr_ls,0,10,10.0,0.000934,True,,,{}
e1/ba_m2_n50.npz,46,ba_m2_n50_seed30123562,ba,50,96,ilp,ilp,0,10,10.0,0.013826,True,True,10.0,"{""gap"": 0.0, ""status"": ""OPTIMAL"", ""time_limit"": 60.0}"
e1/ba_m2_n50.npz,47,ba_m2_n50_seed992603068,ba,50,96,greedy,greedy,0,12,12.0,0.000131,True,,,{}
e1/ba_m2_n50.npz,47,ba_m2_n50_seed992603068,ba,50,96,greedy_rr,greedy_rr,0,11,11.0,0.000141,True,,,{}
e1/ba_m2_n50.npz,47,ba_m2_n50_seed992603068,ba,50,96,greedy_rr_ls,greedy_rr_ls,0,11,11.0,0.000592,True,,,{}
e1/ba_m2_n50.npz,47,ba_m2_n50_seed992603068,ba,50,96,ilp,ilp,0,11,11.0,0.014719,True,True,11.0,"{""gap"": 0.0, ""status"": ""OPTIMAL"", ""time_limit"": 60.0}"
e1/ba_m2_n50.npz,48,ba_m2_n50_seed876832045,ba,50,96,greedy,greedy,0,11,11.0,0.000111,True,,,{}
e1/ba_m2_n50.npz,48,ba_m2_n50_seed876832045,ba,50,96,greedy_rr,greedy_rr,0,11,11.0,0.000142,True,,,{}
e1/ba_m2_n50.npz,48,ba_m2_n50_seed876832045,ba,50,96,greedy_rr_ls,greedy_rr_ls,0,11,11.0,0.001228,True,,,{}
e1/ba_m2_n50.npz,48,ba_m2_n50_seed876832045,ba,50,96,ilp,ilp,0,11,11.0,0.013175,True,True,11.0,"{""gap"": 0.0, ""status"": ""OPTIMAL"", ""time_limit"": 60.0}"
e1/ba_m2_n50.npz,49,ba_m2_n50_seed450297531,ba,50,96,greedy,greedy,0,11,11.0,0.000165,True,,,{}
e1/ba_m2_n50.npz,49,ba_m2_n50_seed450297531,ba,50,96,greedy_rr,greedy_rr,0,11,11.0,0.000232,True,,,{}
e1/ba_m2_n50.npz,49,ba_m2_n50_seed450297531,ba,50,96,greedy_rr_ls,greedy_rr_ls,0,11,11.0,0.001179,True,,,{}
e1/ba_m2_n50.npz,49,ba_m2_n50_seed450297531,ba,50,96,ilp,ilp,0,11,11.0,0.013601,True,True,11.0,"{""gap"": 0.0, ""status"": ""OPTIMAL"", ""time_limit"": 60.0}"
e1/ba_m2_n500.npz,0,ba_m2_n500_seed844301750,ba,500,996,greedy,greedy,0,107,107.0,0.000834,True,,,{}
e1/ba_m2_n500.npz,0,ba_m2_n500_seed844301750,ba,500,996,greedy_rr,greedy_rr,0,106,106.0,0.001096,True,,,{}
e1/ba_m2_n500.npz,0,ba_m2_n500_seed844301750,ba,500,996,greedy_rr_ls,greedy_rr_ls,0,104,104.0,1.001532,True,,,{}
e1/ba_m2_n500.npz,0,ba_m2_n500_seed844301750,ba,500,996,ilp,ilp,0,104,104.0,0.045208,True,True,104.0,"{""gap"": 0.0, ""status"": ""OPTIMAL"", ""time_limit"": 60.0}"
e1/ba_m2_n500.npz,1,ba_m2_n500_seed733441056,ba,500,996,greedy,greedy,0,98,98.0,0.000623,True,,,{}
e1/ba_m2_n500.npz,1,ba_m2_n500_seed733441056,ba,500,996,greedy_rr,greedy_rr,0,96,96.0,0.000865,True,,,{}
e1/ba_m2_n500.npz,1,ba_m2_n500_seed733441056,ba,500,996,greedy_rr_ls,greedy_rr_ls,0,91,91.0,1.001226,True,,,{}
e1/ba_m2_n500.npz,1,ba_m2_n500_seed733441056,ba,500,996,ilp,ilp,0,91,91.0,0.042040,True,True,91.0,"{""gap"": 0.0, ""status"": ""OPTIMAL"", ""time_limit"": 60.0}"
e1/ba_m2_n500.npz,2,ba_m2_n500_seed199471258,ba,500,996,greedy,greedy,0,105,105.0,0.000634,True,,,{}
e1/ba_m2_n500.npz,2,ba_m2_n500_seed199471258,ba,500,996,greedy_rr,greedy_rr,0,103,103.0,0.000889,True,,,{}
e1/ba_m2_n500.npz,2,ba_m2_n500_seed199471258,ba,500,996,greedy_rr_ls,greedy_rr_ls,0,102,102.0,1.001137,True,,,{}
e1/ba_m2_n500.npz,2,ba_m2_n500_seed199471258,ba,500,996,ilp,ilp,0,102,102.0,0.042942,True,True,102.0,"{""gap"": 0.0, ""status"": ""OPTIMAL"", ""time_limit"": 60.0}"
e1/ba_m2_n500.npz,3,ba_m2_n500_seed813787916,ba,500,996,greedy,greedy,0,100,100.0,0.000677,True,,,{}
e1/ba_m2_n500.npz,3,ba_m2_n500_seed813787916,ba,500,996,greedy_rr,greedy_rr,0,99,99.0,0.001010,True,,,{}
e1/ba_m2_n500.npz,3,ba_m2_n500_seed813787916,ba,500,996,greedy_rr_ls,greedy_rr_ls,0,97,97.0,1.001353,True,,,{}
e1/ba_m2_n500.npz,3,ba_m2_n500_seed813787916,ba,500,996,ilp,ilp,0,97,97.0,0.040043,True,True,97.0,"{""gap"": 0.0, ""status"": ""OPTIMAL"", ""time_limit"": 60.0}"
e1/ba_m2_n500.npz,4,ba_m2_n500_seed929579439,ba,500,996,greedy,greedy,0,96,96.0,0.000682,True,,,{}
e1/ba_m2_n500.npz,4,ba_m2_n500_seed929579439,ba,500,996,greedy_rr,greedy_rr,0,94,94.0,0.000859,True,,,{}
e1/ba_m2_n500.npz,4,ba_m2_n500_seed929579439,ba,500,996,greedy_rr_ls,greedy_rr_ls,0,93,93.0,1.001333,True,,,{}
e1/ba_m2_n500.npz,4,ba_m2_n500_seed929579439,ba,500,996,ilp,ilp,0,93,93.0,0.041950,True,True,93.0,"{""gap"": 0.0, ""status"": ""OPTIMAL"", ""time_limit"": 60.0}"
e1/ba_m2_n500.npz,5,ba_m2_n500_seed651339833,ba,500,996,greedy,greedy,0,97,97.0,0.001843,True,,,{}
e1/ba_m2_n500.npz,5,ba_m2_n500_seed651339833,ba,500,996,greedy_rr,greedy_rr,0,97,97.0,0.000911,True,,,{}
e1/ba_m2_n500.npz,5,ba_m2_n500_seed651339833,ba,500,996,greedy_rr_ls,greedy_rr_ls,0,95,95.0,1.001245,True,,,{}
e1/ba_m2_n500.npz,5,ba_m2_n500_seed651339833,ba,500,996,ilp,ilp,0,95,95.0,0.043399,True,True,95.0,"{""gap"": 0.0, ""status"": ""OPTIMAL"", ""time_limit"": 60.0}"
e1/ba_m2_n500.npz,6,ba_m2_n500_seed85027971,ba,500,996,greedy,greedy,0,104,104.0,0.001023,True,,,{}
e1/ba_m2_n500.npz,6,ba_m2_n500_seed85027971,ba,500,996,greedy_rr,greedy_rr,0,103,103.0,0.001519,True,,,{}
e1/ba_m2_n500.npz,6,ba_m2_n500_seed85027971,ba,500,996,greedy_rr_ls,greedy_rr_ls,0,100,100.0,1.001844,True,,,{}
e1/ba_m2_n500.npz,6,ba_m2_n500_seed85027971,ba,500,996,ilp,ilp,0,100,100.0,0.038112,True,True,100.0,"{""gap"": 0.0, ""status"": ""OPTIMAL"", ""time_limit"": 60.0}"
e1/ba_m2_n500.npz,7,ba_m2_n500_seed933570325,ba,500,996,greedy,greedy,0,92,92.0,0.000639,True,,,{}
e1/ba_m2_n500.npz,7,ba_m2_n500_seed933570325,ba,500,996,greedy_rr,greedy_rr,0,90,90.0,0.000864,True,,,{}
e1/ba_m2_n500.npz,7,ba_m2_n500_seed933570325,ba,500,996,greedy_rr_ls,greedy_rr_ls,0,90,90.0,1.001124,True,,,{}
e1/ba_m2_n500.npz,7,ba_m2_n500_seed933570325,ba,500,996,ilp,ilp,0,90,90.0,0.037828,True,True,90.0,"{""gap"": 0.0, ""status"": ""OPTIMAL"", ""time_limit"": 60.0}"
e1/ba_m2_n500.npz,8,ba_m2_n500_seed821984644,ba,500,996,greedy,greedy,0,104,104.0,0.001094,True,,,{}
e1/ba_m2_n500.npz,8,ba_m2_n500_seed821984644,ba,500,996,greedy_rr,greedy_rr,0,101,101.0,0.000882,True,,,{}
e1/ba_m2_n500.npz,8,ba_m2_n500_seed821984644,ba,500,996,greedy_rr_ls,greedy_rr_ls,0,98,98.0,1.001110,True,,,{}
e1/ba_m2_n500.npz,8,ba_m2_n500_seed821984644,ba,500,996,ilp,ilp,0,98,98.0,0.040075,True,True,98.0,"{""gap"": 0.0, ""status"": ""OPTIMAL"", ""time_limit"": 60.0}"
e1/ba_m2_n500.npz,9,ba_m2_n500_seed509404178,ba,500,996,greedy,greedy,0,110,110.0,0.000687,True,,,{}
e1/ba_m2_n500.npz,9,ba_m2_n500_seed509404178,ba,500,996,greedy_rr,greedy_rr,0,104,104.0,0.000888,True,,,{}
e1/ba_m2_n500.npz,9,ba_m2_n500_seed509404178,ba,500,996,greedy_rr_ls,greedy_rr_ls,0,103,103.0,1.001291,True,,,{}
e1/ba_m2_n500.npz,9,ba_m2_n500_seed509404178,ba,500,996,ilp,ilp,0,103,103.0,0.039288,True,True,103.0,"{""gap"": 0.0, ""status"": ""OPTIMAL"", ""time_limit"": 60.0}"
e1/ba_m2_n500.npz,10,ba_m2_n500_seed415270759,ba,500,996,greedy,greedy,0,113,113.0,0.000794,True,,,{}
e1/ba_m2_n500.npz,10,ba_m2_n500_seed415270759,ba,500,996,greedy_rr,greedy_rr,0,112,112.0,0.000923,True,,,{}
e1/ba_m2_n500.npz,10,ba_m2_n500_seed415270759,ba,500,996,greedy_rr_ls,greedy_rr_ls,0,110,110.0,1.001154,True,,,{}
e1/ba_m2_n500.npz,10,ba_m2_n500_seed415270759,ba,500,996,ilp,ilp,0,110,110.0,0.063554,True,True,110.0,"{""gap"": 0.0, ""status"": ""OPTIMAL"", ""time_limit"": 60.0}"
e1/ba_m2_n500.npz,11,ba_m2_n500_seed592740849,ba,500,996,greedy,greedy,0,100,100.0,0.000646,True,,,{}
e1/ba_m2_n500.npz,11,ba_m2_n500_seed592740849,ba,500,996,greedy_rr,greedy_rr,0,98,98.0,0.000879,True,,,{}
e1/ba_m2_n500.npz,11,ba_m2_n500_seed592740849,ba,500,996,greedy_rr_ls,greedy_rr_ls,0,96,96.0,1.001273,True,,,{}
e1/ba_m2_n500.npz,11,ba_m2_n500_seed592740849,ba,500,996,ilp,ilp,0,96,96.0,0.039929,True,True,96.0,"{""gap"": 0.0, ""status"": ""OPTIMAL"", ""time_limit"": 60.0}"
e1/ba_m2_n500.npz,12,ba_m2_n500_seed125654091,ba,500,996,greedy,greedy,0,107,107.0,0.000680,True,,,{}
e1/ba_m2_n500.npz,12,ba_m2_n500_seed125654091,ba,500,996,greedy_rr,greedy_rr,0,106,106.0,0.000917,True,,,{}
e1/ba_m2_n500.npz,12,ba_m2_n500_seed125654091,ba,500,996,greedy_rr_ls,greedy_rr_ls,0,103,103.0,1.001198,True,,,{}
e1/ba_m2_n500.npz,12,ba_m2_n500_seed125654091,ba,500,996,ilp,ilp,0,103,103.0,0.037626,True,True,103.0,"{""gap"": 0.0, ""status"": ""OPTIMAL"", ""time_limit"": 60.0}"
e1/ba_m2_n500.npz,13,ba_m2_n500_seed444744925,ba,500,996,greedy,greedy,0,100,100.0,0.000971,True,,,{}
e1/ba_m2_n500.npz,13,ba_m2_n500_seed444744925,ba,500,996,greedy_rr,greedy_rr,0,100,100.0,0.000894,True,,,{}
e1/ba_m2_n500.npz,13,ba_m2_n500_seed444744925,ba,500,996,greedy_rr_ls,greedy_rr_ls,0,99,99.0,1.001488,True,,,{}
e1/ba_m2_n500.npz,13,ba_m2_n500_seed444744925,ba,500,996,ilp,ilp,0,99,99.0,0.043214,True,True,99.0,"{""gap"": 0.0, ""status"": ""OPTIMAL"", ""time_limit"": 60.0}"
e1/ba_m2_n500.npz,14,ba_m2_n500_seed403981182,ba,500,996,greedy,greedy,0,100,100.0,0.000644,True,,,{}
e1/ba_m2_n500.npz,14,ba_m2_n500_seed403981182,ba,500,996,greedy_rr,greedy_rr,0,98,98.0,0.000861,True,,,{}
e1/ba_m2_n500.npz,14,ba_m2_n500_seed403981182,ba,500,996,greedy_rr_ls,greedy_rr_ls,0,96,96.0,1.001204,True,,,{}
e1/ba_m2_n500.npz,14,ba_m2_n500_seed403981182,ba,500,996,ilp,ilp,0,96,96.0,0.040076,True,True,96.0,"{""gap"": 0.0, ""status"": ""OPTIMAL"", ""time_limit"": 60.0}"
e1/ba_m2_n500.npz,15,ba_m2_n500_seed615661032,ba,500,996,greedy,greedy,0,102,102.0,0.000662,True,,,{}
e1/ba_m2_n500.npz,15,ba_m2_n500_seed615661032,ba,500,996,greedy_rr,greedy_rr,0,100,100.0,0.000961,True,,,{}
e1/ba_m2_n500.npz,15,ba_m2_n500_seed615661032,ba,500,996,greedy_rr_ls,greedy_rr_ls,0,97,97.0,1.001667,True,,,{}
e1/ba_m2_n500.npz,15,ba_m2_n500_seed615661032,ba,500,996,ilp,ilp,0,97,97.0,0.056459,True,True,97.0,"{""gap"": 0.0, ""status"": ""OPTIMAL"", ""time_limit"": 60.0}"
e1/ba_m2_n500.npz,16,ba_m2_n500_seed183013458,ba,500,996,greedy,greedy,0,99,99.0,0.001090,True,,,{}
e1/ba_m2_n500.npz,16,ba_m2_n500_seed183013458,ba,500,996,greedy_rr,greedy_rr,0,98,98.0,0.000893,True,,,{}
e1/ba_m2_n500.npz,16,ba_m2_n500_seed183013458,ba,500,996,greedy_rr_ls,greedy_rr_ls,0,98,98.0,1.001342,True,,,{}
e1/ba_m2_n500.npz,16,ba_m2_n500_seed183013458,ba,500,996,ilp,ilp,0,98,98.0,0.040869,True,True,98.0,"{""gap"": 0.0, ""status"": ""OPTIMAL"", ""time_limit"": 60.0}"
e1/ba_m2_n500.npz,17,ba_m2_n500_seed401047748,ba,500,996,greedy,greedy,0,105,105.0,0.000639,True,,,{}
e1/ba_m2_n500.npz,17,ba_m2_n500_seed401047748,ba,500,996,greedy_rr,greedy_rr,0,103,103.0,0.000915,True,,,{}
e1/ba_m2_n500.npz,17,ba_m2_n500_seed401047748,ba,500,996,greedy_rr_ls,greedy_rr_ls,0,102,102.0,1.001251,True,,,{}
e1/ba_m2_n500.npz,17,ba_m2_n500_seed401047748,ba,500,996,ilp,ilp,0,102,102.0,0.037867,True,True,102.0,"{""gap"": 0.0, ""status"": ""OPTIMAL"", ""time_limit"": 60.0}"
e1/ba_m2_n500.npz,18,ba_m2_n500_seed528879445,ba,500,996,greedy,greedy,0,101,101.0,0.000641,True,,,{}
e1/ba_m2_n500.npz,18,ba_m2_n500_seed528879445,ba,500,996,greedy_rr,greedy_rr,0,101,101.0,0.000836,True,,,{}
e1/ba_m2_n500.npz,18,ba_m2_n500_seed528879445,ba,500,996,greedy_rr_ls,greedy_rr_ls,0,99,99.0,1.001298,True,,,{}
e1/ba_m2_n500.npz,18,ba_m2_n500_seed528879445,ba,500,996,ilp,ilp,0,99,99.0,0.038945,True,True,99.0,"{""gap"": 0.0, ""status"": ""OPTIMAL"", ""time_limit"": 60.0}"
e1/ba_m2_n500.npz,19,ba_m2_n500_seed773851587,ba,500,996,greedy,greedy,0,102,102.0,0.000700,True,,,{}
e1/ba_m2_n500.npz,19,ba_m2_n500_seed773851587,ba,500,996,greedy_rr,greedy_rr,0,102,102.0,0.000885,True,,,{}
e1/ba_m2_n500.npz,19,ba_m2_n500_seed773851587,ba,500,996,greedy_rr_ls,greedy_rr_ls,0,101,101.0,1.001286,True,,,{}
e1/ba_m2_n500.npz,19,ba_m2_n500_seed773851587,ba,500,996,ilp,ilp,0,101,101.0,0.051988,True,True,101.0,"{""gap"": 0.0, ""status"": ""OPTIMAL"", ""time_limit"": 60.0}"
e1/ba_m2_n500.npz,20,ba_m2_n500_seed137956644,ba,500,996,greedy,greedy,0,105,105.0,0.000742,True,,,{}
e1/ba_m2_n500.npz,20,ba_m2_n500_seed137956644,ba,500,996,greedy_rr,greedy_rr,0,101,101.0,0.001110,True,,,{}
e1/ba_m2_n500.npz,20,ba_m2_n500_seed137956644,ba,500,996,greedy_rr_ls,greedy_rr_ls,0,99,99.0,1.001419,True,,,{}
e1/ba_m2_n500.npz,20,ba_m2_n500_seed137956644,ba,500,996,ilp,ilp,0,99,99.0,0.048659,True,True,99.0,"{""gap"": 0.0, ""status"": ""OPTIMAL"", ""time_limit"": 60.0}"
e1/ba_m2_n500.npz,21,ba_m2_n500_seed141668530,ba,500,996,greedy,greedy,0,107,107.0,0.001047,True,,,{}
e1/ba_m2_n500.npz,21,ba_m2_n500_seed141668530,ba,500,996,greedy_rr,greedy_rr,0,107,107.0,0.000925,True,,,{}
e1/ba_m2_n500.npz,21,ba_m2_n500_seed141668530,ba,500,996,greedy_rr_ls,greedy_rr_ls,0,104,104.0,1.001254,True,,,{}
e1/ba_m2_n500.npz,21,ba_m2_n500_seed141668530,ba,500,996,ilp,ilp,0,103,103.0,0.044566,True,True,103.0,"{""gap"": 0.0, ""status"": ""OPTIMAL"", ""time_limit"": 60.0}"
e1/ba_m2_n500.npz,22,ba_m2_n500_seed440593416,ba,500,996,greedy,greedy,0,105,105.0,0.000692,True,,,{}
e1/ba_m2_n500.npz,22,ba_m2_n500_seed440593416,ba,500,996,greedy_rr,greedy_rr,0,105,105.0,0.000935,True,,,{}
e1/ba_m2_n500.npz,22,ba_m2_n500_seed440593416,ba,500,996,greedy_rr_ls,greedy_rr_ls,0,101,101.0,1.001264,True,,,{}
e1/ba_m2_n500.npz,22,ba_m2_n500_seed440593416,ba,500,996,ilp,ilp,0,101,101.0,0.043742,True,True,101.0,"{""gap"": 0.0, ""status"": ""OPTIMAL"", ""time_limit"": 60.0}"
e1/ba_m2_n500.npz,23,ba_m2_n500_seed866578846,ba,500,996,greedy,greedy,0,99,99.0,0.000828,True,,,{}
e1/ba_m2_n500.npz,23,ba_m2_n500_seed866578846,ba,500,996,greedy_rr,greedy_rr,0,98,98.0,0.001340,True,,,{}
e1/ba_m2_n500.npz,23,ba_m2_n500_seed866578846,ba,500,996,greedy_rr_ls,greedy_rr_ls,0,95,95.0,1.001286,True,,,{}
e1/ba_m2_n500.npz,23,ba_m2_n500_seed866578846,ba,500,996,ilp,ilp,0,95,95.0,0.044842,True,True,95.0,"{""gap"": 0.0, ""status"": ""OPTIMAL"", ""time_limit"": 60.0}"
e1/ba_m2_n500.npz,24,ba_m2_n500_seed23480637,ba,500,996,greedy,greedy,0,96,96.0,0.001406,True,,,{}
e1/ba_m2_n500.npz,24,ba_m2_n500_seed23480637,ba,500,996,greedy_rr,greedy_rr,0,95,95.0,0.001216,True,,,{}
e1/ba_m2_n500.npz,24,ba_m2_n500_seed23480637,ba,500,996,greedy_rr_ls,greedy_rr_ls,0,94,94.0,1.004315,True,,,{}
e1/ba_m2_n500.npz,24,ba_m2_n500_seed23480637,ba,500,996,ilp,ilp,0,94,94.0,0.028587,True,True,94.0,"{""gap"": 0.0, ""status"": ""OPTIMAL"", ""time_limit"": 60.0}"
e1/ba_m2_n500.npz,25,ba_m2_n500_seed261418155,ba,500,996,greedy,greedy,0,105,105.0,0.000732,True,,,{}
e1/ba_m2_n500.npz,25,ba_m2_n500_seed261418155,ba,500,996,greedy_rr,greedy_rr,0,102,102.0,0.001230,True,,,{}
e1/ba_m2_n500.npz,25,ba_m2_n500_seed261418155,ba,500,996,greedy_rr_ls,greedy_rr_ls,0,98,98.0,1.001462,True,,,{}
e1/ba_m2_n500.npz,25,ba_m2_n500_seed261418155,ba,500,996,ilp,ilp,0,98,98.0,0.029920,True,True,98.0,"{""gap"": 0.0, ""status"": ""OPTIMAL"", ""time_limit"": 60.0}"
e1/ba_m2_n500.npz,26,ba_m2_n500_seed525903889,ba,500,996,greedy,greedy,0,100,100.0,0.000662,True,,,{}
e1/ba_m2_n500.npz,26,ba_m2_n500_seed525903889,ba,500,996,greedy_rr,greedy_rr,0,99,99.0,0.000932,True,,,{}
e1/ba_m2_n500.npz,26,ba_m2_n500_seed525903889,ba,500,996,greedy_rr_ls,greedy_rr_ls,0,94,94.0,1.001368,True,,,{}
e1/ba_m2_n500.npz,26,ba_m2_n500_seed525903889,ba,500,996,ilp,ilp,0,94,94.0,0.041044,True,True,94.0,"{""gap"": 0.0, ""status"": ""OPTIMAL"", ""time_limit"": 60.0}"
e1/ba_m2_n500.npz,27,ba_m2_n500_seed784510343,ba,500,996,greedy,greedy,0,112,112.0,0.001078,True,,,{}
e1/ba_m2_n500.npz,27,ba_m2_n500_seed784510343,ba,500,996,greedy_rr,greedy_rr,0,110,110.0,0.001515,True,,,{}
e1/ba_m2_n500.npz,27,ba_m2_n500_seed784510343,ba,500,996,greedy_rr_ls,greedy_rr_ls,0,110,110.0,1.002014,True,,,{}
e1/ba_m2_n500.npz,27,ba_m2_n500_seed784510343,ba,500,996,ilp,ilp,0,110,110.0,0.051054,True,True,110.0,"{""gap"": 0.0, ""status"": ""OPTIMAL"", ""time_limit"": 60.0}"
e1/ba_m2_n500.npz,28,ba_m2_n500_seed917200662,ba,500,996,greedy,greedy,0,102,102.0,0.000810,True,,,{}
e1/ba_m2_n500.npz,28,ba_m2_n500_seed917200662,ba,500,996,greedy_rr,greedy_rr,0,101,101.0,0.000919,True,,,{}
e1/ba_m2_n500.npz,28,ba_m2_n500_seed917200662,ba,500,996,greedy_rr_ls,greedy_rr_ls,0,100,100.0,1.001276,True,,,{}
e1/ba_m2_n500.npz,28,ba_m2_n500_seed917200662,ba,500,996,ilp,ilp,0,100,100.0,0.029540,True,True,100.0,"{""gap"": 0.0, ""status"": ""OPTIMAL"", ""time_limit"": 60.0}"
e1/ba_m2_n500.npz,29,ba_m2_n500_seed122370176,ba,500,996,greedy,greedy,0,97,97.0,0.001880,True,,,{}
e1/ba_m2_n500.npz,29,ba_m2_n500_seed122370176,ba,500,996,greedy_rr,greedy_rr,0,96,96.0,0.001332,True,,,{}
e1/ba_m2_n500.npz,29,ba_m2_n500_seed122370176,ba,500,996,greedy_rr_ls,greedy_rr_ls,0,95,95.0,1.001715,True,,,{}
e1/ba_m2_n500.npz,29,ba_m2_n500_seed122370176,ba,500,996,ilp,ilp,0,95,95.0,0.036396,True,True,95.0,"{""gap"": 0.0, ""status"": ""OPTIMAL"", ""time_limit"": 60.0}"
e1/ba_m2_n500.npz,30,ba_m2_n500_seed720037349,ba,500,996,greedy,greedy,0,98,98.0,0.000625,True,,,{}
e1/ba_m2_n500.npz,30,ba_m2_n500_seed720037349,ba,500,996,greedy_rr,greedy_rr,0,98,98.0,0.000832,True,,,{}
e1/ba_m2_n500.npz,30,ba_m2_n500_seed720037349,ba,500,996,greedy_rr_ls,greedy_rr_ls,0,96,96.0,1.001186,True,,,{}
e1/ba_m2_n500.npz,30,ba_m2_n500_seed720037349,ba,500,996,ilp,ilp,0,96,96.0,0.039159,True,True,96.0,"{""gap"": 0.0, ""status"": ""OPTIMAL"", ""time_limit"": 60.0}"
e1/ba_m2_n500.npz,31,ba_m2_n500_seed294297459,ba,500,996,greedy,greedy,0,97,97.0,0.000718,True,,,{}
e1/ba_m2_n500.npz,31,ba_m2_n500_seed294297459,ba,500,996,greedy_rr,greedy_rr,0,95,95.0,0.000976,True,,,{}
e1/ba_m2_n500.npz,31,ba_m2_n500_seed294297459,ba,500,996,greedy_rr_ls,greedy_rr_ls,0,92,92.0,1.001788,True,,,{}
e1/ba_m2_n500.npz,31,ba_m2_n500_seed294297459,ba,500,996,ilp,ilp,0,92,92.0,0.050582,True,True,92.0,"{""gap"": 0.0, ""status"": ""OPTIMAL"", ""time_limit"": 60.0}"
e1/ba_m2_n500.npz,32,ba_m2_n500_seed290307273,ba,500,996,greedy,greedy,0,99,99.0,0.001422,True,,,{}
e1/ba_m2_n500.npz,32,ba_m2_n500_seed290307273,ba,500,996,greedy_rr,greedy_rr,0,99,99.0,0.001172,True,,,{}
e1/ba_m2_n500.npz,32,ba_m2_n500_seed290307273,ba,500,996,greedy_rr_ls,greedy_rr_ls,0,97,97.0,1.001585,True,,,{}
e1/ba_m2_n500.npz,32,ba_m2_n500_seed290307273,ba,500,996,ilp,ilp,0,97,97.0,0.036411,True,True,97.0,"{""gap"": 0.0, ""status"": ""OPTIMAL"", ""time_limit"": 60.0}"
e1/ba_m2_n500.npz,33,ba_m2_n500_seed286349407,ba,500,996,greedy,greedy,0,93,93.0,0.000617,True,,,{}
e1/ba_m2_n500.npz,33,ba_m2_n500_seed286349407,ba,500,996,greedy_rr,greedy_rr,0,93,93.0,0.000870,True,,,{}
e1/ba_m2_n500.npz,33,ba_m2_n500_seed286349407,ba,500,996,greedy_rr_ls,greedy_rr_ls,0,93,93.0,1.001197,True,,,{}
e1/ba_m2_n500.npz,33,ba_m2_n500_seed286349407,ba,500,996,ilp,ilp,0,93,93.0,0.049363,True,True,93.0,"{""gap"": 0.0, ""status"": ""OPTIMAL"", ""time_limit"": 60.0}"
e1/ba_m2_n500.npz,34,ba_m2_n500_seed637936124,ba,500,996,greedy,greedy,0,108,108.0,0.000659,True,,,{}
e1/ba_m2_n500.npz,34,ba_m2_n500_seed637936124,ba,500,996,greedy_rr,greedy_rr,0,106,106.0,0.000909,True,,,{}
e1/ba_m2_n500.npz,34,ba_m2_n500_seed637936124,ba,500,996,greedy_rr_ls,greedy_rr_ls,0,105,105.0,1.001331,True,,,{}
e1/ba_m2_n500.npz,34,ba_m2_n500_seed637936124,ba,500,996,ilp,ilp,0,105,105.0,0.043027,True,True,105.0,"{""gap"": 0.0, ""status"": ""OPTIMAL"", ""time_limit"": 60.0}"
e1/ba_m2_n500.npz,35,ba_m2_n500_seed379575146,ba,500,996,greedy,greedy,0,99,99.0,0.000830,True,,,{}
e1/ba_m2_n500.npz,35,ba_m2_n500_seed379575146,ba,500,996,greedy_rr,greedy_rr,0,98,98.0,0.001592,True,,,{}
e1/ba_m2_n500.npz,35,ba_m2_n500_seed379575146,ba,500,996,greedy_rr_ls,greedy_rr_ls,0,97,97.0,1.001912,True,,,{}
e1/ba_m2_n500.npz,35,ba_m2_n500_seed379575146,ba,500,996,ilp,ilp,0,97,97.0,0.057110,True,True,97.0,"{""gap"": 0.0, ""status"": ""OPTIMAL"", ""time_limit"": 60.0}"
e1/ba_m2_n500.npz,36,ba_m2_n500_seed410089680,ba,500,996,greedy,greedy,0,96,96.0,0.000945,True,,,{}
e1/ba_m2_n500.npz,36,ba_m2_n500_seed410089680,ba,500,996,greedy_rr,greedy_rr,0,95,95.0,0.001481,True,,,{}
e1/ba_m2_n500.npz,36,ba_m2_n500_seed410089680,ba,500,996,greedy_rr_ls,greedy_rr_ls,0,94,94.0,1.001874,True,,,{}
e1/ba_m2_n500.npz,36,ba_m2_n500_seed410089680,ba,500,996,ilp,ilp,0,94,94.0,0.033678,True,True,94.0,"{""gap"": 0.0, ""status"": ""OPTIMAL"", ""time_limit"": 60.0}"
e1/ba_m2_n500.npz,37,ba_m2_n500_seed171906118,ba,500,996,greedy,greedy,0,97,97.0,0.002889,True,,,{}
e1/ba_m2_n500.npz,37,ba_m2_n500_seed171906118,ba,500,996,greedy_rr,greedy_rr,0,96,96.0,0.000898,True,,,{}
e1/ba_m2_n500.npz,37,ba_m2_n500_seed171906118,ba,500,996,greedy_rr_ls,greedy_rr_ls,0,95,95.0,1.001234,True,,,{}
e1/ba_m2_n500.npz,37,ba_m2_n500_seed171906118,ba,500,996,ilp,ilp,0,95,95.0,0.029922,True,True,95.0,"{""gap"": 0.0, ""status"": ""OPTIMAL"", ""time_limit"": 60.0}"
e1/ba_m2_n500.npz,38,ba_m2_n500_seed764702167,ba,500,996,greedy,greedy,0,103,103.0,0.000989,True,,,{}
e1/ba_m2_n500.npz,38,ba_m2_n500_seed764702167,ba,500,996,greedy_rr,greedy_rr,0,102,102.0,0.001554,True,,,{}
e1/ba_m2_n500.npz,38,ba_m2_n500_seed764702167,ba,500,996,greedy_rr_ls,greedy_rr_ls,0,99,99.0,1.002081,True,,,{}
e1/ba_m2_n500.npz,38,ba_m2_n500_seed764702167,ba,500,996,ilp,ilp,0,99,99.0,0.039180,True,True,99.0,"{""gap"": 0.0, ""status"": ""OPTIMAL"", ""time_limit"": 60.0}"
e1/ba_m2_n500.npz,39,ba_m2_n500_seed540157761,ba,500,996,greedy,greedy,0,99,99.0,0.000737,True,,,{}
e1/ba_m2_n500.npz,39,ba_m2_n500_seed540157761,ba,500,996,greedy_rr,greedy_rr,0,98,98.0,0.000959,True,,,{}
e1/ba_m2_n500.npz,39,ba_m2_n500_seed540157761,ba,500,996,greedy_rr_ls,greedy_rr_ls,0,96,96.0,1.001330,True,,,{}
e1/ba_m2_n500.npz,39,ba_m2_n500_seed540157761,ba,500,996,ilp,ilp,0,96,96.0,0.039807,True,True,96.0,"{""gap"": 0.0, ""status"": ""OPTIMAL"", ""time_limit"": 60.0}"
e1/ba_m2_n500.npz,40,ba_m2_n500_seed700792226,ba,500,996,greedy,greedy,0,102,102.0,0.001346,True,,,{}
e1/ba_m2_n500.npz,40,ba_m2_n500_seed700792226,ba,500,996,greedy_rr,greedy_rr,0,102,102.0,0.000895,True,,,{}
e1/ba_m2_n500.npz,40,ba_m2_n500_seed700792226,ba,500,996,greedy_rr_ls,greedy_rr_ls,0,96,96.0,1.001212,True,,,{}
e1/ba_m2_n500.npz,40,ba_m2_n500_seed700792226,ba,500,996,ilp,ilp,0,96,96.0,0.057112,True,True,96.0,"{""gap"": 0.0, ""status"": ""OPTIMAL"", ""time_limit"": 60.0}"
e1/ba_m2_n500.npz,41,ba_m2_n500_seed590431284,ba,500,996,greedy,greedy,0,104,104.0,0.000701,True,,,{}
e1/ba_m2_n500.npz,41,ba_m2_n500_seed590431284,ba,500,996,greedy_rr,greedy_rr,0,102,102.0,0.000916,True,,,{}
e1/ba_m2_n500.npz,41,ba_m2_n500_seed590431284,ba,500,996,greedy_rr_ls,greedy_rr_ls,0,101,101.0,1.001271,True,,,{}
e1/ba_m2_n500.npz,41,ba_m2_n500_seed590431284,ba,500,996,ilp,ilp,0,101,101.0,0.041227,True,True,101.0,"{""gap"": 0.0, ""status"": ""OPTIMAL"", ""time_limit"": 60.0}"
e1/ba_m2_n500.npz,42,ba_m2_n500_seed351436942,ba,500,996,greedy,greedy,0,101,101.0,0.000994,True,,,{}
e1/ba_m2_n500.npz,42,ba_m2_n500_seed351436942,ba,500,996,greedy_rr,greedy_rr,0,100,100.0,0.001577,True,,,{}
e1/ba_m2_n500.npz,42,ba_m2_n500_seed351436942,ba,500,996,greedy_rr_ls,greedy_rr_ls,0,97,97.0,1.001951,True,,,{}
e1/ba_m2_n500.npz,42,ba_m2_n500_seed351436942,ba,500,996,ilp,ilp,0,97,97.0,0.035046,True,True,97.0,"{""gap"": 0.0, ""status"": ""OPTIMAL"", ""time_limit"": 60.0}"
e1/ba_m2_n500.npz,43,ba_m2_n500_seed965237528,ba,500,996,greedy,greedy,0,101,101.0,0.000639,True,,,{}
e1/ba_m2_n500.npz,43,ba_m2_n500_seed965237528,ba,500,996,greedy_rr,greedy_rr,0,100,100.0,0.000880,True,,,{}
e1/ba_m2_n500.npz,43,ba_m2_n500_seed965237528,ba,500,996,greedy_rr_ls,greedy_rr_ls,0,99,99.0,1.001248,True,,,{}
e1/ba_m2_n500.npz,43,ba_m2_n500_seed965237528,ba,500,996,ilp,ilp,0,99,99.0,0.038647,True,True,99.0,"{""gap"": 0.0, ""status"": ""OPTIMAL"", ""time_limit"": 60.0}"
e1/ba_m2_n500.npz,44,ba_m2_n500_seed778142139,ba,500,996,greedy,greedy,0,97,97.0,0.000682,True,,,{}
e1/ba_m2_n500.npz,44,ba_m2_n500_seed778142139,ba,500,996,greedy_rr,greedy_rr,0,96,96.0,0.000891,True,,,{}
e1/ba_m2_n500.npz,44,ba_m2_n500_seed778142139,ba,500,996,greedy_rr_ls,greedy_rr_ls,0,96,96.0,1.001449,True,,,{}
e1/ba_m2_n500.npz,44,ba_m2_n500_seed778142139,ba,500,996,ilp,ilp,0,96,96.0,0.040505,True,True,96.0,"{""gap"": 0.0, ""status"": ""OPTIMAL"", ""time_limit"": 60.0}"
e1/ba_m2_n500.npz,45,ba_m2_n500_seed499353645,ba,500,996,greedy,greedy,0,101,101.0,0.000981,True,,,{}
e1/ba_m2_n500.npz,45,ba_m2_n500_seed499353645,ba,500,996,greedy_rr,greedy_rr,0,100,100.0,0.000867,True,,,{}
e1/ba_m2_n500.npz,45,ba_m2_n500_seed499353645,ba,500,996,greedy_rr_ls,greedy_rr_ls,0,98,98.0,1.001192,True,,,{}
e1/ba_m2_n500.npz,45,ba_m2_n500_seed499353645,ba,500,996,ilp,ilp,0,97,97.0,0.037295,True,True,97.0,"{""gap"": 0.0, ""status"": ""OPTIMAL"", ""time_limit"": 60.0}"
e1/ba_m2_n500.npz,46,ba_m2_n500_seed228017303,ba,500,996,greedy,greedy,0,107,107.0,0.000803,True,,,{}
e1/ba_m2_n500.npz,46,ba_m2_n500_seed228017303,ba,500,996,greedy_rr,greedy_rr,0,105,105.0,0.001015,True,,,{}
e1/ba_m2_n500.npz,46,ba_m2_n500_seed228017303,ba,500,996,greedy_rr_ls,greedy_rr_ls,0,103,103.0,1.001260,True,,,{}
e1/ba_m2_n500.npz,46,ba_m2_n500_seed228017303,ba,500,996,ilp,ilp,0,103,103.0,0.056089,True,True,103.0,"{""gap"": 0.0, ""status"": ""OPTIMAL"", ""time_limit"": 60.0}"
e1/ba_m2_n500.npz,47,ba_m2_n500_seed77092097,ba,500,996,greedy,greedy,0,107,107.0,0.001006,True,,,{}
e1/ba_m2_n500.npz,47,ba_m2_n500_seed77092097,ba,500,996,greedy_rr,greedy_rr,0,105,105.0,0.001635,True,,,{}
e1/ba_m2_n500.npz,47,ba_m2_n500_seed77092097,ba,500,996,greedy_rr_ls,greedy_rr_ls,0,103,103.0,1.001998,True,,,{}
e1/ba_m2_n500.npz,47,ba_m2_n500_seed77092097,ba,500,996,ilp,ilp,0,103,103.0,0.037727,True,True,103.0,"{""gap"": 0.0, ""status"": ""OPTIMAL"", ""time_limit"": 60.0}"
e1/ba_m2_n500.npz,48,ba_m2_n500_seed670025104,ba,500,996,greedy,greedy,0,93,93.0,0.001133,True,,,{}
e1/ba_m2_n500.npz,48,ba_m2_n500_seed670025104,ba,500,996,greedy_rr,greedy_rr,0,93,93.0,0.000929,True,,,{}
e1/ba_m2_n500.npz,48,ba_m2_n500_seed670025104,ba,500,996,greedy_rr_ls,greedy_rr_ls,0,92,92.0,1.001311,True,,,{}
e1/ba_m2_n500.npz,48,ba_m2_n500_seed670025104,ba,500,996,ilp,ilp,0,92,92.0,0.038944,True,True,92.0,"{""gap"": 0.0, ""status"": ""OPTIMAL"", ""time_limit"": 60.0}"
e1/ba_m2_n500.npz,49,ba_m2_n500_seed357944326,ba,500,996,greedy,greedy,0,110,110.0,0.000646,True,,,{}
e1/ba_m2_n500.npz,49,ba_m2_n500_seed357944326,ba,500,996,greedy_rr,greedy_rr,0,110,110.0,0.000850,True,,,{}
e1/ba_m2_n500.npz,49,ba_m2_n500_seed357944326,ba,500,996,greedy_rr_ls,greedy_rr_ls,0,104,104.0,1.001104,True,,,{}
e1/ba_m2_n500.npz,49,ba_m2_n500_seed357944326,ba,500,996,ilp,ilp,0,104,104.0,0.023967,True,True,104.0,"{""gap"": 0.0, ""status"": ""OPTIMAL"", ""time_limit"": 60.0}"
e1/ba_m4_n100.npz,0,ba_m4_n100_seed69099212,ba,100,384,greedy,greedy,0,14,14.0,0.000215,True,,,{}
e1/ba_m4_n100.npz,0,ba_m4_n100_seed69099212,ba,100,384,greedy_rr,greedy_rr,0,14,14.0,0.000230,True,,,{}
e1/ba_m4_n100.npz,0,ba_m4_n100_seed69099212,ba,100,384,greedy_rr_ls,greedy_rr_ls,0,13,13.0,0.086986,True,,,{}
e1/ba_m4_n100.npz,0,ba_m4_n100_seed69099212,ba,100,384,ilp,ilp,0,13,13.0,0.016313,True,True,13.0,"{""gap"": 0.0, ""status"": ""OPTIMAL"", ""time_limit"": 60.0}"
e1/ba_m4_n100.npz,1,ba_m4_n100_seed220032602,ba,100,384,greedy,greedy,0,15,15.0,0.000213,True,,,{}
e1/ba_m4_n100.npz,1,ba_m4_n100_seed220032602,ba,100,384,greedy_rr,greedy_rr,0,14,14.0,0.000262,True,,,{}
e1/ba_m4_n100.npz,1,ba_m4_n100_seed220032602,ba,100,384,greedy_rr_ls,greedy_rr_ls,0,13,13.0,0.004651,True,,,{}
e1/ba_m4_n100.npz,1,ba_m4_n100_seed220032602,ba,100,384,ilp,ilp,0,13,13.0,0.026970,True,True,13.0,"{""gap"": 0.0, ""status"": ""OPTIMAL"", ""time_limit"": 60.0}"
e1/ba_m4_n100.npz,2,ba_m4_n100_seed517908960,ba,100,384,greedy,greedy,0,13,13.0,0.000263,True,,,{}
e1/ba_m4_n100.npz,2,ba_m4_n100_seed517908960,ba,100,384,greedy_rr,greedy_rr,0,13,13.0,0.000303,True,,,{}
e1/ba_m4_n100.npz,2,ba_m4_n100_seed517908960,ba,100,384,greedy_rr_ls,greedy_rr_ls,0,12,12.0,0.002558,True,,,{}
e1/ba_m4_n100.npz,2,ba_m4_n100_seed517908960,ba,100,384,ilp,ilp,0,12,12.0,0.025832,True,True,12.0,"{""gap"": 0.0, ""status"": ""OPTIMAL"", ""time_limit"": 60.0}"
e1/ba_m4_n100.npz,3,ba_m4_n100_seed796672886,ba,100,384,greedy,greedy,0,13,13.0,0.000237,True,,,{}
e1/ba_m4_n100.npz,3,ba_m4_n100_seed796672886,ba,100,384,greedy_rr,greedy_rr,0,13,13.0,0.000288,True,,,{}
e1/ba_m4_n100.npz,3,ba_m4_n100_seed796672886,ba,100,384,greedy_rr_ls,greedy_rr_ls,0,12,12.0,0.033010,True,,,{}
e1/ba_m4_n100.npz,3,ba_m4_n100_seed796672886,ba,100,384,ilp,ilp,0,12,12.0,0.027466,True,True,12.0,"{""gap"": 0.0, ""status"": ""OPTIMAL"", ""time_limit"": 60.0}"
e1/ba_m4_n100.npz,4,ba_m4_n100_seed944596181,ba,100,384,greedy,greedy,0,13,13.0,0.000205,True,,,{}
e1/ba_m4_n100.npz,4,ba_m4_n100_seed944596181,ba,100,384,greedy_rr,greedy_rr,0,13,13.0,0.000237,True,,,{}
e1/ba_m4_n100.npz,4,ba_m4_n100_seed944596181,ba,100,384,greedy_rr_ls,greedy_rr_ls,0,13,13.0,0.037217,True,,,{}
e1/ba_m4_n100.npz,4,ba_m4_n100_seed944596181,ba,100,384,ilp,ilp,0,12,12.0,0.025217,True,True,12.0,"{""gap"": 0.0, ""status"": ""OPTIMAL"", ""time_limit"": 60.0}"
e1/ba_m4_n100.npz,5,ba_m4_n100_seed330803779,ba,100,384,greedy,greedy,0,15,15.0,0.000301,True,,,{}
e1/ba_m4_n100.npz,5,ba_m4_n100_seed330803779,ba,100,384,greedy_rr,greedy_rr,0,15,15.0,0.000247,True,,,{}
e1/ba_m4_n100.npz,5,ba_m4_n100_seed330803779,ba,100,384,greedy_rr_ls,greedy_rr_ls,0,13,13.0,0.005061,True,,,{}
e1/ba_m4_n100.npz,5,ba_m4_n100_seed330803779,ba,100,384,ilp,ilp,0,13,13.0,0.040028,True,True,13.0,"{""gap"": 0.0, ""status"": ""OPTIMAL"", ""time_limit"": 60.0}"
e1/ba_m4_n100.npz,6,ba_m4_n100_seed596338169,ba,100,384,greedy,greedy,0,13,13.0,0.000198,True,,,{}
e1/ba_m4_n100.npz,6,ba_m4_n100_seed596338169,ba,100,384,greedy_rr,greedy_rr,0,13,13.0,0.000224,True,,,{}
e1/ba_m4_n100.npz,6,ba_m4_n100_seed596338169,ba,100,384,greedy_rr_ls,greedy_rr_ls,0,12,12.0,0.006819,True,,,{}
e1/ba_m4_n100.npz,6,ba_m4_n100_seed596338169,ba,100,384,ilp,ilp,0,12,12.0,0.023726,True,True,12.0,"{""gap"": 0.0, ""status"": ""OPTIMAL"", ""time_limit"": 60.0}"
e1/ba_m4_n100.npz,7,ba_m4_n100_seed706674543,ba,100,384,greedy,greedy,0,13,13.0,0.000232,True,,,{}
e1/ba_m4_n100.npz,7,ba_m4_n100_seed706674543,ba,100,384,greedy_rr,greedy_rr,0,13,13.0,0.000262,True,,,{}
e1/ba_m4_n100.npz,7,ba_m4_n100_seed706674543,ba,100,384,greedy_rr_ls,greedy_rr_ls,0,12,12.0,0.002622,True,,,{}
e1/ba_m4_n100.npz,7,ba_m4_n100_seed706674543,ba,100,384,ilp,ilp,0,12,12.0,0.026998,True,True,12.0,"{""gap"": 0.0, ""status"": ""OPTIMAL"", ""time_limit"": 60.0}"
e1/ba_m4_n100.npz,8,ba_m4_n100_seed839098622,ba,100,384,greedy,greedy,0,13,13.0,0.000229,True,,,{}
e1/ba_m4_n100.npz,8,ba_m4_n100_seed839098622,ba,100,384,greedy_rr,greedy_rr,0,13,13.0,0.000348,True,,,{}
e1/ba_m4_n100.npz,8,ba_m4_n100_seed839098622,ba,100,384,greedy_rr_ls,greedy_rr_ls,0,13,13.0,0.056777,True,,,{}
e1/ba_m4_n100.npz,8,ba_m4_n100_seed839098622,ba,100,384,ilp,ilp,0,12,12.0,0.019422,True,True,12.0,"{""gap"": 0.0, ""status"": ""OPTIMAL"", ""time_limit"": 60.0}"
e1/ba_m4_n100.npz,9,ba_m4_n100_seed190965352,ba,100,384,greedy,greedy,0,12,12.0,0.000212,True,,,{}
e1/ba_m4_n100.npz,9,ba_m4_n100_seed190965352,ba,100,384,greedy_rr,greedy_rr,0,12,12.0,0.000239,True,,,{}
e1/ba_m4_n100.npz,9,ba_m4_n100_seed190965352,ba,100,384,greedy_rr_ls,greedy_rr_ls,0,12,12.0,0.050924,True,,,{}
e1/ba_m4_n100.npz,9,ba_m4_n100_seed190965352,ba,100,384,ilp,ilp,0,11,11.0,0.026025,True,True,11.0,"{""gap"": 0.0, ""status"": ""OPTIMAL"", ""time_limit"": 60.0}"
e1/ba_m4_n100.npz,10,ba_m4_n100_seed171809014,ba,100,384,greedy,greedy,0,13,13.0,0.000258,True,,,{}
e1/ba_m4_n100.npz,10,ba_m4_n100_seed171809014,ba,100,384,greedy_rr,greedy_rr,0,13,13.0,0.000333,True,,,{}
e1/ba_m4_n100.npz,10,ba_m4_n100_seed171809014,ba,100,384,greedy_rr_ls,greedy_rr_ls,0,13,13.0,0.008657,True,,,{}
e1/ba_m4_n100.npz,10,ba_m4_n100_seed171809014,ba,100,384,ilp,ilp,0,12,12.0,0.020324,True,True,12.0,"{""gap"": 0.0, ""status"": ""OPTIMAL"", ""time_limit"": 60.0}"
e1/ba_m4_n100.npz,11,ba_m4_n100_seed135083104,ba,100,384,greedy,greedy,0,13,13.0,0.000207,True,,,{}
e1/ba_m4_n100.npz,11,ba_m4_n100_seed135083104,ba,100,384,greedy_rr,greedy_rr,0,13,13.0,0.000240,True,,,{}
e1/ba_m4_n100.npz,11,ba_m4_n100_seed135083104,ba,100,384,greedy_rr_ls,greedy_rr_ls,0,12,12.0,0.002102,True,,,{}
e1/ba_m4_n100.npz,11,ba_m4_n100_seed135083104,ba,100,384,ilp,ilp,0,12,12.0,0.029478,True,True,12.0,"{""gap"": 0.0, ""status"": ""OPTIMAL"", ""time_limit"": 60.0}"
e1/ba_m4_n100.npz,12,ba_m4_n100_seed897259994,ba,100,384,greedy,greedy,0,15,15.0,0.000279,True,,,{}
e1/ba_m4_n100.npz,12,ba_m4_n100_seed897259994,ba,100,384,greedy_rr,greedy_rr,0,15,15.0,0.000408,True,,,{}
e1/ba_m4_n100.npz,12,ba_m4_n100_seed897259994,ba,100,384,greedy_rr_ls,greedy_rr_ls,0,14,14.0,0.008996,True,,,{}
e1/ba_m4_n100.npz,12,ba_m4_n100_seed897259994,ba,100,384,ilp,ilp,0,14,14.0,0.034700,True,True,14.0,"{""gap"": 0.0, ""status"": ""OPTIMAL"", ""time_limit"": 60.0}"
e1/ba_m4_n100.npz,13,ba_m4_n100_seed437179212,ba,100,384,greedy,greedy,0,12,12.0,0.000215,True,,,{}
e1/ba_m4_n100.npz,13,ba_m4_n100_seed437179212,ba,100,384,greedy_rr,greedy_rr,0,12,12.0,0.000233,True,,,{}
e1/ba_m4_n100.npz,13,ba_m4_n100_seed437179212,ba,100,384,greedy_rr_ls,greedy_rr_ls,0,12,12.0,0.001172,True,,,{}
e1/ba_m4_n100.npz,13,ba_m4_n100_seed437179212,ba,100,384,ilp,ilp,0,12,12.0,0.029074,True,True,12.0,"{""gap"": 0.0, ""status"": ""OPTIMAL"", ""time_limit"": 60.0}"
e1/ba_m4_n100.npz,14,ba_m4_n100_seed250139887,ba,100,384,greedy,greedy,0,14,14.0,0.000204,True,,,{}
e1/ba_m4_n100.npz,14,ba_m4_n100_seed250139887,ba,100,384,greedy_rr,greedy_rr,0,13,13.0,0.000240,True,,,{}
e1/ba_m4_n100.npz,14,ba_m4_n100_seed250139887,ba,100,384,greedy_rr_ls,greedy_rr_ls,0,13,13.0,0.005151,True,,,{}
e1/ba_m4_n100.npz,14,ba_m4_n100_seed250139887,ba,100,384,ilp,ilp,0,13,13.0,0.025934,True,True,13.0,"{""gap"": 0.0, ""status"": ""OPTIMAL"", ""time_limit"": 60.0}"
e1/ba_m4_n100.npz,15,ba_m4_n100_seed45248633,ba,100,384,greedy,greedy,0,13,13.0,0.000316,True,,,{}
e1/ba_m4_n100.npz,15,ba_m4_n100_seed45248633,ba,100,384,greedy_rr,greedy_rr,0,13,13.0,0.000255,True,,,{}
e1/ba_m4_n100.npz,15,ba_m4_n100_seed45248633,ba,100,384,greedy_rr_ls,greedy_rr_ls,0,12,12.0,0.007471,True,,,{}
e1/ba_m4_n100.npz,15,ba_m4_n100_seed45248633,ba,100,384,ilp,ilp,0,12,12.0,0.021414,True,True,12.0,"{""gap"": 0.0, ""status"": ""OPTIMAL"", ""time_limit"": 60.0}"
e1/ba_m4_n100.npz,16,ba_m4_n100_seed772724163,ba,100,384,greedy,greedy,0,12,12.0,0.000248,True,,,{}
e1/ba_m4_n100.npz,16,ba_m4_n100_seed772724163,ba,100,384,greedy_rr,greedy_rr,0,12,12.0,0.000363,True,,,{}
e1/ba_m4_n100.npz,16,ba_m4_n100_seed772724163,ba,100,384,greedy_rr_ls,greedy_rr_ls,0,12,12.0,0.007494,True,,,{}
e1/ba_m4_n100.npz,16,ba_m4_n100_seed772724163,ba,100,384,ilp,ilp,0,12,12.0,0.024066,True,True,12.0,"{""gap"": 0.0, ""status"": ""OPTIMAL"", ""time_limit"": 60.0}"
e1/ba_m4_n100.npz,17,ba_m4_n100_seed548179797,ba,100,384,greedy,greedy,0,13,13.0,0.000211,True,,,{}
e1/ba_m4_n100.npz,17,ba_m4_n100_seed548179797,ba,100,384,greedy_rr,greedy_rr,0,13,13.0,0.000232,True,,,{}
e1/ba_m4_n100.npz,17,ba_m4_n100_seed548179797,ba,100,384,greedy_rr_ls,greedy_rr_ls,0,13,13.0,0.004691,True,,,{}
e1/ba_m4_n100.npz,17,ba_m4_n100_seed548179797,ba,100,384,ilp,ilp,0,13,13.0,0.024397,True,True,13.0,"{""gap"": 0.0, ""status"": ""OPTIMAL"", ""time_limit"": 60.0}"
e1/ba_m4_n100.npz,18,ba_m4_n100_seed125243588,ba,100,384,greedy,greedy,0,12,12.0,0.000291,True,,,{}
e1/ba_m4_n100.npz,18,ba_m4_n100_seed125243588,ba,100,384,greedy_rr,greedy_rr,0,12,12.0,0.000239,True,,,{}
e1/ba_m4_n100.npz,18,ba_m4_n100_seed125243588,ba,100,384,greedy_rr_ls,greedy_rr_ls,0,12,12.0,0.031838,True,,,{}
e1/ba_m4_n100.npz,18,ba_m4_n100_seed125243588,ba,100,384,ilp,ilp,0,12,12.0,0.027448,True,True,12.0,"{""gap"": 0.0, ""status"": ""OPTIMAL"", ""time_limit"": 60.0}"
e1/ba_m4_n100.npz,19,ba_m4_n100_seed887060050,ba,100,384,greedy,greedy,0,12,12.0,0.000196,True,,,{}
e1/ba_m4_n100.npz,19,ba_m4_n100_seed887060050,ba,100,384,greedy_rr,greedy_rr,0,12,12.0,0.000213,True,,,{}
e1/ba_m4_n100.npz,19,ba_m4_n100_seed887060050,ba,100,384,greedy_rr_ls,greedy_rr_ls,0,12,12.0,0.023376,True,,,{}
e1/ba_m4_n100.npz,19,ba_m4_n100_seed887060050,ba,100,384,ilp,ilp,0,12,12.0,0.022247,True,True,12.0,"{""gap"": 0.0, ""status"": ""OPTIMAL"", ""time_limit"": 60.0}"
e1/ba_m4_n100.npz,20,ba_m4_n100_seed589851061,ba,100,384,greedy,greedy,0,10,10.0,0.000209,True,,,{}
e1/ba_m4_n100.npz,20,ba_m4_n100_seed589851061,ba,100,384,greedy_rr,greedy_rr,0,10,10.0,0.000244,True,,,{}
e1/ba_m4_n100.npz,20,ba_m4_n100_seed589851061,ba,100,384,greedy_rr_ls,greedy_rr_ls,0,10,10.0,0.004377,True,,,{}
e1/ba_m4_n100.npz,20,ba_m4_n100_seed589851061,ba,100,384,ilp,ilp,0,10,10.0,0.026894,True,True,10.0,"{""gap"": 0.0, ""status"": ""OPTIMAL"", ""time_limit"": 60.0}"
e1/ba_m4_n100.npz,21,ba_m4_n100_seed445427747,ba,100,384,greedy,greedy,0,15,15.0,0.000215,True,,,{}
e1/ba_m4_n100.npz,21,ba_m4_n100_seed445427747,ba,100,384,greedy_rr,greedy_rr,0,15,15.0,0.000247,True,,,{}
e1/ba_m4_n100.npz,21,ba_m4_n100_seed445427747,ba,100,384,greedy_rr_ls,greedy_rr_ls,0,13,13.0,0.005979,True,,,{}
e1/ba_m4_n100.npz,21,ba_m4_n100_seed445427747,ba,100,384,ilp,ilp,0,13,13.0,0.025811,True,True,13.0,"{""gap"": 0.0, ""status"": ""OPTIMAL"", ""time_limit"": 60.0}"
e1/ba_m4_n100.npz,22,ba_m4_n100_seed441347225,ba,100,384,greedy,greedy,0,14,14.0,0.000300,True,,,{}
e1/ba_m4_n100.npz,22,ba_m4_n100_seed441347225,ba,100,384,greedy_rr,greedy_rr,0,14,14.0,0.000379,True,,,{}
e1/ba_m4_n100.npz,22,ba_m4_n100_seed441347225,ba,100,384,greedy_rr_ls,greedy_rr_ls,0,13,13.0,0.044748,True,,,{}
e1/ba_m4_n100.npz,22,ba_m4_n100_seed441347225,ba,100,384,ilp,ilp,0,13,13.0,0.029214,True,True,13.0,"{""gap"": 0.0, ""status"": ""OPTIMAL"", ""time_limit"": 60.0}"
e1/ba_m4_n100.npz,23,ba_m4_n100_seed156318991,ba,100,384,greedy,greedy,0,12,12.0,0.000197,True,,,{}
e1/ba_m4_n100.npz,23,ba_m4_n100_seed156318991,ba,100,384,greedy_rr,greedy_rr,0,12,12.0,0.000233,True,,,{}
e1/ba_m4_n100.npz,23,ba_m4_n100_seed156318991,ba,100,384,greedy_rr_ls,greedy_rr_ls,0,12,12.0,0.009296,True,,,{}
e1/ba_m4_n100.npz,23,ba_m4_n100_seed156318991,ba,100,384,ilp,ilp,0,12,12.0,0.019239,True,True,12.0,"{""gap"": 0.0, ""status"": ""OPTIMAL"", ""time_limit"": 60.0}"
e1/ba_m4_n100.npz,24,ba_m4_n100_seed637412780,ba,100,384,greedy,greedy,0,14,14.0,0.000271,True,,,{}
e1/ba_m4_n100.npz,24,ba_m4_n100_seed637412780,ba,100,384,greedy_rr,greedy_rr,0,13,13.0,0.000320,True,,,{}
e1/ba_m4_n100.npz,24,ba_m4_n100_seed637412780,ba,100,384,greedy_rr_ls,greedy_rr_ls,0,13,13.0,0.009864,True,,,{}
e1/ba_m4_n100.npz,24,ba_m4_n100_seed637412780,ba,100,384,ilp,ilp,0,13,13.0,0.020188,True,True,13.0,"{""gap"": 0.0, ""status"": ""OPTIMAL"", ""time_limit"": 60.0}"
e1/ba_m4_n100.npz,25,ba_m4_n100_seed392719418,ba,100,384,greedy,greedy,0,17,17.0,0.000224,True,,,{}
e1/ba_m4_n100.npz,25,ba_m4_n100_seed392719418,ba,100,384,greedy_rr,greedy_rr,0,17,17.0,0.000242,True,,,{}
e1/ba_m4_n100.npz,25,ba_m4_n100_seed392719418,ba,100,384,greedy_rr_ls,greedy_rr_ls,0,14,14.0,0.005244,True,,,{}
e1/ba_m4_n100.npz,25,ba_m4_n100_seed392719418,ba,100,384,ilp,ilp,0,14,14.0,0.042164,True,True,14.0,"{""gap"": 0.0, ""status"": ""OPTIMAL"", ""time_limit"": 60.0}"
e1/ba_m4_n100.npz,26,ba_m4_n100_seed423340160,ba,100,384,greedy,greedy,0,11,11.0,0.000312,True,,,{}
e1/ba_m4_n100.npz,26,ba_m4_n100_seed423340160,ba,100,384,greedy_rr,greedy_rr,0,11,11.0,0.000302,True,,,{}
e1/ba_m4_n100.npz,26,ba_m4_n100_seed423340160,ba,100,384,greedy_rr_ls,greedy_rr_ls,0,11,11.0,0.006026,True,,,{}
e1/ba_m4_n100.npz,26,ba_m4_n100_seed423340160,ba,100,384,ilp,ilp,0,11,11.0,0.022872,True,True,11.0,"{""gap"": 0.0, ""status"": ""OPTIMAL"", ""time_limit"": 60.0}"
e1/ba_m4_n100.npz,27,ba_m4_n100_seed171211030,ba,100,384,greedy,greedy,0,12,12.0,0.000294,True,,,{}
e1/ba_m4_n100.npz,27,ba_m4_n100_seed171211030,ba,100,384,greedy_rr,greedy_rr,0,12,12.0,0.000342,True,,,{}
e1/ba_m4_n100.npz,27,ba_m4_n100_seed171211030,ba,100,384,greedy_rr_ls,greedy_rr_ls,0,12,12.0,0.003848,True,,,{}
e1/ba_m4_n100.npz,27,ba_m4_n100_seed171211030,ba,100,384,ilp,ilp,0,12,12.0,0.026179,True,True,12.0,"{""gap"": 0.0, ""status"": ""OPTIMAL"", ""time_limit"": 60.0}"
e1/ba_m4_n100.npz,28,ba_m4_n100_seed743694727,ba,100,384,greedy,greedy,0,13,13.0,0.000199,True,,,{}
e1/ba_m4_n100.npz,28,ba_m4_n100_seed743694727,ba,100,384,greedy_rr,greedy_rr,0,12,12.0,0.000231,True,,,{}
e1/ba_m4_n100.npz,28,ba_m4_n100_seed743694727,ba,100,384,greedy_rr_ls,greedy_rr_ls,0,11,11.0,0.020465,True,,,{}
e1/ba_m4_n100.npz,28,ba_m4_n100_seed743694727,ba,100,384,ilp,ilp,0,11,11.0,0.025542,True,True,11.0,"{""gap"": 0.0, ""status"": ""OPTIMAL"", ""time_limit"": 60.0}"
e1/ba_m4_n100.npz,29,ba_m4_n100_seed531769361,ba,100,384,greedy,greedy,0,13,13.0,0.000254,True,,,{}
e1/ba_m4_n100.npz,29,ba_m4_n100_seed531769361,ba,100,384,greedy_rr,greedy_rr,0,12,12.0,0.000310,True,,,{}
e1/ba_m4_n100.npz,29,ba_m4_n100_seed531769361,ba,100,384,greedy_rr_ls,greedy_rr_ls,0,12,12.0,0.007428,True,,,{}
e1/ba_m4_n100.npz,29,ba_m4_n100_seed531769361,ba,100,384,ilp,ilp,0,11,11.0,0.022711,True,True,11.0,"{""gap"": 0.0, ""status"": ""OPTIMAL"", ""time_limit"": 60.0}"
e1/ba_m4_n100.npz,30,ba_m4_n100_seed7909492,ba,100,384,greedy,greedy,0,14,14.0,0.000285,True,,,{}
e1/ba_m4_n100.npz,30,ba_m4_n100_seed7909492,ba,100,384,greedy_rr,greedy_rr,0,14,14.0,0.000252,True,,,{}
e1/ba_m4_n100.npz,30,ba_m4_n100_seed7909492,ba,100,384,greedy_rr_ls,greedy_rr_ls,0,13,13.0,0.024489,True,,,{}
e1/ba_m4_n100.npz,30,ba_m4_n100_seed7909492,ba,100,384,ilp,ilp,0,13,13.0,0.035758,True,True,13.0,"{""gap"": 0.0, ""status"": ""OPTIMAL"", ""time_limit"": 60.0}"
e1/ba_m4_n100.npz,31,ba_m4_n100_seed292659426,ba,100,384,greedy,greedy,0,14,14.0,0.000207,True,,,{}
e1/ba_m4_n100.npz,31,ba_m4_n100_seed292659426,ba,100,384,greedy_rr,greedy_rr,0,14,14.0,0.000240,True,,,{}
e1/ba_m4_n100.npz,31,ba_m4_n100_seed292659426,ba,100,384,greedy_rr_ls,greedy_rr_ls,0,13,13.0,0.006185,True,,,{}
e1/ba_m4_n100.npz,31,ba_m4_n100_seed292659426,ba,100,384,ilp,ilp,0,13,13.0,0.024484,True,True,13.0,"{""gap"": 0.0, ""status"": ""OPTIMAL"", ""time_limit"": 60.0}"
e1/ba_m4_n100.npz,32,ba_m4_n100_seed591739736,ba,100,384,greedy,greedy,0,11,11.0,0.000314,True,,,{}
e1/ba_m4_n100.npz,32,ba_m4_n100_seed591739736,ba,100,384,greedy_rr,greedy_rr,0,11,11.0,0.000224,True,,,{}
e1/ba_m4_n100.npz,32,ba_m4_n100_seed591739736,ba,100,384,greedy_rr_ls,greedy_rr_ls,0,10,10.0,0.004510,True,,,{}
e1/ba_m4_n100.npz,32,ba_m4_n100_seed591739736,ba,100,384,ilp,ilp,0,10,10.0,0.025430,True,True,10.0,"{""gap"": 0.0, ""status"": ""OPTIMAL"", ""time_limit"": 60.0}"
e1/ba_m4_n100.npz,33,ba_m4_n100_seed736441806,ba,100,384,greedy,greedy,0,11,11.0,0.000305,True,,,{}
e1/ba_m4_n100.npz,33,ba_m4_n100_seed736441806,ba,100,384,greedy_rr,greedy_rr,0,11,11.0,0.000253,True,,,{}
e1/ba_m4_n100.npz,33,ba_m4_n100_seed736441806,ba,100,384,greedy_rr_ls,greedy_rr_ls,0,11,11.0,0.001219,True,,,{}
e1/ba_m4_n100.npz,33,ba_m4_n100_seed736441806,ba,100,384,ilp,ilp,0,11,11.0,0.028197,True,True,11.0,"{""gap"": 0.0, ""status"": ""OPTIMAL"", ""time_limit"": 60.0}"
e1/ba_m4_n100.npz,34,ba_m4_n100_seed22834285,ba,100,384,greedy,greedy,0,12,12.0,0.000198,True,,,{}
e1/ba_m4_n100.npz,34,ba_m4_n100_seed22834285,ba,100,384,greedy_rr,greedy_rr,0,12,12.0,0.000222,True,,,{}
e1/ba_m4_n100.npz,34,ba_m4_n100_seed22834285,ba,100,384,greedy_rr_ls,greedy_rr_ls,0,12,12.0,0.133610,True,,,{}
e1/ba_m4_n100.npz,34,ba_m4_n100_seed22834285,ba,100,384,ilp,ilp,0,12,12.0,0.021491,True,True,12.0,"{""gap"": 0.0, ""status"": ""OPTIMAL"", ""time_limit"": 60.0}"
e1/ba_m4_n100.npz,35,ba_m4_n100_seed274685179,ba,100,384,greedy,greedy,0,13,13.0,0.000219,True,,,{}
e1/ba_m4_n100.npz,35,ba_m4_n100_seed274685179,ba,100,384,greedy_rr,greedy_rr,0,13,13.0,0.000288,True,,,{}
e1/ba_m4_n100.npz,35,ba_m4_n100_seed274685179,ba,100,384,greedy_rr_ls,greedy_rr_ls,0,13,13.0,0.021432,True,,,{}
e1/ba_m4_n100.npz,35,ba_m4_n100_seed274685179,ba,100,384,ilp,ilp,0,13,13.0,0.023401,True,True,13.0,"{""gap"": 0.0, ""status"": ""OPTIMAL"", ""time_limit"": 60.0}"
e1/ba_m4_n100.npz,36,ba_m4_n100_seed538998593,ba,100,384,greedy,greedy,0,13,13.0,0.000202,True,,,{}
e1/ba_m4_n100.npz,36,ba_m4_n100_seed538998593,ba,100,384,greedy_rr,greedy_rr,0,13,13.0,0.000234,True,,,{}
e1/ba_m4_n100.npz,36,ba_m4_n100_seed538998593,ba,100,384,greedy_rr_ls,greedy_rr_ls,0,12,12.0,0.010467,True,,,{}
e1/ba_m4_n100.npz,36,ba_m4_n100_seed538998593,ba,100,384,ilp,ilp,0,12,12.0,0.034807,True,True,12.0,"{""gap"": 0.0, ""status"": ""OPTIMAL"", ""time_limit"": 60.0}"
e1/ba_m4_n100.npz,37,ba_m4_n100_seed783970775,ba,100,384,greedy,greedy,0,13,13.0,0.000260,True,,,{}
e1/ba_m4_n100.npz,37,ba_m4_n100_seed783970775,ba,100,384,greedy_rr,greedy_rr,0,13,13.0,0.000244,True,,,{}
e1/ba_m4_n100.npz,37,ba_m4_n100_seed783970775,ba,100,384,greedy_rr_ls,greedy_rr_ls,0,12,12.0,0.006444,True,,,{}
e1/ba_m4_n100.npz,37,ba_m4_n100_seed783970775,ba,100,384,ilp,ilp,0,12,12.0,0.024836,True,True,12.0,"{""gap"": 0.0, ""status"": ""OPTIMAL"", ""time_limit"": 60.0}"
e1/ba_m4_n100.npz,38,ba_m4_n100_seed896070214,ba,100,384,greedy,greedy,0,12,12.0,0.000228,True,,,{}
e1/ba_m4_n100.npz,38,ba_m4_n100_seed896070214,ba,100,384,greedy_rr,greedy_rr,0,12,12.0,0.000222,True,,,{}
e1/ba_m4_n100.npz,38,ba_m4_n100_seed896070214,ba,100,384,greedy_rr_ls,greedy_rr_ls,0,12,12.0,0.005734,True,,,{}
e1/ba_m4_n100.npz,38,ba_m4_n100_seed896070214,ba,100,384,ilp,ilp,0,12,12.0,0.024617,True,True,12.0,"{""gap"": 0.0, ""status"": ""OPTIMAL"", ""time_limit"": 60.0}"
e1/ba_m4_n100.npz,39,ba_m4_n100_seed114104528,ba,100,384,greedy,greedy,0,14,14.0,0.000327,True,,,{}
e1/ba_m4_n100.npz,39,ba_m4_n100_seed114104528,ba,100,384,greedy_rr,greedy_rr,0,14,14.0,0.000257,True,,,{}
e1/ba_m4_n100.npz,39,ba_m4_n100_seed114104528,ba,100,384,greedy_rr_ls,greedy_rr_ls,0,13,13.0,0.041449,True,,,{}
e1/ba_m4_n100.npz,39,ba_m4_n100_seed114104528,ba,100,384,ilp,ilp,0,13,13.0,0.036163,True,True,13.0,"{""gap"": 0.0, ""status"": ""OPTIMAL"", ""time_limit"": 60.0}"
e1/ba_m4_n100.npz,40,ba_m4_n100_seed959986483,ba,100,384,greedy,greedy,0,13,13.0,0.000296,True,,,{}
e1/ba_m4_n100.npz,40,ba_m4_n100_seed959986483,ba,100,384,greedy_rr,greedy_rr,0,13,13.0,0.001576,True,,,{}
e1/ba_m4_n100.npz,40,ba_m4_n100_seed959986483,ba,100,384,greedy_rr_ls,greedy_rr_ls,0,12,12.0,0.025811,True,,,{}
e1/ba_m4_n100.npz,40,ba_m4_n100_seed959986483,ba,100,384,ilp,ilp,0,12,12.0,0.030705,True,True,12.0,"{""gap"": 0.0, ""status"": ""OPTIMAL"", ""time_limit"": 60.0}"
e1/ba_m4_n100.npz,41,ba_m4_n100_seed63820965,ba,100,384,greedy,greedy,0,12,12.0,0.000238,True,,,{}
e1/ba_m4_n100.npz,41,ba_m4_n100_seed63820965,ba,100,384,greedy_rr,greedy_rr,0,12,12.0,0.000287,True,,,{}
e1/ba_m4_n100.npz,41,ba_m4_n100_seed63820965,ba,100,384,greedy_rr_ls,greedy_rr_ls,0,11,11.0,0.006986,True,,,{}
e1/ba_m4_n100.npz,41,ba_m4_n100_seed63820965,ba,100,384,ilp,ilp,0,11,11.0,0.023659,True,True,11.0,"{""gap"": 0.0, ""status"": ""OPTIMAL"", ""time_limit"": 60.0}"
e1/ba_m4_n100.npz,42,ba_m4_n100_seed597659679,ba,100,384,greedy,greedy,0,13,13.0,0.000384,True,,,{}
e1/ba_m4_n100.npz,42,ba_m4_n100_seed597659679,ba,100,384,greedy_rr,greedy_rr,0,13,13.0,0.000360,True,,,{}
e1/ba_m4_n100.npz,42,ba_m4_n100_seed597659679,ba,100,384,greedy_rr_ls,greedy_rr_ls,0,13,13.0,0.012601,True,,,{}
e1/ba_m4_n100.npz,42,ba_m4_n100_seed597659679,ba,100,384,ilp,ilp,0,13,13.0,0.031876,True,True,13.0,"{""gap"": 0.0, ""status"": ""OPTIMAL"", ""time_limit"": 60.0}"
e1/ba_m4_n100.npz,43,ba_m4_n100_seed990631305,ba,100,384,greedy,greedy,0,14,14.0,0.000262,True,,,{}
e1/ba_m4_n100.npz,43,ba_m4_n100_seed990631305,ba,100,384,greedy_rr,greedy_rr,0,14,14.0,0.000330,True,,,{}
e1/ba_m4_n100.npz,43,ba_m4_n100_seed990631305,ba,100,384,greedy_rr_ls,greedy_rr_ls,0,13,13.0,0.008564,True,,,{}
e1/ba_m4_n100.npz,43,ba_m4_n100_seed990631305,ba,100,384,ilp,ilp,0,13,13.0,0.020969,True,True,13.0,"{""gap"": 0.0, ""status"": ""OPTIMAL"", ""time_limit"": 60.0}"
e1/ba_m4_n100.npz,44,ba_m4_n100_seed949813034,ba,100,384,greedy,greedy,0,11,11.0,0.000247,True,,,{}
e1/ba_m4_n100.npz,44,ba_m4_n100_seed949813034,ba,100,384,greedy_rr,greedy_rr,0,11,11.0,0.000272,True,,,{}
e1/ba_m4_n100.npz,44,ba_m4_n100_seed949813034,ba,100,384,greedy_rr_ls,greedy_rr_ls,0,11,11.0,0.016926,True,,,{}
e1/ba_m4_n100.npz,44,ba_m4_n100_seed949813034,ba,100,384,ilp,ilp,0,11,11.0,0.029723,True,True,11.0,"{""gap"": 0.0, ""status"": ""OPTIMAL"", ""time_limit"": 60.0}"
e1/ba_m4_n100.npz,45,ba_m4_n100_seed87595196,ba,100,384,greedy,greedy,0,12,12.0,0.000199,True,,,{}
e1/ba_m4_n100.npz,45,ba_m4_n100_seed87595196,ba,100,384,greedy_rr,greedy_rr,0,12,12.0,0.000223,True,,,{}
e1/ba_m4_n100.npz,45,ba_m4_n100_seed87595196,ba,100,384,greedy_rr_ls,greedy_rr_ls,0,11,11.0,0.003649,True,,,{}
e1/ba_m4_n100.npz,45,ba_m4_n100_seed87595196,ba,100,384,ilp,ilp,0,11,11.0,0.023262,True,True,11.0,"{""gap"": 0.0, ""status"": ""OPTIMAL"", ""time_limit"": 60.0}"
e1/ba_m4_n100.npz,46,ba_m4_n100_seed654038022,ba,100,384,greedy,greedy,0,12,12.0,0.000200,True,,,{}
e1/ba_m4_n100.npz,46,ba_m4_n100_seed654038022,ba,100,384,greedy_rr,greedy_rr,0,12,12.0,0.000219,True,,,{}
e1/ba_m4_n100.npz,46,ba_m4_n100_seed654038022,ba,100,384,greedy_rr_ls,greedy_rr_ls,0,11,11.0,0.006992,True,,,{}
e1/ba_m4_n100.npz,46,ba_m4_n100_seed654038022,ba,100,384,ilp,ilp,0,11,11.0,0.024276,True,True,11.0,"{""gap"": 0.0, ""status"": ""OPTIMAL"", ""time_limit"": 60.0}"
e1/ba_m4_n100.npz,47,ba_m4_n100_seed945691024,ba,100,384,greedy,greedy,0,13,13.0,0.000228,True,,,{}
e1/ba_m4_n100.npz,47,ba_m4_n100_seed945691024,ba,100,384,greedy_rr,greedy_rr,0,13,13.0,0.000237,True,,,{}
e1/ba_m4_n100.npz,47,ba_m4_n100_seed945691024,ba,100,384,greedy_rr_ls,greedy_rr_ls,0,13,13.0,0.361897,True,,,{}
e1/ba_m4_n100.npz,47,ba_m4_n100_seed945691024,ba,100,384,ilp,ilp,0,13,13.0,0.026128,True,True,13.0,"{""gap"": 0.0, ""status"": ""OPTIMAL"", ""time_limit"": 60.0}"
e1/ba_m4_n100.npz,48,ba_m4_n100_seed57927937,ba,100,384,greedy,greedy,0,12,12.0,0.000213,True,,,{}
e1/ba_m4_n100.npz,48,ba_m4_n100_seed57927937,ba,100,384,greedy_rr,greedy_rr,0,12,12.0,0.000236,True,,,{}
e1/ba_m4_n100.npz,48,ba_m4_n100_seed57927937,ba,100,384,greedy_rr_ls,greedy_rr_ls,0,12,12.0,0.003911,True,,,{}
e1/ba_m4_n100.npz,48,ba_m4_n100_seed57927937,ba,100,384,ilp,ilp,0,12,12.0,0.027578,True,True,12.0,"{""gap"": 0.0, ""status"": ""OPTIMAL"", ""time_limit"": 60.0}"
e1/ba_m4_n100.npz,49,ba_m4_n100_seed229002391,ba,100,384,greedy,greedy,0,14,14.0,0.000216,True,,,{}
e1/ba_m4_n100.npz,49,ba_m4_n100_seed229002391,ba,100,384,greedy_rr,greedy_rr,0,14,14.0,0.000234,True,,,{}
e1/ba_m4_n100.npz,49,ba_m4_n100_seed229002391,ba,100,384,greedy_rr_ls,greedy_rr_ls,0,14,14.0,0.021990,True,,,{}
e1/ba_m4_n100.npz,49,ba_m4_n100_seed229002391,ba,100,384,ilp,ilp,0,14,14.0,0.037577,True,True,14.0,"{""gap"": 0.0, ""status"": ""OPTIMAL"", ""time_limit"": 60.0}"
e1/ba_m4_n1000.npz,0,ba_m4_n1000_seed905073562,ba,1000,3984,greedy,greedy,0,116,116.0,0.002230,True,,,{}
e1/ba_m4_n1000.npz,0,ba_m4_n1000_seed905073562,ba,1000,3984,greedy_rr,greedy_rr,0,113,113.0,0.002410,True,,,{}
e1/ba_m4_n1000.npz,0,ba_m4_n1000_seed905073562,ba,1000,3984,greedy_rr_ls,greedy_rr_ls,0,110,110.0,1.003067,True,,,{}
e1/ba_m4_n1000.npz,0,ba_m4_n1000_seed905073562,ba,1000,3984,ilp,ilp,0,106,106.0,21.595193,True,True,106.0,"{""gap"": 0.0, ""status"": ""OPTIMAL"", ""time_limit"": 60.0}"
e1/ba_m4_n1000.npz,1,ba_m4_n1000_seed122862092,ba,1000,3984,greedy,greedy,0,114,114.0,0.002766,True,,,{}
e1/ba_m4_n1000.npz,1,ba_m4_n1000_seed122862092,ba,1000,3984,greedy_rr,greedy_rr,0,114,114.0,0.002373,True,,,{}
e1/ba_m4_n1000.npz,1,ba_m4_n1000_seed122862092,ba,1000,3984,greedy_rr_ls,greedy_rr_ls,0,109,109.0,1.003371,True,,,{}
e1/ba_m4_n1000.npz,1,ba_m4_n1000_seed122862092,ba,1000,3984,ilp,ilp,0,107,107.0,2.746025,True,True,107.0,"{""gap"": 0.0, ""status"": ""OPTIMAL"", ""time_limit"": 60.0}"
e1/ba_m4_n1000.npz,2,ba_m4_n1000_seed690247350,ba,1000,3984,greedy,greedy,0,107,107.0,0.002108,True,,,{}
e1/ba_m4_n1000.npz,2,ba_m4_n1000_seed690247350,ba,1000,3984,greedy_rr,greedy_rr,0,106,106.0,0.002875,True,,,{}
e1/ba_m4_n1000.npz,2,ba_m4_n1000_seed690247350,ba,1000,3984,greedy_rr_ls,greedy_rr_ls,0,104,104.0,1.004649,True,,,{}
e1/ba_m4_n1000.npz,2,ba_m4_n1000_seed690247350,ba,1000,3984,ilp,ilp,0,101,101.0,2.845776,True,True,101.0,"{""gap"": 0.0, ""status"": ""OPTIMAL"", ""time_limit"": 60.0}"
e1/ba_m4_n1000.npz,3,ba_m4_n1000_seed902172960,ba,1000,3984,greedy,greedy,0,112,112.0,0.003892,True,,,{}
e1/ba_m4_n1000.npz,3,ba_m4_n1000_seed902172960,ba,1000,3984,greedy_rr,greedy_rr,0,111,111.0,0.002394,True,,,{}
e1/ba_m4_n1000.npz,3,ba_m4_n1000_seed902172960,ba,1000,3984,greedy_rr_ls,greedy_rr_ls,0,110,110.0,1.003625,True,,,{}
e1/ba_m4_n1000.npz,3,ba_m4_n1000_seed902172960,ba,1000,3984,ilp,ilp,0,103,103.0,1.729180,True,True,103.0,"{""gap"": 0.0, ""status"": ""OPTIMAL"", ""time_limit"": 60.0}"
e1/ba_m4_n1000.npz,4,ba_m4_n1000_seed857216899,ba,1000,3984,greedy,greedy,0,115,115.0,0.001998,True,,,{}
e1/ba_m4_n1000.npz,4,ba_m4_n1000_seed857216899,ba,1000,3984,greedy_rr,greedy_rr,0,113,113.0,0.003893,True,,,{}
e1/ba_m4_n1000.npz,4,ba_m4_n1000_seed857216899,ba,1000,3984,greedy_rr_ls,greedy_rr_ls,0,109,109.0,1.004603,True,,,{}
e1/ba_m4_n1000.npz,4,ba_m4_n1000_seed857216899,ba,1000,3984,ilp,ilp,0,107,107.0,4.291523,True,True,107.0,"{""gap"": 0.0, ""status"": ""OPTIMAL"", ""time_limit"": 60.0}"
e1/ba_m4_n1000.npz,5,ba_m4_n1000_seed176061973,ba,1000,3984,greedy,greedy,0,109,109.0,0.001837,True,,,{}
e1/ba_m4_n1000.npz,5,ba_m4_n1000_seed176061973,ba,1000,3984,greedy_rr,greedy_rr,0,109,109.0,0.001891,True,,,{}
e1/ba_m4_n1000.npz,5,ba_m4_n1000_seed176061973,ba,1000,3984,greedy_rr_ls,greedy_rr_ls,0,106,106.0,1.002421,True,,,{}
e1/ba_m4_n1000.npz,5,ba_m4_n1000_seed176061973,ba,1000,3984,ilp,ilp,0,102,102.0,11.856872,True,True,102.0,"{""gap"": 0.0, ""status"": ""OPTIMAL"", ""time_limit"": 60.0}"
e1/ba_m4_n1000.npz,6,ba_m4_n1000_seed708942511,ba,1000,3984,greedy,greedy,0,117,117.0,0.003313,True,,,{}
e1/ba_m4_n1000.npz,6,ba_m4_n1000_seed708942511,ba,1000,3984,greedy_rr,greedy_rr,0,115,115.0,0.003039,True,,,{}
e1/ba_m4_n1000.npz,6,ba_m4_n1000_seed708942511,ba,1000,3984,greedy_rr_ls,greedy_rr_ls,0,112,112.0,1.002897,True,,,{}
e1/ba_m4_n1000.npz,6,ba_m4_n1000_seed708942511,ba,1000,3984,ilp,ilp,0,106,106.0,6.773708,True,True,106.0,"{""gap"": 0.0, ""status"": ""OPTIMAL"", ""time_limit"": 60.0}"
e1/ba_m4_n1000.npz,7,ba_m4_n1000_seed886658361,ba,1000,3984,greedy,greedy,0,122,122.0,0.001764,True,,,{}
e1/ba_m4_n1000.npz,7,ba_m4_n1000_seed886658361,ba,1000,3984,greedy_rr,greedy_rr,0,121,121.0,0.002065,True,,,{}
e1/ba_m4_n1000.npz,7,ba_m4_n1000_seed886658361,ba,1000,3984,greedy_rr_ls,greedy_rr_ls,0,117,117.0,1.002530,True,,,{}
e1/ba_m4_n1000.npz,7,ba_m4_n1000_seed886658361,ba,1000,3984,ilp,ilp,0,111,111.0,29.044401,True,True,111.0,"{""gap"": 0.0, ""status"": ""OPTIMAL"", ""time_limit"": 60.0}"
e1/ba_m4_n1000.npz,8,ba_m4_n1000_seed1003080616,ba,1000,3984,greedy,greedy,0,111,111.0,0.003539,True,,,{}
e1/ba_m4_n1000.npz,8,ba_m4_n1000_seed1003080616,ba,1000,3984,greedy_rr,greedy_rr,0,110,110.0,0.002552,True,,,{}
e1/ba_m4_n1000.npz,8,ba_m4_n1000_seed1003080616,ba,1000,3984,greedy_rr_ls,greedy_rr_ls,0,107,107.0,1.003959,True,,,{}
e1/ba_m4_n1000.npz,8,ba_m4_n1000_seed1003080616,ba,1000,3984,ilp,ilp,0,103,103.0,2.633409,True,True,103.0,"{""gap"": 0.0, ""status"": ""OPTIMAL"", ""time_limit"": 60.0}"
e1/ba_m4_n1000.npz,9,ba_m4_n1000_seed288109118,ba,1000,3984,greedy,greedy,0,121,121.0,0.002071,True,,,{}
e1/ba_m4_n1000.npz,9,ba_m4_n1000_seed288109118,ba,1000,3984,greedy_rr,greedy_rr,0,121,121.0,0.001981,True,,,{}
e1/ba_m4_n1000.npz,9,ba_m4_n1000_seed288109118,ba,1000,3984,greedy_rr_ls,greedy_rr_ls,0,115,115.0,1.002646,True,,,{}
e1/ba_m4_n1000.npz,9,ba_m4_n1000_seed288109118,ba,1000,3984,ilp,ilp,0,109,109.0,36.547712,True,True,109.0,"{""gap"": 0.0, ""status"": ""OPTIMAL"", ""time_limit"": 60.0}"
e1/ba_m4_n1000.npz,10,ba_m4_n1000_seed721252802,ba,1000,3984,greedy,greedy,0,114,114.0,0.002932,True,,,{}
e1/ba_m4_n1000.npz,10,ba_m4_n1000_seed721252802,ba,1000,3984,greedy_rr,greedy_rr,0,111,111.0,0.003689,True,,,{}
e1/ba_m4_n1000.npz,10,ba_m4_n1000_seed721252802,ba,1000,3984,greedy_rr_ls,greedy_rr_ls,0,109,109.0,1.005225,True,,,{}
e1/ba_m4_n1000.npz,10,ba_m4_n1000_seed721252802,ba,1000,3984,ilp,ilp,0,104,104.0,39.770385,True,True,104.0,"{""gap"": 0.0, ""status"": ""OPTIMAL"", ""time_limit"": 60.0}"
e1/ba_m4_n1000.npz,11,ba_m4_n1000_seed295242580,ba,1000,3984,greedy,greedy,0,116,116.0,0.005817,True,,,{}
e1/ba_m4_n1000.npz,11,ba_m4_n1000_seed295242580,ba,1000,3984,greedy_rr,greedy_rr,0,116,116.0,0.003045,True,,,{}
e1/ba_m4_n1000.npz,11,ba_m4_n1000_seed295242580,ba,1000,3984,greedy_rr_ls,greedy_rr_ls,0,112,112.0,1.003525,True,,,{}
e1/ba_m4_n1000.npz,11,ba_m4_n1000_seed295242580,ba,1000,3984,ilp,ilp,0,107,107.0,60.077909,True,False,103.0,"{""gap"": 0.037383177570093455, ""status"": ""FEASIBLE"", ""time_limit"": 60.0}"
e1/ba_m4_n1000.npz,12,ba_m4_n1000_seed291260654,ba,1000,3984,greedy,greedy,0,118,118.0,0.003529,True,,,{}
e1/ba_m4_n1000.npz,12,ba_m4_n1000_seed291260654,ba,1000,3984,greedy_rr,greedy_rr,0,117,117.0,0.003366,True,,,{}
e1/ba_m4_n1000.npz,12,ba_m4_n1000_seed291260654,ba,1000,3984,greedy_rr_ls,greedy_rr_ls,0,116,116.0,1.004198,True,,,{}
e1/ba_m4_n1000.npz,12,ba_m4_n1000_seed291260654,ba,1000,3984,ilp,ilp,0,109,109.0,10.387302,True,True,109.0,"{""gap"": 0.0, ""status"": ""OPTIMAL"", ""time_limit"": 60.0}"
e1/ba_m4_n1000.npz,13,ba_m4_n1000_seed287556728,ba,1000,3984,greedy,greedy,0,115,115.0,0.002904,True,,,{}
e1/ba_m4_n1000.npz,13,ba_m4_n1000_seed287556728,ba,1000,3984,greedy_rr,greedy_rr,0,115,115.0,0.003265,True,,,{}
e1/ba_m4_n1000.npz,13,ba_m4_n1000_seed287556728,ba,1000,3984,greedy_rr_ls,greedy_rr_ls,0,110,110.0,1.003807,True,,,{}
e1/ba_m4_n1000.npz,13,ba_m4_n1000_seed287556728,ba,1000,3984,ilp,ilp,0,107,107.0,8.378938,True,True,107.0,"{""gap"": 0.0, ""status"": ""OPTIMAL"", ""time_limit"": 60.0}"
e1/ba_m4_n1000.npz,14,ba_m4_n1000_seed634893787,ba,1000,3984,greedy,greedy,0,111,111.0,0.002849,True,,,{}
e1/ba_m4_n1000.npz,14,ba_m4_n1000_seed634893787,ba,1000,3984,greedy_rr,greedy_rr,0,110,110.0,0.004709,True,,,{}
e1/ba_m4_n1000.npz,14,ba_m4_n1000_seed634893787,ba,1000,3984,greedy_rr_ls,greedy_rr_ls,0,107,107.0,1.005892,True,,,{}
e1/ba_m4_n1000.npz,14,ba_m4_n1000_seed634893787,ba,1000,3984,ilp,ilp,0,104,104.0,6.475738,True,True,104.0,"{""gap"": 0.0, ""status"": ""OPTIMAL"", ""time_limit"": 60.0}"
e1/ba_m4_n1000.npz,15,ba_m4_n1000_seed376262477,ba,1000,3984,greedy,greedy,0,114,114.0,0.005505,True,,,{}
e1/ba_m4_n1000.npz,15,ba_m4_n1000_seed376262477,ba,1000,3984,greedy_rr,greedy_rr,0,111,111.0,0.003774,True,,,{}
e1/ba_m4_n1000.npz,15,ba_m4_n1000_seed376262477,ba,1000,3984,greedy_rr_ls,greedy_rr_ls,0,109,109.0,1.004456,True,,,{}
e1/ba_m4_n1000.npz,15,ba_m4_n1000_seed376262477,ba,1000,3984,ilp,ilp,0,106,106.0,37.653789,True,True,106.0,"{""gap"": 0.0, ""status"": ""OPTIMAL"", ""time_limit"": 60.0}"
e1/ba_m4_n1000.npz,16,ba_m4_n1000_seed406785271,ba,1000,3984,greedy,greedy,0,111,111.0,0.002032,True,,,{}
e1/ba_m4_n1000.npz,16,ba_m4_n1000_seed406785271,ba,1000,3984,greedy_rr,greedy_rr,0,110,110.0,0.002486,True,,,{}
e1/ba_m4_n1000.npz,16,ba_m4_n1000_seed406785271,ba,1000,3984,greedy_rr_ls,greedy_rr_ls,0,105,105.0,1.003424,True,,,{}
e1/ba_m4_n1000.npz,16,ba_m4_n1000_seed406785271,ba,1000,3984,ilp,ilp,0,102,102.0,8.089269,True,True,102.0,"{""gap"": 0.0, ""status"": ""OPTIMAL"", ""time_limit"": 60.0}"
e1/ba_m4_n1000.npz,17,ba_m4_n1000_seed168855649,ba,1000,3984,greedy,greedy,0,125,125.0,0.003771,True,,,{}
e1/ba_m4_n1000.npz,17,ba_m4_n1000_seed168855649,ba,1000,3984,greedy_rr,greedy_rr,0,125,125.0,0.002794,True,,,{}
e1/ba_m4_n1000.npz,17,ba_m4_n1000_seed168855649,ba,1000,3984,greedy_rr_ls,greedy_rr_ls,0,119,119.0,1.004041,True,,,{}
e1/ba_m4_n1000.npz,17,ba_m4_n1000_seed168855649,ba,1000,3984,ilp,ilp,0,113,113.0,41.026810,True,True,113.0,"{""gap"": 0.0, ""status"": ""OPTIMAL"", ""time_limit"": 60.0}"
e1/ba_m4_n1000.npz,18,ba_m4_n1000_seed759298544,ba,1000,3984,greedy,greedy,0,117,117.0,0.004059,True,,,{}
e1/ba_m4_n1000.npz,18,ba_m4_n1000_seed759298544,ba,1000,3984,greedy_rr,greedy_rr,0,116,116.0,0.003850,True,,,{}
e1/ba_m4_n1000.npz,18,ba_m4_n1000_seed759298544,ba,1000,3984,greedy_rr_ls,greedy_rr_ls,0,112,112.0,1.004515,True,,,{}
e1/ba_m4_n1000.npz,18,ba_m4_n1000_seed759298544,ba,1000,3984,ilp,ilp,0,108,108.0,24.518279,True,True,108.0,"{""gap"": 0.0, ""status"": ""OPTIMAL"", ""time_limit"": 60.0}"
e1/ba_m4_n1000.npz,19,ba_m4_n1000_seed535008102,ba,1000,3984,greedy,greedy,0,116,116.0,0.002713,True,,,{}
e1/ba_m4_n1000.npz,19,ba_m4_n1000_seed535008102,ba,1000,3984,greedy_rr,greedy_rr,0,114,114.0,0.003471,True,,,{}
e1/ba_m4_n1000.npz,19,ba_m4_n1000_seed535008102,ba,1000,3984,greedy_rr_ls,greedy_rr_ls,0,111,111.0,1.004606,True,,,{}
e1/ba_m4_n1000.npz,19,ba_m4_n1000_seed535008102,ba,1000,3984,ilp,ilp,0,108,108.0,60.097335,True,False,103.0,"{""gap"": 0.046296296296296294, ""status"": ""FEASIBLE"", ""time_limit"": 60.0}"
e1/ba_m4_n1000.npz,20,ba_m4_n1000_seed303572097,ba,1000,3984,greedy,greedy,0,116,116.0,0.004419,True,,,{}
e1/ba_m4_n1000.npz,20,ba_m4_n1000_seed303572097,ba,1000,3984,greedy_rr,greedy_rr,0,116,116.0,0.003321,True,,,{}
e1/ba_m4_n1000.npz,20,ba_m4_n1000_seed303572097,ba,1000,3984,greedy_rr_ls,greedy_rr_ls,0,109,109.0,1.003889,True,,,{}
e1/ba_m4_n1000.npz,20,ba_m4_n1000_seed303572097,ba,1000,3984,ilp,ilp,0,106,106.0,10.993522,True,True,106.0,"{""gap"": 0.0, ""status"": ""OPTIMAL"", ""time_limit"": 60.0}"
e1/ba_m4_n1000.npz,21,ba_m4_n1000_seed984473367,ba,1000,3984,greedy,greedy,0,122,122.0,0.003968,True,,,{}
e1/ba_m4_n1000.npz,21,ba_m4_n1000_seed984473367,ba,1000,3984,greedy_rr,greedy_rr,0,120,120.0,0.004432,True,,,{}
e1/ba_m4_n1000.npz,21,ba_m4_n1000_seed984473367,ba,1000,3984,greedy_rr_ls,greedy_rr_ls,0,114,114.0,1.005282,True,,,{}
e1/ba_m4_n1000.npz,21,ba_m4_n1000_seed984473367,ba,1000,3984,ilp,ilp,0,110,110.0,60.125108,True,False,106.0,"{""gap"": 0.03636363636363636, ""status"": ""FEASIBLE"", ""time_limit"": 60.0}"
e1/ba_m4_n1000.npz,22,ba_m4_n1000_seed746551725,ba,1000,3984,greedy,greedy,0,110,110.0,0.002702,True,,,{}
e1/ba_m4_n1000.npz,22,ba_m4_n1000_seed746551725,ba,1000,3984,greedy_rr,greedy_rr,0,110,110.0,0.003075,True,,,{}
e1/ba_m4_n1000.npz,22,ba_m4_n1000_seed746551725,ba,1000,3984,greedy_rr_ls,greedy_rr_ls,0,107,107.0,1.003600,True,,,{}
e1/ba_m4_n1000.npz,22,ba_m4_n1000_seed746551725,ba,1000,3984,ilp,ilp,0,103,103.0,3.421990,True,True,103.0,"{""gap"": 0.0, ""status"": ""OPTIMAL"", ""time_limit"": 60.0}"
e1/ba_m4_n1000.npz,23,ba_m4_n1000_seed569106491,ba,1000,3984,greedy,greedy,0,108,108.0,0.003780,True,,,{}
e1/ba_m4_n1000.npz,23,ba_m4_n1000_seed569106491,ba,1000,3984,greedy_rr,greedy_rr,0,107,107.0,0.003124,True,,,{}
e1/ba_m4_n1000.npz,23,ba_m4_n1000_seed569106491,ba,1000,3984,greedy_rr_ls,greedy_rr_ls,0,103,103.0,1.006889,True,,,{}
e1/ba_m4_n1000.npz,23,ba_m4_n1000_seed569106491,ba,1000,3984,ilp,ilp,0,101,101.0,14.949457,True,True,101.0,"{""gap"": 0.0, ""status"": ""OPTIMAL"", ""time_limit"": 60.0}"
e1/ba_m4_n1000.npz,24,ba_m4_n1000_seed247261336,ba,1000,3984,greedy,greedy,0,115,115.0,0.005356,True,,,{}
e1/ba_m4_n1000.npz,24,ba_m4_n1000_seed247261336,ba,1000,3984,greedy_rr,greedy_rr,0,115,115.0,0.006382,True,,,{}
e1/ba_m4_n1000.npz,24,ba_m4_n1000_seed247261336,ba,1000,3984,greedy_rr_ls,greedy_rr_ls,0,109,109.0,1.005847,True,,,{}
e1/ba_m4_n1000.npz,24,ba_m4_n1000_seed247261336,ba,1000,3984,ilp,ilp,0,105,105.0,11.890187,True,True,105.0,"{""gap"": 0.0, ""status"": ""OPTIMAL"", ""time_limit"": 60.0}"
e1/ba_m4_n1000.npz,25,ba_m4_n1000_seed29219086,ba,1000,3984,greedy,greedy,0,119,119.0,0.003605,True,,,{}
e1/ba_m4_n1000.npz,25,ba_m4_n1000_seed29219086,ba,1000,3984,greedy_rr,greedy_rr,0,119,119.0,0.005813,True,,,{}
e1/ba_m4_n1000.npz,25,ba_m4_n1000_seed29219086,ba,1000,3984,greedy_rr_ls,greedy_rr_ls,0,117,117.0,1.007043,True,,,{}
e1/ba_m4_n1000.npz,25,ba_m4_n1000_seed29219086,ba,1000,3984,ilp,ilp,0,109,109.0,60.122255,True,False,104.0,"{""gap"": 0.045871559633027525, ""status"": ""FEASIBLE"", ""time_limit"": 60.0}"
e1/ba_m4_n1000.npz,26,ba_m4_n1000_seed756792756,ba,1000,3984,greedy,greedy,0,116,116.0,0.008914,True,,,{}
e1/ba_m4_n1000.npz,26,ba_m4_n1000_seed756792756,ba,1000,3984,greedy_rr,greedy_rr,0,114,114.0,0.009849,True,,,{}
e1/ba_m4_n1000.npz,26,ba_m4_n1000_seed756792756,ba,1000,3984,greedy_rr_ls,greedy_rr_ls,0,110,110.0,1.009986,True,,,{}
e1/ba_m4_n1000.npz,26,ba_m4_n1000_seed756792756,ba,1000,3984,ilp,ilp,0,106,106.0,42.765884,True,True,106.0,"{""gap"": 0.0, ""status"": ""OPTIMAL"", ""time_limit"": 60.0}"
e1/ba_m4_n1000.npz,27,ba_m4_n1000_seed545137698,ba,1000,3984,greedy,greedy,0,113,113.0,0.004101,True,,,{}
e1/ba_m4_n1000.npz,27,ba_m4_n1000_seed545137698,ba,1000,3984,greedy_rr,greedy_rr,0,111,111.0,0.006374,True,,,{}
e1/ba_m4_n1000.npz,27,ba_m4_n1000_seed545137698,ba,1000,3984,greedy_rr_ls,greedy_rr_ls,0,110,110.0,1.007383,True,,,{}
e1/ba_m4_n1000.npz,27,ba_m4_n1000_seed545137698,ba,1000,3984,ilp,ilp,0,105,105.0,13.019174,True,True,105.0,"{""gap"": 0.0, ""status"": ""OPTIMAL"", ""time_limit"": 60.0}"
e1/ba_m4_n1000.npz,28,ba_m4_n1000_seed141470899,ba,1000,3984,greedy,greedy,0,121,121.0,0.004862,True,,,{}
e1/ba_m4_n1000.npz,28,ba_m4_n1000_seed141470899,ba,1000,3984,greedy_rr,greedy_rr,0,119,119.0,0.004492,True,,,{}
e1/ba_m4_n1000.npz,28,ba_m4_n1000_seed141470899,ba,1000,3984,greedy_rr_ls,greedy_rr_ls,0,115,115.0,1.005275,True,,,{}
e1/ba_m4_n1000.npz,28,ba_m4_n1000_seed141470899,ba,1000,3984,ilp,ilp,0,112,112.0,60.097489,True,False,107.0,"{""gap"": 0.044642857142857144, ""status"": ""FEASIBLE"", ""time_limit"": 60.0}"
e1/ba_m4_n1000.npz,29,ba_m4_n1000_seed889612069,ba,1000,3984,greedy,greedy,0,111,111.0,0.007992,True,,,{}
e1/ba_m4_n1000.npz,29,ba_m4_n1000_seed889612069,ba,1000,3984,greedy_rr,greedy_rr,0,109,109.0,0.003890,True,,,{}
e1/ba_m4_n1000.npz,29,ba_m4_n1000_seed889612069,ba,1000,3984,greedy_rr_ls,greedy_rr_ls,0,106,106.0,1.005119,True,,,{}
e1/ba_m4_n1000.npz,29,ba_m4_n1000_seed889612069,ba,1000,3984,ilp,ilp,0,103,103.0,3.134070,True,True,103.0,"{""gap"": 0.0, ""status"": ""OPTIMAL"", ""time_limit"": 60.0}"
e1/ba_m4_n1000.npz,30,ba_m4_n1000_seed422515520,ba,1000,3984,greedy,greedy,0,121,121.0,0.003426,True,,,{}
e1/ba_m4_n1000.npz,30,ba_m4_n1000_seed422515520,ba,1000,3984,greedy_rr,greedy_rr,0,120,120.0,0.004203,True,,,{}
e1/ba_m4_n1000.npz,30,ba_m4_n1000_seed422515520,ba,1000,3984,greedy_rr_ls,greedy_rr_ls,0,116,116.0,1.005428,True,,,{}
e1/ba_m4_n1000.npz,30,ba_m4_n1000_seed422515520,ba,1000,3984,ilp,ilp,0,111,111.0,60.087050,True,False,106.0,"{""gap"": 0.04504504504504504, ""status"": ""FEASIBLE"", ""time_limit"": 60.0}"
e1/ba_m4_n1000.npz,31,ba_m4_n1000_seed600239574,ba,1000,3984,greedy,greedy,0,115,115.0,0.005364,True,,,{}
e1/ba_m4_n1000.npz,31,ba_m4_n1000_seed600239574,ba,1000,3984,greedy_rr,greedy_rr,0,112,112.0,0.004595,True,,,{}
e1/ba_m4_n1000.npz,31,ba_m4_n1000_seed600239574,ba,1000,3984,greedy_rr_ls,greedy_rr_ls,0,112,112.0,1.005520,True,,,{}
e1/ba_m4_n1000.npz,31,ba_m4_n1000_seed600239574,ba,1000,3984,ilp,ilp,0,108,108.0,23.424621,True,True,108.0,"{""gap"": 0.0, ""status"": ""OPTIMAL"", ""time_limit"": 60.0}"
e1/ba_m4_n1000.npz,32,ba_m4_n1000_seed133161068,ba,1000,3984,greedy,greedy,0,114,114.0,0.003040,True,,,{}
e1/ba_m4_n1000.npz,32,ba_m4_n1000_seed133161068,ba,1000,3984,greedy_rr,greedy_rr,0,113,113.0,0.003973,True,,,{}
e1/ba_m4_n1000.npz,32,ba_m4_n1000_seed133161068,ba,1000,3984,greedy_rr_ls,greedy_rr_ls,0,109,109.0,1.004578,True,,,{}
e1/ba_m4_n1000.npz,32,ba_m4_n1000_seed133161068,ba,1000,3984,ilp,ilp,0,106,106.0,27.603236,True,True,106.0,"{""gap"": 0.0, ""status"": ""OPTIMAL"", ""time_limit"": 60.0}"
e1/ba_m4_n1000.npz,33,ba_m4_n1000_seed451981562,ba,1000,3984,greedy,greedy,0,113,113.0,0.003487,True,,,{}
e1/ba_m4_n1000.npz,33,ba_m4_n1000_seed451981562,ba,1000,3984,greedy_rr,greedy_rr,0,110,110.0,0.004414,True,,,{}
e1/ba_m4_n1000.npz,33,ba_m4_n1000_seed451981562,ba,1000,3984,greedy_rr_ls,greedy_rr_ls,0,107,107.0,1.005138,True,,,{}
e1/ba_m4_n1000.npz,33,ba_m4_n1000_seed451981562,ba,1000,3984,ilp,ilp,0,105,105.0,22.033586,True,True,105.0,"{""gap"": 0.0, ""status"": ""OPTIMAL"", ""time_limit"": 60.0}"
e1/ba_m4_n1000.npz,34,ba_m4_n1000_seed398579545,ba,1000,3984,greedy,greedy,0,110,110.0,0.004197,True,,,{}
e1/ba_m4_n1000.npz,34,ba_m4_n1000_seed398579545,ba,1000,3984,greedy_rr,greedy_rr,0,110,110.0,0.005448,True,,,{}
e1/ba_m4_n1000.npz,34,ba_m4_n1000_seed398579545,ba,1000,3984,greedy_rr_ls,greedy_rr_ls,0,108,108.0,1.006784,True,,,{}
e1/ba_m4_n1000.npz,34,ba_m4_n1000_seed398579545,ba,1000,3984,ilp,ilp,0,102,102.0,6.086519,True,True,102.0,"{""gap"": 0.0, ""status"": ""OPTIMAL"", ""time_limit"": 60.0}"
e1/ba_m4_n1000.npz,35,ba_m4_n1000_seed610513359,ba,1000,3984,greedy,greedy,0,117,117.0,0.003785,True,,,{}
e1/ba_m4_n1000.npz,35,ba_m4_n1000_seed610513359,ba,1000,3984,greedy_rr,greedy_rr,0,115,115.0,0.004481,True,,,{}
e1/ba_m4_n1000.npz,35,ba_m4_n1000_seed610513359,ba,1000,3984,greedy_rr_ls,greedy_rr_ls,0,112,112.0,1.004912,True,,,{}
e1/ba_m4_n1000.npz,35,ba_m4_n1000_seed610513359,ba,1000,3984,ilp,ilp,0,108,108.0,24.450497,True,True,108.0,"{""gap"": 0.0, ""status"": ""OPTIMAL"", ""time_limit"": 60.0}"
e1/ba_m4_n1000.npz,36,ba_m4_n1000_seed177874037,ba,1000,3984,greedy,greedy,0,117,117.0,0.004490,True,,,{}
e1/ba_m4_n1000.npz,36,ba_m4_n1000_seed177874037,ba,1000,3984,greedy_rr,greedy_rr,0,116,116.0,0.004393,True,,,{}
e1/ba_m4_n1000.npz,36,ba_m4_n1000_seed177874037,ba,1000,3984,greedy_rr_ls,greedy_rr_ls,0,113,113.0,1.005463,True,,,{}
e1/ba_m4_n1000.npz,36,ba_m4_n1000_seed177874037,ba,1000,3984,ilp,ilp,0,108,108.0,16.525776,True,True,108.0,"{""gap"": 0.0, ""status"": ""OPTIMAL"", ""time_limit"": 60.0}"
e1/ba_m4_n1000.npz,37,ba_m4_n1000_seed395637987,ba,1000,3984,greedy,greedy,0,118,118.0,0.004684,True,,,{}
e1/ba_m4_n1000.npz,37,ba_m4_n1000_seed395637987,ba,1000,3984,greedy_rr,greedy_rr,0,117,117.0,0.005533,True,,,{}
e1/ba_m4_n1000.npz,37,ba_m4_n1000_seed395637987,ba,1000,3984,greedy_rr_ls,greedy_rr_ls,0,116,116.0,1.008528,True,,,{}
e1/ba_m4_n1000.npz,37,ba_m4_n1000_seed395637987,ba,1000,3984,ilp,ilp,0,108,108.0,14.297464,True,True,108.0,"{""gap"": 0.0, ""status"": ""OPTIMAL"", ""time_limit"": 60.0}"
e1/ba_m4_n1000.npz,38,ba_m4_n1000_seed525835122,ba,1000,3984,greedy,greedy,0,115,115.0,0.003310,True,,,{}
e1/ba_m4_n1000.npz,38,ba_m4_n1000_seed525835122,ba,1000,3984,greedy_rr,greedy_rr,0,112,112.0,0.004066,True,,,{}
e1/ba_m4_n1000.npz,38,ba_m4_n1000_seed525835122,ba,1000,3984,greedy_rr_ls,greedy_rr_ls,0,109,109.0,1.007303,True,,,{}
e1/ba_m4_n1000.npz,38,ba_m4_n1000_seed525835122,ba,1000,3984,ilp,ilp,0,107,107.0,14.815118,True,True,107.0,"{""gap"": 0.0, ""status"": ""OPTIMAL"", ""time_limit"": 60.0}"
e1/ba_m4_n1000.npz,39,ba_m4_n1000_seed770536932,ba,1000,3984,greedy,greedy,0,122,122.0,0.005838,True,,,{}
e1/ba_m4_n1000.npz,39,ba_m4_n1000_seed770536932,ba,1000,3984,greedy_rr,greedy_rr,0,122,122.0,0.005136,True,,,{}
e1/ba_m4_n1000.npz,39,ba_m4_n1000_seed770536932,ba,1000,3984,greedy_rr_ls,greedy_rr_ls,0,116,116.0,1.005872,True,,,{}
e1/ba_m4_n1000.npz,39,ba_m4_n1000_seed770536932,ba,1000,3984,ilp,ilp,0,110,110.0,23.098716,True,True,110.0,"{""gap"": 0.0, ""status"": ""OPTIMAL"", ""time_limit"": 60.0}"
e1/ba_m4_n1000.npz,40,ba_m4_n1000_seed461918215,ba,1000,3984,greedy,greedy,0,112,112.0,0.006305,True,,,{}
e1/ba_m4_n1000.npz,40,ba_m4_n1000_seed461918215,ba,1000,3984,greedy_rr,greedy_rr,0,111,111.0,0.003978,True,,,{}
e1/ba_m4_n1000.npz,40,ba_m4_n1000_seed461918215,ba,1000,3984,greedy_rr_ls,greedy_rr_ls,0,109,109.0,1.005680,True,,,{}
e1/ba_m4_n1000.npz,40,ba_m4_n1000_seed461918215,ba,1000,3984,ilp,ilp,0,106,106.0,15.481825,True,True,106.0,"{""gap"": 0.0, ""status"": ""OPTIMAL"", ""time_limit"": 60.0}"
e1/ba_m4_n1000.npz,41,ba_m4_n1000_seed820819345,ba,1000,3984,greedy,greedy,0,111,111.0,0.002942,True,,,{}
e1/ba_m4_n1000.npz,41,ba_m4_n1000_seed820819345,ba,1000,3984,greedy_rr,greedy_rr,0,111,111.0,0.003656,True,,,{}
e1/ba_m4_n1000.npz,41,ba_m4_n1000_seed820819345,ba,1000,3984,greedy_rr_ls,greedy_rr_ls,0,108,108.0,1.004853,True,,,{}
e1/ba_m4_n1000.npz,41,ba_m4_n1000_seed820819345,ba,1000,3984,ilp,ilp,0,104,104.0,7.003615,True,True,104.0,"{""gap"": 0.0, ""status"": ""OPTIMAL"", ""time_limit"": 60.0}"
e1/ba_m4_n1000.npz,42,ba_m4_n1000_seed118720811,ba,1000,3984,greedy,greedy,0,121,121.0,0.004382,True,,,{}
e1/ba_m4_n1000.npz,42,ba_m4_n1000_seed118720811,ba,1000,3984,greedy_rr,greedy_rr,0,118,118.0,0.006175,True,,,{}
e1/ba_m4_n1000.npz,42,ba_m4_n1000_seed118720811,ba,1000,3984,greedy_rr_ls,greedy_rr_ls,0,114,114.0,1.007789,True,,,{}
e1/ba_m4_n1000.npz,42,ba_m4_n1000_seed118720811,ba,1000,3984,ilp,ilp,0,110,110.0,14.179504,True,True,110.0,"{""gap"": 0.0, ""status"": ""OPTIMAL"", ""time_limit"": 60.0}"
e1/ba_m4_n1000.npz,43,ba_m4_n1000_seed189533373,ba,1000,3984,greedy,greedy,0,115,115.0,0.003399,True,,,{}
e1/ba_m4_n1000.npz,43,ba_m4_n1000_seed189533373,ba,1000,3984,greedy_rr,greedy_rr,0,114,114.0,0.004707,True,,,{}
e1/ba_m4_n1000.npz,43,ba_m4_n1000_seed189533373,ba,1000,3984,greedy_rr_ls,greedy_rr_ls,0,111,111.0,1.007427,True,,,{}
e1/ba_m4_n1000.npz,43,ba_m4_n1000_seed189533373,ba,1000,3984,ilp,ilp,0,107,107.0,9.947090,True,True,107.0,"{""gap"": 0.0, ""status"": ""OPTIMAL"", ""time_limit"": 60.0}"
e1/ba_m4_n1000.npz,44,ba_m4_n1000_seed480119838,ba,1000,3984,greedy,greedy,0,109,109.0,0.006189,True,,,{}
e1/ba_m4_n1000.npz,44,ba_m4_n1000_seed480119838,ba,1000,3984,greedy_rr,greedy_rr,0,109,109.0,0.004603,True,,,{}
e1/ba_m4_n1000.npz,44,ba_m4_n1000_seed480119838,ba,1000,3984,greedy_rr_ls,greedy_rr_ls,0,107,107.0,1.008827,True,,,{}
e1/ba_m4_n1000.npz,44,ba_m4_n1000_seed480119838,ba,1000,3984,ilp,ilp,0,102,102.0,10.621368,True,True,102.0,"{""gap"": 0.0, ""status"": ""OPTIMAL"", ""time_limit"": 60.0}"
e1/ba_m4_n1000.npz,45,ba_m4_n1000_seed805859720,ba,1000,3984,greedy,greedy,0,121,121.0,0.004380,True,,,{}
e1/ba_m4_n1000.npz,45,ba_m4_n1000_seed805859720,ba,1000,3984,greedy_rr,greedy_rr,0,119,119.0,0.004092,True,,,{}
e1/ba_m4_n1000.npz,45,ba_m4_n1000_seed805859720,ba,1000,3984,greedy_rr_ls,greedy_rr_ls,0,112,112.0,1.005059,True,,,{}
e1/ba_m4_n1000.npz,45,ba_m4_n1000_seed805859720,ba,1000,3984,ilp,ilp,0,108,108.0,35.871300,True,True,108.0,"{""gap"": 0.0, ""status"": ""OPTIMAL"", ""time_limit"": 60.0}"
e1/ba_m4_n20.npz,0,ba_m4_n20_seed891187500,ba,20,64,greedy,greedy,0,3,3.0,0.000148,True,,,{}
e1/ba_m4_n20.npz,0,ba_m4_n20_seed891187500,ba,20,64,greedy_rr,greedy_rr,0,3,3.0,0.000187,True,,,{}
e1/ba_m4_n20.npz,0,ba_m4_n20_seed891187500,ba,20,64,greedy_rr_ls,greedy_rr_ls,0,3,3.0,0.000680,True,,,{}
e1/ba_m4_n20.npz,0,ba_m4_n20_seed891187500,ba,20,64,ilp,ilp,0,3,3.0,0.766367,True,True,3.0,"{""gap"": 0.0, ""status"": ""OPTIMAL"", ""time_limit"": 60.0}"
e1/ba_m4_n20.npz,1,ba_m4_n20_seed431778490,ba,20,64,greedy,greedy,0,3,3.0,0.000113,True,,,{}
e1/ba_m4_n20.npz,1,ba_m4_n20_seed431778490,ba,20,64,greedy_rr,greedy_rr,0,3,3.0,0.000125,True,,,{}
e1/ba_m4_n20.npz,1,ba_m4_n20_seed431778490,ba,20,64,greedy_rr_ls,greedy_rr_ls,0,3,3.0,0.000533,True,,,{}
e1/ba_m4_n20.npz,1,ba_m4_n20_seed431778490,ba,20,64,ilp,ilp,0,3,3.0,0.013843,True,True,3.0,"{""gap"": 0.0, ""status"": ""OPTIMAL"", ""time_limit"": 60.0}"
e1/ba_m4_n20.npz,2,ba_m4_n20_seed167325184,ba,20,64,greedy,greedy,0,3,3.0,0.000134,True,,,{}
e1/ba_m4_n20.npz,2,ba_m4_n20_seed167325184,ba,20,64,greedy_rr,greedy_rr,0,3,3.0,0.000122,True,,,{}
e1/ba_m4_n20.npz,2,ba_m4_n20_seed167325184,ba,20,64,greedy_rr_ls,greedy_rr_ls,0,3,3.0,0.000617,True,,,{}
e1/ba_m4_n20.npz,2,ba_m4_n20_seed167325184,ba,20,64,ilp,ilp,0,3,3.0,0.015046,True,True,3.0,"{""gap"": 0.0, ""status"": ""OPTIMAL"", ""time_limit"": 60.0}"
e1/ba_m4_n20.npz,3,ba_m4_n20_seed130189718,ba,20,64,greedy,greedy,0,4,4.0,0.000103,True,,,{}
e1/ba_m4_n20.npz,3,ba_m4_n20_seed130189718,ba,20,64,greedy_rr,greedy_rr,0,4,4.0,0.000126,True,,,{}
e1/ba_m4_n20.npz,3,ba_m4_n20_seed130189718,ba,20,64,greedy_rr_ls,greedy_rr_ls,0,4,4.0,0.001720,True,,,{}
e1/ba_m4_n20.npz,3,ba_m4_n20_seed130189718,ba,20,64,ilp,ilp,0,4,4.0,0.013110,True,True,4.0,"{""gap"": 0.0, ""status"": ""OPTIMAL"", ""time_limit"": 60.0}"
e1/ba_m4_n20.npz,4,ba_m4_n20_seed776680757,ba,20,64,greedy,greedy,0,3,3.0,0.000145,True,,,{}
e1/ba_m4_n20.npz,4,ba_m4_n20_seed776680757,ba,20,64,greedy_rr,greedy_rr,0,3,3.0,0.000214,True,,,{}
e1/ba_m4_n20.npz,4,ba_m4_n20_seed776680757,ba,20,64,greedy_rr_ls,greedy_rr_ls,0,3,3.0,0.000722,True,,,{}
e1/ba_m4_n20.npz,4,ba_m4_n20_seed776680757,ba,20,64,ilp,ilp,0,3,3.0,0.013692,True,True,3.0,"{""gap"": 0.0, ""status"": ""OPTIMAL"", ""time_limit"": 60.0}"
e1/ba_m4_n20.npz,5,ba_m4_n20_seed551497379,ba,20,64,greedy,greedy,0,3,3.0,0.000122,True,,,{}
e1/ba_m4_n20.npz,5,ba_m4_n20_seed551497379,ba,20,64,greedy_rr,greedy_rr,0,3,3.0,0.000115,True,,,{}
e1/ba_m4_n20.npz,5,ba_m4_n20_seed551497379,ba,20,64,greedy_rr_ls,greedy_rr_ls,0,3,3.0,0.000273,True,,,{}
e1/ba_m4_n20.npz,5,ba_m4_n20_seed551497379,ba,20,64,ilp,ilp,0,3,3.0,0.014301,True,True,3.0,"{""gap"": 0.0, ""status"": ""OPTIMAL"", ""time_limit"": 60.0}"
e1/ba_m4_n20.npz,6,ba_m4_n20_seed252539417,ba,20,64,greedy,greedy,0,3,3.0,0.000106,True,,,{}
e1/ba_m4_n20.npz,6,ba_m4_n20_seed252539417,ba,20,64,greedy_rr,greedy_rr,0,3,3.0,0.000118,True,,,{}
e1/ba_m4_n20.npz,6,ba_m4_n20_seed252539417,ba,20,64,greedy_rr_ls,greedy_rr_ls,0,3,3.0,0.000270,True,,,{}
e1/ba_m4_n20.npz,6,ba_m4_n20_seed252539417,ba,20,64,ilp,ilp,0,3,3.0,0.014534,True,True,3.0,"{""gap"": 0.0, ""status"": ""OPTIMAL"", ""time_limit"": 60.0}"
e1/ba_m4_n20.npz,7,ba_m4_n20_seed48024975,ba,20,64,greedy,greedy,0,3,3.0,0.000117,True,,,{}
e1/ba_m4_n20.npz,7,ba_m4_n20_seed48024975,ba,20,64,greedy_rr,greedy_rr,0,3,3.0,0.000146,True,,,{}
e1/ba_m4_n20.npz,7,ba_m4_n20_seed48024975,ba,20,64,greedy_rr_ls,greedy_rr_ls,0,3,3.0,0.000512,True,,,{}
e1/ba_m4_n20.npz,7,ba_m4_n20_seed48024975,ba,20,64,ilp,ilp,0,3,3.0,0.013573,True,True,3.0,"{""gap"": 0.0, ""status"": ""OPTIMAL"", ""time_limit"": 60.0}"
e1/ba_m4_n20.npz,8,ba_m4_n20_seed922024222,ba,20,64,greedy,greedy,0,3,3.0,0.000108,True,,,{}
e1/ba_m4_n20.npz,8,ba_m4_n20_seed922024222,ba,20,64,greedy_rr,greedy_rr,0,3,3.0,0.000140,True,,,{}
e1/ba_m4_n20.npz,8,ba_m4_n20_seed922024222,ba,20,64,greedy_rr_ls,greedy_rr_ls,0,3,3.0,0.000362,True,,,{}
e1/ba_m4_n20.npz,8,ba_m4_n20_seed922024222,ba,20,64,ilp,ilp,0,3,3.0,0.015862,True,True,3.0,"{""gap"": 0.0, ""status"": ""OPTIMAL"", ""time_limit"": 60.0}"
e1/ba_m4_n20.npz,9,ba_m4_n20_seed664072840,ba,20,64,greedy,greedy,0,4,4.0,0.000111,True,,,{}
e1/ba_m4_n20.npz,9,ba_m4_n20_seed664072840,ba,20,64,greedy_rr,greedy_rr,0,4,4.0,0.000119,True,,,{}
e1/ba_m4_n20.npz,9,ba_m4_n20_seed664072840,ba,20,64,greedy_rr_ls,greedy_rr_ls,0,4,4.0,0.000732,True,,,{}
e1/ba_m4_n20.npz,9,ba_m4_n20_seed664072840,ba,20,64,ilp,ilp,0,4,4.0,0.012607,True,True,4.0,"{""gap"": 0.0, ""status"": ""OPTIMAL"", ""time_limit"": 60.0}"
e1/ba_m4_n20.npz,10,ba_m4_n20_seed156066800,ba,20,64,greedy,greedy,0,3,3.0,0.000106,True,,,{}
e1/ba_m4_n20.npz,10,ba_m4_n20_seed156066800,ba,20,64,greedy_rr,greedy_rr,0,3,3.0,0.000116,True,,,{}
e1/ba_m4_n20.npz,10,ba_m4_n20_seed156066800,ba,20,64,greedy_rr_ls,greedy_rr_ls,0,3,3.0,0.000434,True,,,{}
e1/ba_m4_n20.npz,10,ba_m4_n20_seed156066800,ba,20,64,ilp,ilp,0,3,3.0,0.014986,True,True,3.0,"{""gap"": 0.0, ""status"": ""OPTIMAL"", ""time_limit"": 60.0}"
e1/ba_m4_n20.npz,11,ba_m4_n20_seed870915430,ba,20,64,greedy,greedy,0,3,3.0,0.000181,True,,,{}
e1/ba_m4_n20.npz,11,ba_m4_n20_seed870915430,ba,20,64,greedy_rr,greedy_rr,0,3,3.0,0.000251,True,,,{}
e1/ba_m4_n20.npz,11,ba_m4_n20_seed870915430,ba,20,64,greedy_rr_ls,greedy_rr_ls,0,3,3.0,0.000403,True,,,{}
e1/ba_m4_n20.npz,11,ba_m4_n20_seed870915430,ba,20,64,ilp,ilp,0,3,3.0,0.013075,True,True,3.0,"{""gap"": 0.0, ""status"": ""OPTIMAL"", ""time_limit"": 60.0}"
e1/ba_m4_n20.npz,12,ba_m4_n20_seed866925276,ba,20,64,greedy,greedy,0,2,2.0,0.000110,True,,,{}
e1/ba_m4_n20.npz,12,ba_m4_n20_seed866925276,ba,20,64,greedy_rr,greedy_rr,0,2,2.0,0.000136,True,,,{}
e1/ba_m4_n20.npz,12,ba_m4_n20_seed866925276,ba,20,64,greedy_rr_ls,greedy_rr_ls,0,2,2.0,0.000335,True,,,{}
e1/ba_m4_n20.npz,12,ba_m4_n20_seed866925276,ba,20,64,ilp,ilp,0,2,2.0,0.014397,True,True,2.0,"{""gap"": 0.0, ""status"": ""OPTIMAL"", ""time_limit"": 60.0}"
e1/ba_m4_n20.npz,13,ba_m4_n20_seed722378826,ba,20,64,greedy,greedy,0,3,3.0,0.000105,True,,,{}
e1/ba_m4_n20.npz,13,ba_m4_n20_seed722378826,ba,20,64,greedy_rr,greedy_rr,0,3,3.0,0.000121,True,,,{}
e1/ba_m4_n20.npz,13,ba_m4_n20_seed722378826,ba,20,64,greedy_rr_ls,greedy_rr_ls,0,3,3.0,0.000326,True,,,{}
e1/ba_m4_n20.npz,13,ba_m4_n20_seed722378826,ba,20,64,ilp,ilp,0,3,3.0,0.013985,True,True,3.0,"{""gap"": 0.0, ""status"": ""OPTIMAL"", ""time_limit"": 60.0}"
e1/ba_m4_n20.npz,14,ba_m4_n20_seed145205225,ba,20,64,greedy,greedy,0,2,2.0,0.000107,True,,,{}
e1/ba_m4_n20.npz,14,ba_m4_n20_seed145205225,ba,20,64,greedy_rr,greedy_rr,0,2,2.0,0.000119,True,,,{}
e1/ba_m4_n20.npz,14,ba_m4_n20_seed145205225,ba,20,64,greedy_rr_ls,greedy_rr_ls,0,2,2.0,0.000305,True,,,{}
e1/ba_m4_n20.npz,14,ba_m4_n20_seed145205225,ba,20,64,ilp,ilp,0,2,2.0,0.015085,True,True,2.0,"{""gap"": 0.0, ""status"": ""OPTIMAL"", ""time_limit"": 60.0}"
e1/ba_m4_n20.npz,15,ba_m4_n20_seed893215103,ba,20,64,greedy,greedy,0,3,3.0,0.000123,True,,,{}
e1/ba_m4_n20.npz,15,ba_m4_n20_seed893215103,ba,20,64,greedy_rr,greedy_rr,0,3,3.0,0.000147,True,,,{}
e1/ba_m4_n20.npz,15,ba_m4_n20_seed893215103,ba,20,64,greedy_rr_ls,greedy_rr_ls,0,3,3.0,0.000792,True,,,{}
e1/ba_m4_n20.npz,15,ba_m4_n20_seed893215103,ba,20,64,ilp,ilp,0,3,3.0,0.013533,True,True,3.0,"{""gap"": 0.0, ""status"": ""OPTIMAL"", ""time_limit"": 60.0}"
e1/ba_m4_n20.npz,16,ba_m4_n20_seed923729605,ba,20,64,greedy,greedy,0,3,3.0,0.000124,True,,,{}
e1/ba_m4_n20.npz,16,ba_m4_n20_seed923729605,ba,20,64,greedy_rr,greedy_rr,0,3,3.0,0.000163,True,,,{}
e1/ba_m4_n20.npz,16,ba_m4_n20_seed923729605,ba,20,64,greedy_rr_ls,greedy_rr_ls,0,3,3.0,0.000730,True,,,{}
e1/ba_m4_n20.npz,16,ba_m4_n20_seed923729605,ba,20,64,ilp,ilp,0,3,3.0,0.014027,True,True,3.0,"{""gap"": 0.0, ""status"": ""OPTIMAL"", ""time_limit"": 60.0}"
e1/ba_m4_n20.npz,17,ba_m4_n20_seed679175251,ba,20,64,greedy,greedy,0,3,3.0,0.000138,True,,,{}
e1/ba_m4_n20.npz,17,ba_m4_n20_seed679175251,ba,20,64,greedy_rr,greedy_rr,0,3,3.0,0.000196,True,,,{}
e1/ba_m4_n20.npz,17,ba_m4_n20_seed679175251,ba,20,64,greedy_rr_ls,greedy_rr_ls,0,3,3.0,0.000759,True,,,{}
e1/ba_m4_n20.npz,17,ba_m4_n20_seed679175251,ba,20,64,ilp,ilp,0,3,3.0,0.013885,True,True,3.0,"{""gap"": 0.0, ""status"": ""OPTIMAL"", ""time_limit"": 60.0}"
e1/ba_m4_n20.npz,18,ba_m4_n20_seed250735554,ba,20,64,greedy,greedy,0,3,3.0,0.000104,True,,,{}
e1/ba_m4_n20.npz,18,ba_m4_n20_seed250735554,ba,20,64,greedy_rr,greedy_rr,0,3,3.0,0.000131,True,,,{}
e1/ba_m4_n20.npz,18,ba_m4_n20_seed250735554,ba,20,64,greedy_rr_ls,greedy_rr_ls,0,3,3.0,0.000743,True,,,{}
e1/ba_m4_n20.npz,18,ba_m4_n20_seed250735554,ba,20,64,ilp,ilp,0,3,3.0,0.013201,True,True,3.0,"{""gap"": 0.0, ""status"": ""OPTIMAL"", ""time_limit"": 60.0}"
e1/ba_m4_n20.npz,19,ba_m4_n20_seed33086292,ba,20,64,greedy,greedy,0,3,3.0,0.000137,True,,,{}
e1/ba_m4_n20.npz,19,ba_m4_n20_seed33086292,ba,20,64,greedy_rr,greedy_rr,0,3,3.0,0.000123,True,,,{}
e1/ba_m4_n20.npz,19,ba_m4_n20_seed33086292,ba,20,64,greedy_rr_ls,greedy_rr_ls,0,3,3.0,0.000392,True,,,{}
e1/ba_m4_n20.npz,19,ba_m4_n20_seed33086292,ba,20,64,ilp,ilp,0,3,3.0,0.014086,True,True,3.0,"{""gap"": 0.0, ""status"": ""OPTIMAL"", ""time_limit"": 60.0}"
e1/ba_m4_n20.npz,20,ba_m4_n20_seed879243955,ba,20,64,greedy,greedy,0,4,4.0,0.000196,True,,,{}
e1/ba_m4_n20.npz,20,ba_m4_n20_seed879243955,ba,20,64,greedy_rr,greedy_rr,0,4,4.0,0.000208,True,,,{}
e1/ba_m4_n20.npz,20,ba_m4_n20_seed879243955,ba,20,64,greedy_rr_ls,greedy_rr_ls,0,3,3.0,0.000553,True,,,{}
e1/ba_m4_n20.npz,20,ba_m4_n20_seed879243955,ba,20,64,ilp,ilp,0,3,3.0,0.014164,True,True,3.0,"{""gap"": 0.0, ""status"": ""OPTIMAL"", ""time_limit"": 60.0}"
e1/ba_m4_n20.npz,21,ba_m4_n20_seed419286309,ba,20,64,greedy,greedy,0,3,3.0,0.000108,True,,,{}
e1/ba_m4_n20.npz,21,ba_m4_n20_seed419286309,ba,20,64,greedy_rr,greedy_rr,0,3,3.0,0.000120,True,,,{}
e1/ba_m4_n20.npz,21,ba_m4_n20_seed419286309,ba,20,64,greedy_rr_ls,greedy_rr_ls,0,3,3.0,0.000294,True,,,{}
e1/ba_m4_n20.npz,21,ba_m4_n20_seed419286309,ba,20,64,ilp,ilp,0,3,3.0,0.014542,True,True,3.0,"{""gap"": 0.0, ""status"": ""OPTIMAL"", ""time_limit"": 60.0}"
e1/ba_m4_n20.npz,22,ba_m4_n20_seed181372831,ba,20,64,greedy,greedy,0,3,3.0,0.000120,True,,,{}
e1/ba_m4_n20.npz,22,ba_m4_n20_seed181372831,ba,20,64,greedy_rr,greedy_rr,0,3,3.0,0.000119,True,,,{}
e1/ba_m4_n20.npz,22,ba_m4_n20_seed181372831,ba,20,64,greedy_rr_ls,greedy_rr_ls,0,3,3.0,0.000374,True,,,{}
e1/ba_m4_n20.npz,22,ba_m4_n20_seed181372831,ba,20,64,ilp,ilp,0,3,3.0,0.014357,True,True,3.0,"{""gap"": 0.0, ""status"": ""OPTIMAL"", ""time_limit"": 60.0}"
e1/ba_m4_n20.npz,23,ba_m4_n20_seed144770057,ba,20,64,greedy,greedy,0,4,4.0,0.000109,True,,,{}
e1/ba_m4_n20.npz,23,ba_m4_n20_seed144770057,ba,20,64,greedy_rr,greedy_rr,0,4,4.0,0.000122,True,,,{}
e1/ba_m4_n20.npz,23,ba_m4_n20_seed144770057,ba,20,64,greedy_rr_ls,greedy_rr_ls,0,4,4.0,0.000872,True,,,{}
e1/ba_m4_n20.npz,23,ba_m4_n20_seed144770057,ba,20,64,ilp,ilp,0,4,4.0,0.013820,True,True,4.0,"{""gap"": 0.0, ""status"": ""OPTIMAL"", ""time_limit"": 60.0}"
e1/ba_m4_n20.npz,24,ba_m4_n20_seed764212906,ba,20,64,greedy,greedy,0,4,4.0,0.000113,True,,,{}
e1/ba_m4_n20.npz,24,ba_m4_n20_seed764212906,ba,20,64,greedy_rr,greedy_rr,0,4,4.0,0.000178,True,,,{}
e1/ba_m4_n20.npz,24,ba_m4_n20_seed764212906,ba,20,64,greedy_rr_ls,greedy_rr_ls,0,4,4.0,0.000609,True,,,{}
e1/ba_m4_n20.npz,24,ba_m4_n20_seed764212906,ba,20,64,ilp,ilp,0,4,4.0,0.014115,True,True,4.0,"{""gap"": 0.0, ""status"": ""OPTIMAL"", ""time_limit"": 60.0}"
e1/ba_m4_n20.npz,25,ba_m4_n20_seed539529532,ba,20,64,greedy,greedy,0,3,3.0,0.000097,True,,,{}
e1/ba_m4_n20.npz,25,ba_m4_n20_seed539529532,ba,20,64,greedy_rr,greedy_rr,0,3,3.0,0.000112,True,,,{}
e1/ba_m4_n20.npz,25,ba_m4_n20_seed539529532,ba,20,64,greedy_rr_ls,greedy_rr_ls,0,3,3.0,0.000538,True,,,{}
e1/ba_m4_n20.npz,25,ba_m4_n20_seed539529532,ba,20,64,ilp,ilp,0,3,3.0,0.015015,True,True,3.0,"{""gap"": 0.0, ""status"": ""OPTIMAL"", ""time_limit"": 60.0}"
e1/ba_m4_n20.npz,26,ba_m4_n20_seed267111302,ba,20,64,greedy,greedy,0,2,2.0,0.000120,True,,,{}
e1/ba_m4_n20.npz,26,ba_m4_n20_seed267111302,ba,20,64,greedy_rr,greedy_rr,0,2,2.0,0.000155,True,,,{}
e1/ba_m4_n20.npz,26,ba_m4_n20_seed267111302,ba,20,64,greedy_rr_ls,greedy_rr_ls,0,2,2.0,0.000337,True,,,{}
e1/ba_m4_n20.npz,26,ba_m4_n20_seed267111302,ba,20,64,ilp,ilp,0,2,2.0,0.014096,True,True,2.0,"{""gap"": 0.0, ""status"": ""OPTIMAL"", ""time_limit"": 60.0}"
e1/ba_m4_n20.npz,27,ba_m4_n20_seed62081040,ba,20,64,greedy,greedy,0,4,4.0,0.000148,True,,,{}
e1/ba_m4_n20.npz,27,ba_m4_n20_seed62081040,ba,20,64,greedy_rr,greedy_rr,0,4,4.0,0.000165,True,,,{}
e1/ba_m4_n20.npz,27,ba_m4_n20_seed62081040,ba,20,64,greedy_rr_ls,greedy_rr_ls,0,3,3.0,0.000418,True,,,{}
e1/ba_m4_n20.npz,27,ba_m4_n20_seed62081040,ba,20,64,ilp,ilp,0,3,3.0,0.014787,True,True,3.0,"{""gap"": 0.0, ""status"": ""OPTIMAL"", ""time_limit"": 60.0}"
e1/ba_m4_n20.npz,28,ba_m4_n20_seed639548033,ba,20,64,greedy,greedy,0,2,2.0,0.000112,True,,,{}
e1/ba_m4_n20.npz,28,ba_m4_n20_seed639548033,ba,20,64,greedy_rr,greedy_rr,0,2,2.0,0.000110,True,,,{}
e1/ba_m4_n20.npz,28,ba_m4_n20_seed639548033,ba,20,64,greedy_rr_ls,greedy_rr_ls,0,2,2.0,0.000264,True,,,{}
e1/ba_m4_n20.npz,28,ba_m4_n20_seed639548033,ba,20,64,ilp,ilp,0,2,2.0,0.015042,True,True,2.0,"{""gap"": 0.0, ""status"": ""OPTIMAL"", ""time_limit"": 60.0}"
e1/ba_m4_n20.npz,29,ba_m4_n20_seed381048087,ba,20,64,greedy,greedy,0,4,4.0,0.000128,True,,,{}
e1/ba_m4_n20.npz,29,ba_m4_n20_seed381048087,ba,20,64,greedy_rr,greedy_rr,0,4,4.0,0.000183,True,,,{}
e1/ba_m4_n20.npz,29,ba_m4_n20_seed381048087,ba,20,64,greedy_rr_ls,greedy_rr_ls,0,4,4.0,0.001366,True,,,{}
e1/ba_m4_n20.npz,29,ba_m4_n20_seed381048087,ba,20,64,ilp,ilp,0,4,4.0,0.012850,True,True,4.0,"{""gap"": 0.0, ""status"": ""OPTIMAL"", ""time_limit"": 60.0}"
e1/ba_m4_n20.npz,30,ba_m4_n20_seed996082034,ba,20,64,greedy,greedy,0,3,3.0,0.000130,True,,,{}
e1/ba_m4_n20.npz,30,ba_m4_n20_seed996082034,ba,20,64,greedy_rr,greedy_rr,0,3,3.0,0.000203,True,,,{}
e1/ba_m4_n20.npz,30,ba_m4_n20_seed996082034,ba,20,64,greedy_rr_ls,greedy_rr_ls,0,3,3.0,0.000434,True,,,{}
e1/ba_m4_n20.npz,30,ba_m4_n20_seed996082034,ba,20,64,ilp,ilp,0,3,3.0,0.014953,True,True,3.0,"{""gap"": 0.0, ""status"": ""OPTIMAL"", ""time_limit"": 60.0}"
e1/ba_m4_n20.npz,31,ba_m4_n20_seed32963556,ba,20,64,greedy,greedy,0,3,3.0,0.000149,True,,,{}
e1/ba_m4_n20.npz,31,ba_m4_n20_seed32963556,ba,20,64,greedy_rr,greedy_rr,0,3,3.0,0.000232,True,,,{}
e1/ba_m4_n20.npz,31,ba_m4_n20_seed32963556,ba,20,64,greedy_rr_ls,greedy_rr_ls,0,3,3.0,0.000700,True,,,{}
e1/ba_m4_n20.npz,31,ba_m4_n20_seed32963556,ba,20,64,ilp,ilp,0,3,3.0,0.014206,True,True,3.0,"{""gap"": 0.0, ""status"": ""OPTIMAL"", ""time_limit"": 60.0}"
e1/ba_m4_n20.npz,32,ba_m4_n20_seed565876830,ba,20,64,greedy,greedy,0,3,3.0,0.000106,True,,,{}
e1/ba_m4_n20.npz,32,ba_m4_n20_seed565876830,ba,20,64,greedy_rr,greedy_rr,0,3,3.0,0.000122,True,,,{}
e1/ba_m4_n20.npz,32,ba_m4_n20_seed565876830,ba,20,64,greedy_rr_ls,greedy_rr_ls,0,3,3.0,0.000587,True,,,{}
e1/ba_m4_n20.npz,32,ba_m4_n20_seed565876830,ba,20,64,ilp,ilp,0,3,3.0,0.013920,True,True,3.0,"{""gap"": 0.0, ""status"": ""OPTIMAL"", ""time_limit"": 60.0}"
e1/ba_m4_n20.npz,33,ba_m4_n20_seed25556168,ba,20,64,greedy,greedy,0,3,3.0,0.000142,True,,,{}
e1/ba_m4_n20.npz,33,ba_m4_n20_seed25556168,ba,20,64,greedy_rr,greedy_rr,0,3,3.0,0.000216,True,,,{}
e1/ba_m4_n20.npz,33,ba_m4_n20_seed25556168,ba,20,64,greedy_rr_ls,greedy_rr_ls,0,3,3.0,0.000438,True,,,{}
e1/ba_m4_n20.npz,33,ba_m4_n20_seed25556168,ba,20,64,ilp,ilp,0,3,3.0,0.013634,True,True,3.0,"{""gap"": 0.0, ""status"": ""OPTIMAL"", ""time_limit"": 60.0}"
e1/ba_m4_n20.npz,34,ba_m4_n20_seed913425771,ba,20,64,greedy,greedy,0,2,2.0,0.000098,True,,,{}
e1/ba_m4_n20.npz,34,ba_m4_n20_seed913425771,ba,20,64,greedy_rr,greedy_rr,0,2,2.0,0.000120,True,,,{}
e1/ba_m4_n20.npz,34,ba_m4_n20_seed913425771,ba,20,64,greedy_rr_ls,greedy_rr_ls,0,2,2.0,0.000290,True,,,{}
e1/ba_m4_n20.npz,34,ba_m4_n20_seed913425771,ba,20,64,ilp,ilp,0,2,2.0,0.015781,True,True,2.0,"{""gap"": 0.0, ""status"": ""OPTIMAL"", ""time_limit"": 60.0}"
e1/ba_m4_n20.npz,35,ba_m4_n20_seed118734845,ba,20,64,greedy,greedy,0,3,3.0,0.000170,True,,,{}
e1/ba_m4_n20.npz,35,ba_m4_n20_seed118734845,ba,20,64,greedy_rr,greedy_rr,0,3,3.0,0.000182,True,,,{}
e1/ba_m4_n20.npz,35,ba_m4_n20_seed118734845,ba,20,64,greedy_rr_ls,greedy_rr_ls,0,3,3.0,0.000550,True,,,{}
e1/ba_m4_n20.npz,35,ba_m4_n20_seed118734845,ba,20,64,ilp,ilp,0,3,3.0,0.014137,True,True,3.0,"{""gap"": 0.0, ""status"": ""OPTIMAL"", ""time_limit"": 60.0}"
e1/ba_m4_n20.npz,36,ba_m4_n20_seed686087239,ba,20,64,greedy,greedy,0,2,2.0,0.000145,True,,,{}
e1/ba_m4_n20.npz,36,ba_m4_n20_seed686087239,ba,20,64,greedy_rr,greedy_rr,0,2,2.0,0.000130,True,,,{}
e1/ba_m4_n20.npz,36,ba_m4_n20_seed686087239,ba,20,64,greedy_rr_ls,greedy_rr_ls,0,2,2.0,0.000857,True,,,{}
e1/ba_m4_n20.npz,36,ba_m4_n20_seed686087239,ba,20,64,ilp,ilp,0,2,2.0,0.014415,True,True,2.0,"{""gap"": 0.0, ""status"": ""OPTIMAL"", ""time_limit"": 60.0}"
e1/ba_m4_n20.npz,37,ba_m4_n20_seed910492369,ba,20,64,greedy,greedy,0,3,3.0,0.000138,True,,,{}
e1/ba_m4_n20.npz,37,ba_m4_n20_seed910492369,ba,20,64,greedy_rr,greedy_rr,0,3,3.0,0.000181,True,,,{}
e1/ba_m4_n20.npz,37,ba_m4_n20_seed910492369,ba,20,64,greedy_rr_ls,greedy_rr_ls,0,3,3.0,0.000379,True,,,{}
e1/ba_m4_n20.npz,37,ba_m4_n20_seed910492369,ba,20,64,ilp,ilp,0,3,3.0,0.014584,True,True,3.0,"{""gap"": 0.0, ""status"": ""OPTIMAL"", ""time_limit"": 60.0}"
e1/ba_m4_n20.npz,38,ba_m4_n20_seed26001216,ba,20,64,greedy,greedy,0,3,3.0,0.000120,True,,,{}
e1/ba_m4_n20.npz,38,ba_m4_n20_seed26001216,ba,20,64,greedy_rr,greedy_rr,0,3,3.0,0.000157,True,,,{}
e1/ba_m4_n20.npz,38,ba_m4_n20_seed26001216,ba,20,64,greedy_rr_ls,greedy_rr_ls,0,3,3.0,0.000749,True,,,{}
e1/ba_m4_n20.npz,38,ba_m4_n20_seed26001216,ba,20,64,ilp,ilp,0,3,3.0,0.013633,True,True,3.0,"{""gap"": 0.0, ""status"": ""OPTIMAL"", ""time_limit"": 60.0}"
e1/ba_m4_n20.npz,39,ba_m4_n20_seed264078294,ba,20,64,greedy,greedy,0,3,3.0,0.000103,True,,,{}
e1/ba_m4_n20.npz,39,ba_m4_n20_seed264078294,ba,20,64,greedy_rr,greedy_rr,0,3,3.0,0.000123,True,,,{}
e1/ba_m4_n20.npz,39,ba_m4_n20_seed264078294,ba,20,64,greedy_rr_ls,greedy_rr_ls,0,3,3.0,0.000580,True,,,{}
e1/ba_m4_n20.npz,39,ba_m4_n20_seed264078294,ba,20,64,ilp,ilp,0,3,3.0,0.014240,True,True,3.0,"{""gap"": 0.0, ""status"": ""OPTIMAL"", ""time_limit"": 60.0}"
e1/ba_m4_n20.npz,40,ba_m4_n20_seed976773685,ba,20,64,greedy,greedy,0,3,3.0,0.000104,True,,,{}
e1/ba_m4_n20.npz,40,ba_m4_n20_seed976773685,ba,20,64,greedy_rr,greedy_rr,0,3,3.0,0.000126,True,,,{}
e1/ba_m4_n20.npz,40,ba_m4_n20_seed976773685,ba,20,64,greedy_rr_ls,greedy_rr_ls,0,3,3.0,0.000652,True,,,{}
e1/ba_m4_n20.npz,40,ba_m4_n20_seed976773685,ba,20,64,ilp,ilp,0,3,3.0,0.014827,True,True,3.0,"{""gap"": 0.0, ""status"": ""OPTIMAL"", ""time_limit"": 60.0}"
e1/ba_m4_n20.npz,41,ba_m4_n20_seed329033635,ba,20,64,greedy,greedy,0,3,3.0,0.000127,True,,,{}
e1/ba_m4_n20.npz,41,ba_m4_n20_seed329033635,ba,20,64,greedy_rr,greedy_rr,0,3,3.0,0.000159,True,,,{}
e1/ba_m4_n20.npz,41,ba_m4_n20_seed329033635,ba,20,64,greedy_rr_ls,greedy_rr_ls,0,3,3.0,0.000367,True,,,{}
e1/ba_m4_n20.npz,41,ba_m4_n20_seed329033635,ba,20,64,ilp,ilp,0,3,3.0,0.012416,True,True,3.0,"{""gap"": 0.0, ""status"": ""OPTIMAL"", ""time_limit"": 60.0}"
e1/ba_m4_n20.npz,42,ba_m4_n20_seed626943257,ba,20,64,greedy,greedy,0,3,3.0,0.000115,True,,,{}
e1/ba_m4_n20.npz,42,ba_m4_n20_seed626943257,ba,20,64,greedy_rr,greedy_rr,0,3,3.0,0.000121,True,,,{}
e1/ba_m4_n20.npz,42,ba_m4_n20_seed626943257,ba,20,64,greedy_rr_ls,greedy_rr_ls,0,3,3.0,0.000657,True,,,{}
e1/ba_m4_n20.npz,42,ba_m4_n20_seed626943257,ba,20,64,ilp,ilp,0,3,3.0,0.014199,True,True,3.0,"{""gap"": 0.0, ""status"": ""OPTIMAL"", ""time_limit"": 60.0}"
e1/ba_m4_n20.npz,43,ba_m4_n20_seed704380559,ba,20,64,greedy,greedy,0,3,3.0,0.000108,True,,,{}
e1/ba_m4_n20.npz,43,ba_m4_n20_seed704380559,ba,20,64,greedy_rr,greedy_rr,0,2,2.0,0.000155,True,,,{}
e1/ba_m4_n20.npz,43,ba_m4_n20_seed704380559,ba,20,64,greedy_rr_ls,greedy_rr_ls,0,2,2.0,0.000306,True,,,{}
e1/ba_m4_n20.npz,43,ba_m4_n20_seed704380559,ba,20,64,ilp,ilp,0,2,2.0,0.014149,True,True,2.0,"{""gap"": 0.0, ""status"": ""OPTIMAL"", ""time_limit"": 60.0}"
e1/ba_m4_n20.npz,44,ba_m4_n20_seed53695532,ba,20,64,greedy,greedy,0,3,3.0,0.000146,True,,,{}
e1/ba_m4_n20.npz,44,ba_m4_n20_seed53695532,ba,20,64,greedy_rr,greedy_rr,0,3,3.0,0.000167,True,,,{}
e1/ba_m4_n20.npz,44,ba_m4_n20_seed53695532,ba,20,64,greedy_rr_ls,greedy_rr_ls,0,3,3.0,0.001077,True,,,{}
e1/ba_m4_n20.npz,44,ba_m4_n20_seed53695532,ba,20,64,ilp,ilp,0,3,3.0,0.011973,True,True,3.0,"{""gap"": 0.0, ""status"": ""OPTIMAL"", ""time_limit"": 60.0}"
e1/ba_m4_n20.npz,45,ba_m4_n20_seed238576570,ba,20,64,greedy,greedy,0,4,4.0,0.000097,True,,,{}
e1/ba_m4_n20.npz,45,ba_m4_n20_seed238576570,ba,20,64,greedy_rr,greedy_rr,0,4,4.0,0.000124,True,,,{}
e1/ba_m4_n20.npz,45,ba_m4_n20_seed238576570,ba,20,64,greedy_rr_ls,greedy_rr_ls,0,3,3.0,0.000339,True,,,{}
e1/ba_m4_n20.npz,45,ba_m4_n20_seed238576570,ba,20,64,ilp,ilp,0,3,3.0,0.016053,True,True,3.0,"{""gap"": 0.0, ""status"": ""OPTIMAL"", ""time_limit"": 60.0}"
e1/ba_m4_n20.npz,46,ba_m4_n20_seed504078592,ba,20,64,greedy,greedy,0,3,3.0,0.000155,True,,,{}
e1/ba_m4_n20.npz,46,ba_m4_n20_seed504078592,ba,20,64,greedy_rr,greedy_rr,0,3,3.0,0.000134,True,,,{}
e1/ba_m4_n20.npz,46,ba_m4_n20_seed504078592,ba,20,64,greedy_rr_ls,greedy_rr_ls,0,3,3.0,0.000639,True,,,{}
e1/ba_m4_n20.npz,46,ba_m4_n20_seed504078592,ba,20,64,ilp,ilp,0,3,3.0,0.007517,True,True,3.0,"{""gap"": 0.0, ""status"": ""OPTIMAL"", ""time_limit"": 60.0}"
e1/ba_m4_n20.npz,47,ba_m4_n20_seed815741590,ba,20,64,greedy,greedy,0,4,4.0,0.000111,True,,,{}
e1/ba_m4_n20.npz,47,ba_m4_n20_seed815741590,ba,20,64,greedy_rr,greedy_rr,0,4,4.0,0.000121,True,,,{}
e1/ba_m4_n20.npz,47,ba_m4_n20_seed815741590,ba,20,64,greedy_rr_ls,greedy_rr_ls,0,4,4.0,0.000677,True,,,{}
e1/ba_m4_n20.npz,47,ba_m4_n20_seed815741590,ba,20,64,ilp,ilp,0,4,4.0,0.015101,True,True,4.0,"{""gap"": 0.0, ""status"": ""OPTIMAL"", ""time_limit"": 60.0}"
e1/ba_m4_n20.npz,48,ba_m4_n20_seed931392007,ba,20,64,greedy,greedy,0,2,2.0,0.000096,True,,,{}
e1/ba_m4_n20.npz,48,ba_m4_n20_seed931392007,ba,20,64,greedy_rr,greedy_rr,0,2,2.0,0.000111,True,,,{}
e1/ba_m4_n20.npz,48,ba_m4_n20_seed931392007,ba,20,64,greedy_rr_ls,greedy_rr_ls,0,2,2.0,0.000558,True,,,{}
e1/ba_m4_n20.npz,48,ba_m4_n20_seed931392007,ba,20,64,ilp,ilp,0,2,2.0,0.014471,True,True,2.0,"{""gap"": 0.0, ""status"": ""OPTIMAL"", ""time_limit"": 60.0}"
e1/ba_m4_n20.npz,49,ba_m4_n20_seed81932177,ba,20,64,greedy,greedy,0,3,3.0,0.000125,True,,,{}
e1/ba_m4_n20.npz,49,ba_m4_n20_seed81932177,ba,20,64,greedy_rr,greedy_rr,0,3,3.0,0.000130,True,,,{}
e1/ba_m4_n20.npz,49,ba_m4_n20_seed81932177,ba,20,64,greedy_rr_ls,greedy_rr_ls,0,3,3.0,0.000687,True,,,{}
e1/ba_m4_n20.npz,49,ba_m4_n20_seed81932177,ba,20,64,ilp,ilp,0,3,3.0,0.013987,True,True,3.0,"{""gap"": 0.0, ""status"": ""OPTIMAL"", ""time_limit"": 60.0}"
e1/ba_m4_n200.npz,0,ba_m4_n200_seed31678108,ba,200,784,greedy,greedy,0,26,26.0,0.000514,True,,,{}
e1/ba_m4_n200.npz,0,ba_m4_n200_seed31678108,ba,200,784,greedy_rr,greedy_rr,0,25,25.0,0.000658,True,,,{}
e1/ba_m4_n200.npz,0,ba_m4_n200_seed31678108,ba,200,784,greedy_rr_ls,greedy_rr_ls,0,23,23.0,0.114667,True,,,{}
e1/ba_m4_n200.npz,0,ba_m4_n200_seed31678108,ba,200,784,ilp,ilp,0,23,23.0,0.158590,True,True,23.0,"{""gap"": 0.0, ""status"": ""OPTIMAL"", ""time_limit"": 60.0}"
e1/ba_m4_n200.npz,1,ba_m4_n200_seed270000906,ba,200,784,greedy,greedy,0,23,23.0,0.002722,True,,,{}
e1/ba_m4_n200.npz,1,ba_m4_n200_seed270000906,ba,200,784,greedy_rr,greedy_rr,0,23,23.0,0.003138,True,,,{}
e1/ba_m4_n200.npz,1,ba_m4_n200_seed270000906,ba,200,784,greedy_rr_ls,greedy_rr_ls,0,22,22.0,0.193580,True,,,{}
e1/ba_m4_n200.npz,1,ba_m4_n200_seed270000906,ba,200,784,ilp,ilp,0,22,22.0,0.057276,True,True,22.0,"{""gap"": 0.0, ""status"": ""OPTIMAL"", ""time_limit"": 60.0}"
e1/ba_m4_n200.npz,2,ba_m4_n200_seed534347184,ba,200,784,greedy,greedy,0,23,23.0,0.000542,True,,,{}
e1/ba_m4_n200.npz,2,ba_m4_n200_seed534347184,ba,200,784,greedy_rr,greedy_rr,0,23,23.0,0.000693,True,,,{}
e1/ba_m4_n200.npz,2,ba_m4_n200_seed534347184,ba,200,784,greedy_rr_ls,greedy_rr_ls,0,22,22.0,1.000859,True,,,{}
e1/ba_m4_n200.npz,2,ba_m4_n200_seed534347184,ba,200,784,ilp,ilp,0,22,22.0,0.058411,True,True,22.0,"{""gap"": 0.0, ""status"": ""OPTIMAL"", ""time_limit"": 60.0}"
e1/ba_m4_n200.npz,3,ba_m4_n200_seed792847398,ba,200,784,greedy,greedy,0,29,29.0,0.000592,True,,,{}
e1/ba_m4_n200.npz,3,ba_m4_n200_seed792847398,ba,200,784,greedy_rr,greedy_rr,0,28,28.0,0.000806,True,,,{}
e1/ba_m4_n200.npz,3,ba_m4_n200_seed792847398,ba,200,784,greedy_rr_ls,greedy_rr_ls,0,25,25.0,0.076701,True,,,{}
e1/ba_m4_n200.npz,3,ba_m4_n200_seed792847398,ba,200,784,ilp,ilp,0,25,25.0,0.140710,True,True,25.0,"{""gap"": 0.0, ""status"": ""OPTIMAL"", ""time_limit"": 60.0}"
e1/ba_m4_n200.npz,4,ba_m4_n200_seed146283141,ba,200,784,greedy,greedy,0,24,24.0,0.001775,True,,,{}
e1/ba_m4_n200.npz,4,ba_m4_n200_seed146283141,ba,200,784,greedy_rr,greedy_rr,0,23,23.0,0.001117,True,,,{}
e1/ba_m4_n200.npz,4,ba_m4_n200_seed146283141,ba,200,784,greedy_rr_ls,greedy_rr_ls,0,22,22.0,0.051434,True,,,{}
e1/ba_m4_n200.npz,4,ba_m4_n200_seed146283141,ba,200,784,ilp,ilp,0,22,22.0,0.085978,True,True,22.0,"{""gap"": 0.0, ""status"": ""OPTIMAL"", ""time_limit"": 60.0}"
e1/ba_m4_n200.npz,5,ba_m4_n200_seed150118163,ba,200,784,greedy,greedy,0,27,27.0,0.000900,True,,,{}
e1/ba_m4_n200.npz,5,ba_m4_n200_seed150118163,ba,200,784,greedy_rr,greedy_rr,0,25,25.0,0.001554,True,,,{}
e1/ba_m4_n200.npz,5,ba_m4_n200_seed150118163,ba,200,784,greedy_rr_ls,greedy_rr_ls,0,23,23.0,0.062248,True,,,{}
e1/ba_m4_n200.npz,5,ba_m4_n200_seed150118163,ba,200,784,ilp,ilp,0,23,23.0,0.231191,True,True,23.0,"{""gap"": 0.0, ""status"": ""OPTIMAL"", ""time_limit"": 60.0}"
e1/ba_m4_n200.npz,6,ba_m4_n200_seed449165737,ba,200,784,greedy,greedy,0,23,23.0,0.001039,True,,,{}
e1/ba_m4_n200.npz,6,ba_m4_n200_seed449165737,ba,200,784,greedy_rr,greedy_rr,0,23,23.0,0.001499,True,,,{}
e1/ba_m4_n200.npz,6,ba_m4_n200_seed449165737,ba,200,784,greedy_rr_ls,greedy_rr_ls,0,22,22.0,1.001369,True,,,{}
e1/ba_m4_n200.npz,6,ba_m4_n200_seed449165737,ba,200,784,ilp,ilp,0,22,22.0,0.050364,True,True,22.0,"{""gap"": 0.0, ""status"": ""OPTIMAL"", ""time_limit"": 60.0}"
e1/ba_m4_n200.npz,7,ba_m4_n200_seed874782783,ba,200,784,greedy,greedy,0,26,26.0,0.000452,True,,,{}
e1/ba_m4_n200.npz,7,ba_m4_n200_seed874782783,ba,200,784,greedy_rr,greedy_rr,0,25,25.0,0.000584,True,,,{}
e1/ba_m4_n200.npz,7,ba_m4_n200_seed874782783,ba,200,784,greedy_rr_ls,greedy_rr_ls,0,24,24.0,1.000858,True,,,{}
e1/ba_m4_n200.npz,7,ba_m4_n200_seed874782783,ba,200,784,ilp,ilp,0,24,24.0,0.186688,True,True,24.0,"{""gap"": 0.0, ""status"": ""OPTIMAL"", ""time_limit"": 60.0}"
e1/ba_m4_n200.npz,8,ba_m4_n200_seed986230958,ba,200,784,greedy,greedy,0,22,22.0,0.000636,True,,,{}
e1/ba_m4_n200.npz,8,ba_m4_n200_seed986230958,ba,200,784,greedy_rr,greedy_rr,0,22,22.0,0.000779,True,,,{}
e1/ba_m4_n200.npz,8,ba_m4_n200_seed986230958,ba,200,784,greedy_rr_ls,greedy_rr_ls,0,22,22.0,0.051265,True,,,{}
e1/ba_m4_n200.npz,8,ba_m4_n200_seed986230958,ba,200,784,ilp,ilp,0,21,21.0,0.051164,True,True,21.0,"{""gap"": 0.0, ""status"": ""OPTIMAL"", ""time_limit"": 60.0}"
e1/ba_m4_n200.npz,9,ba_m4_n200_seed22833976,ba,200,784,greedy,greedy,0,25,25.0,0.000745,True,,,{}
e1/ba_m4_n200.npz,9,ba_m4_n200_seed22833976,ba,200,784,greedy_rr,greedy_rr,0,25,25.0,0.000917,True,,,{}
e1/ba_m4_n200.npz,9,ba_m4_n200_seed22833976,ba,200,784,greedy_rr_ls,greedy_rr_ls,0,24,24.0,0.615163,True,,,{}
e1/ba_m4_n200.npz,9,ba_m4_n200_seed22833976,ba,200,784,ilp,ilp,0,24,24.0,0.165630,True,True,24.0,"{""gap"": 0.0, ""status"": ""OPTIMAL"", ""time_limit"": 60.0}"
e1/ba_m4_n200.npz,10,ba_m4_n200_seed410777176,ba,200,784,greedy,greedy,0,25,25.0,0.000819,True,,,{}
e1/ba_m4_n200.npz,10,ba_m4_n200_seed410777176,ba,200,784,greedy_rr,greedy_rr,0,24,24.0,0.001125,True,,,{}
e1/ba_m4_n200.npz,10,ba_m4_n200_seed410777176,ba,200,784,greedy_rr_ls,greedy_rr_ls,0,23,23.0,0.509570,True,,,{}
e1/ba_m4_n200.npz,10,ba_m4_n200_seed410777176,ba,200,784,ilp,ilp,0,23,23.0,0.059590,True,True,23.0,"{""gap"": 0.0, ""status"": ""OPTIMAL"", ""time_limit"": 60.0}"
e1/ba_m4_n200.npz,11,ba_m4_n200_seed172176078,ba,200,784,greedy,greedy,0,26,26.0,0.000579,True,,,{}
e1/ba_m4_n200.npz,11,ba_m4_n200_seed172176078,ba,200,784,greedy_rr,greedy_rr,0,25,25.0,0.000746,True,,,{}
e1/ba_m4_n200.npz,11,ba_m4_n200_seed172176078,ba,200,784,greedy_rr_ls,greedy_rr_ls,0,24,24.0,0.060875,True,,,{}
e1/ba_m4_n200.npz,11,ba_m4_n200_seed172176078,ba,200,784,ilp,ilp,0,24,24.0,0.061448,True,True,24.0,"{""gap"": 0.0, ""status"": ""OPTIMAL"", ""time_limit"": 60.0}"
e1/ba_m4_n200.npz,12,ba_m4_n200_seed639426420,ba,200,784,greedy,greedy,0,24,24.0,0.000607,True,,,{}
e1/ba_m4_n200.npz,12,ba_m4_n200_seed639426420,ba,200,784,greedy_rr,greedy_rr,0,24,24.0,0.000997,True,,,{}
e1/ba_m4_n200.npz,12,ba_m4_n200_seed639426420,ba,200,784,greedy_rr_ls,greedy_rr_ls,0,23,23.0,0.589372,True,,,{}
e1/ba_m4_n200.npz,12,ba_m4_n200_seed639426420,ba,200,784,ilp,ilp,0,23,23.0,0.175426,True,True,23.0,"{""gap"": 0.0, ""status"": ""OPTIMAL"", ""time_limit"": 60.0}"
e1/ba_m4_n200.npz,13,ba_m4_n200_seed381204962,ba,200,784,greedy,greedy,0,25,25.0,0.001038,True,,,{}
e1/ba_m4_n200.npz,13,ba_m4_n200_seed381204962,ba,200,784,greedy_rr,greedy_rr,0,25,25.0,0.000840,True,,,{}
e1/ba_m4_n200.npz,13,ba_m4_n200_seed381204962,ba,200,784,greedy_rr_ls,greedy_rr_ls,0,25,25.0,0.026110,True,,,{}
e1/ba_m4_n200.npz,13,ba_m4_n200_seed381204962,ba,200,784,ilp,ilp,0,25,25.0,0.042718,True,True,25.0,"{""gap"": 0.0, ""status"": ""OPTIMAL"", ""time_limit"": 60.0}"
e1/ba_m4_n200.npz,14,ba_m4_n200_seed287289921,ba,200,784,greedy,greedy,0,24,24.0,0.000637,True,,,{}
e1/ba_m4_n200.npz,14,ba_m4_n200_seed287289921,ba,200,784,greedy_rr,greedy_rr,0,24,24.0,0.000856,True,,,{}
e1/ba_m4_n200.npz,14,ba_m4_n200_seed287289921,ba,200,784,greedy_rr_ls,greedy_rr_ls,0,23,23.0,0.046205,True,,,{}
e1/ba_m4_n200.npz,14,ba_m4_n200_seed287289921,ba,200,784,ilp,ilp,0,23,23.0,0.060323,True,True,23.0,"{""gap"": 0.0, ""status"": ""OPTIMAL"", ""time_limit"": 60.0}"
e1/ba_m4_n200.npz,15,ba_m4_n200_seed284225239,ba,200,784,greedy,greedy,0,26,26.0,0.000801,True,,,{}
e1/ba_m4_n200.npz,15,ba_m4_n200_seed284225239,ba,200,784,greedy_rr,greedy_rr,0,26,26.0,0.001221,True,,,{}
e1/ba_m4_n200.npz,15,ba_m4_n200_seed284225239,ba,200,784,greedy_rr_ls,greedy_rr_ls,0,24,24.0,0.160670,True,,,{}
e1/ba_m4_n200.npz,15,ba_m4_n200_seed284225239,ba,200,784,ilp,ilp,0,24,24.0,0.068768,True,True,24.0,"{""gap"": 0.0, ""status"": ""OPTIMAL"", ""time_limit"": 60.0}"
e1/ba_m4_n200.npz,16,ba_m4_n200_seed716708717,ba,200,784,greedy,greedy,0,23,23.0,0.000560,True,,,{}
e1/ba_m4_n200.npz,16,ba_m4_n200_seed716708717,ba,200,784,greedy_rr,greedy_rr,0,23,23.0,0.000718,True,,,{}
e1/ba_m4_n200.npz,16,ba_m4_n200_seed716708717,ba,200,784,greedy_rr_ls,greedy_rr_ls,0,23,23.0,0.023676,True,,,{}
e1/ba_m4_n200.npz,16,ba_m4_n200_seed716708717,ba,200,784,ilp,ilp,0,22,22.0,0.053848,True,True,22.0,"{""gap"": 0.0, ""status"": ""OPTIMAL"", ""time_limit"": 60.0}"
e1/ba_m4_n200.npz,17,ba_m4_n200_seed290321915,ba,200,784,greedy,greedy,0,25,25.0,0.000644,True,,,{}
e1/ba_m4_n200.npz,17,ba_m4_n200_seed290321915,ba,200,784,greedy_rr,greedy_rr,0,25,25.0,0.000741,True,,,{}
e1/ba_m4_n200.npz,17,ba_m4_n200_seed290321915,ba,200,784,greedy_rr_ls,greedy_rr_ls,0,24,24.0,0.319171,True,,,{}
e1/ba_m4_n200.npz,17,ba_m4_n200_seed290321915,ba,200,784,ilp,ilp,0,23,23.0,0.144749,True,True,23.0,"{""gap"": 0.0, ""status"": ""OPTIMAL"", ""time_limit"": 60.0}"
e1/ba_m4_n200.npz,18,ba_m4_n200_seed181759594,ba,200,784,greedy,greedy,0,22,22.0,0.000543,True,,,{}
e1/ba_m4_n200.npz,18,ba_m4_n200_seed181759594,ba,200,784,greedy_rr,greedy_rr,0,22,22.0,0.000717,True,,,{}
e1/ba_m4_n200.npz,18,ba_m4_n200_seed181759594,ba,200,784,greedy_rr_ls,greedy_rr_ls,0,21,21.0,0.151978,True,,,{}
e1/ba_m4_n200.npz,18,ba_m4_n200_seed181759594,ba,200,784,ilp,ilp,0,21,21.0,0.045577,True,True,21.0,"{""gap"": 0.0, ""status"": ""OPTIMAL"", ""time_limit"": 60.0}"
e1/ba_m4_n200.npz,19,ba_m4_n200_seed144354044,ba,200,784,greedy,greedy,0,25,25.0,0.000718,True,,,{}
e1/ba_m4_n200.npz,19,ba_m4_n200_seed144354044,ba,200,784,greedy_rr,greedy_rr,0,23,23.0,0.000711,True,,,{}
e1/ba_m4_n200.npz,19,ba_m4_n200_seed144354044,ba,200,784,greedy_rr_ls,greedy_rr_ls,0,23,23.0,0.010189,True,,,{}
e1/ba_m4_n200.npz,19,ba_m4_n200_seed144354044,ba,200,784,ilp,ilp,0,23,23.0,0.063387,True,True,23.0,"{""gap"": 0.0, ""status"": ""OPTIMAL"", ""time_limit"": 60.0}"
e1/ba_m4_n200.npz,20,ba_m4_n200_seed761209883,ba,200,784,greedy,greedy,0,24,24.0,0.000780,True,,,{}
e1/ba_m4_n200.npz,20,ba_m4_n200_seed761209883,ba,200,784,greedy_rr,greedy_rr,0,23,23.0,0.001141,True,,,{}
e1/ba_m4_n200.npz,20,ba_m4_n200_seed761209883,ba,200,784,greedy_rr_ls,greedy_rr_ls,0,22,22.0,0.119986,True,,,{}
e1/ba_m4_n200.npz,20,ba_m4_n200_seed761209883,ba,200,784,ilp,ilp,0,22,22.0,0.160740,True,True,22.0,"{""gap"": 0.0, ""status"": ""OPTIMAL"", ""time_limit"": 60.0}"
e1/ba_m4_n200.npz,21,ba_m4_n200_seed550193549,ba,200,784,greedy,greedy,0,24,24.0,0.000490,True,,,{}
e1/ba_m4_n200.npz,21,ba_m4_n200_seed550193549,ba,200,784,greedy_rr,greedy_rr,0,24,24.0,0.000636,True,,,{}
e1/ba_m4_n200.npz,21,ba_m4_n200_seed550193549,ba,200,784,greedy_rr_ls,greedy_rr_ls,0,23,23.0,0.328075,True,,,{}
e1/ba_m4_n200.npz,21,ba_m4_n200_seed550193549,ba,200,784,ilp,ilp,0,23,23.0,0.073769,True,True,23.0,"{""gap"": 0.0, ""status"": ""OPTIMAL"", ""time_limit"": 60.0}"
e1/ba_m4_n200.npz,22,ba_m4_n200_seed251105079,ba,200,784,greedy,greedy,0,26,26.0,0.000595,True,,,{}
e1/ba_m4_n200.npz,22,ba_m4_n200_seed251105079,ba,200,784,greedy_rr,greedy_rr,0,26,26.0,0.000765,True,,,{}
e1/ba_m4_n200.npz,22,ba_m4_n200_seed251105079,ba,200,784,greedy_rr_ls,greedy_rr_ls,0,24,24.0,0.184625,True,,,{}
e1/ba_m4_n200.npz,22,ba_m4_n200_seed251105079,ba,200,784,ilp,ilp,0,24,24.0,0.142222,True,True,24.0,"{""gap"": 0.0, ""status"": ""OPTIMAL"", ""time_limit"": 60.0}"
e1/ba_m4_n200.npz,23,ba_m4_n200_seed32685729,ba,200,784,greedy,greedy,0,23,23.0,0.000845,True,,,{}
e1/ba_m4_n200.npz,23,ba_m4_n200_seed32685729,ba,200,784,greedy_rr,greedy_rr,0,23,23.0,0.001000,True,,,{}
e1/ba_m4_n200.npz,23,ba_m4_n200_seed32685729,ba,200,784,greedy_rr_ls,greedy_rr_ls,0,22,22.0,0.027841,True,,,{}
e1/ba_m4_n200.npz,23,ba_m4_n200_seed32685729,ba,200,784,ilp,ilp,0,22,22.0,0.158748,True,True,22.0,"{""gap"": 0.0, ""status"": ""OPTIMAL"", ""time_limit"": 60.0}"
e1/ba_m4_n200.npz,24,ba_m4_n200_seed742154242,ba,200,784,greedy,greedy,0,27,27.0,0.001057,True,,,{}
e1/ba_m4_n200.npz,24,ba_m4_n200_seed742154242,ba,200,784,greedy_rr,greedy_rr,0,27,27.0,0.001418,True,,,{}
e1/ba_m4_n200.npz,24,ba_m4_n200_seed742154242,ba,200,784,greedy_rr_ls,greedy_rr_ls,0,25,25.0,0.043133,True,,,{}
e1/ba_m4_n200.npz,24,ba_m4_n200_seed742154242,ba,200,784,ilp,ilp,0,25,25.0,0.120936,True,True,25.0,"{""gap"": 0.0, ""status"": ""OPTIMAL"", ""time_limit"": 60.0}"
e1/ba_m4_n200.npz,25,ba_m4_n200_seed564037012,ba,200,784,greedy,greedy,0,25,25.0,0.000821,True,,,{}
e1/ba_m4_n200.npz,25,ba_m4_n200_seed564037012,ba,200,784,greedy_rr,greedy_rr,0,25,25.0,0.001145,True,,,{}
e1/ba_m4_n200.npz,25,ba_m4_n200_seed564037012,ba,200,784,greedy_rr_ls,greedy_rr_ls,0,24,24.0,0.083100,True,,,{}
e1/ba_m4_n200.npz,25,ba_m4_n200_seed564037012,ba,200,784,ilp,ilp,0,24,24.0,0.095399,True,True,24.0,"{""gap"": 0.0, ""status"": ""OPTIMAL"", ""time_limit"": 60.0}"
e1/ba_m4_n200.npz,26,ba_m4_n200_seed299715374,ba,200,784,greedy,greedy,0,25,25.0,0.001766,True,,,{}
e1/ba_m4_n200.npz,26,ba_m4_n200_seed299715374,ba,200,784,greedy_rr,greedy_rr,0,25,25.0,0.000593,True,,,{}
e1/ba_m4_n200.npz,26,ba_m4_n200_seed299715374,ba,200,784,greedy_rr_ls,greedy_rr_ls,0,24,24.0,0.037624,True,,,{}
e1/ba_m4_n200.npz,26,ba_m4_n200_seed299715374,ba,200,784,ilp,ilp,0,23,23.0,0.035771,True,True,23.0,"{""gap"": 0.0, ""status"": ""OPTIMAL"", ""time_limit"": 60.0}"
e1/ba_m4_n200.npz,27,ba_m4_n200_seed981025976,ba,200,784,greedy,greedy,0,27,27.0,0.001760,True,,,{}
e1/ba_m4_n200.npz,27,ba_m4_n200_seed981025976,ba,200,784,greedy_rr,greedy_rr,0,27,27.0,0.002251,True,,,{}
e1/ba_m4_n200.npz,27,ba_m4_n200_seed981025976,ba,200,784,greedy_rr_ls,greedy_rr_ls,0,25,25.0,0.136856,True,,,{}
e1/ba_m4_n200.npz,27,ba_m4_n200_seed981025976,ba,200,784,ilp,ilp,0,25,25.0,0.204610,True,True,25.0,"{""gap"": 0.0, ""status"": ""OPTIMAL"", ""time_limit"": 60.0}"
e1/ba_m4_n200.npz,28,ba_m4_n200_seed866819113,ba,200,784,greedy,greedy,0,26,26.0,0.001664,True,,,{}
e1/ba_m4_n200.npz,28,ba_m4_n200_seed866819113,ba,200,784,greedy_rr,greedy_rr,0,26,26.0,0.002565,True,,,{}
e1/ba_m4_n200.npz,28,ba_m4_n200_seed866819113,ba,200,784,greedy_rr_ls,greedy_rr_ls,0,24,24.0,0.091343,True,,,{}
e1/ba_m4_n200.npz,28,ba_m4_n200_seed866819113,ba,200,784,ilp,ilp,0,24,24.0,0.163348,True,True,24.0,"{""gap"": 0.0, ""status"": ""OPTIMAL"", ""time_limit"": 60.0}"
e1/ba_m4_n200.npz,29,ba_m4_n200_seed722518463,ba,200,784,greedy,greedy,0,26,26.0,0.000632,True,,,{}
e1/ba_m4_n200.npz,29,ba_m4_n200_seed722518463,ba,200,784,greedy_rr,greedy_rr,0,26,26.0,0.000771,True,,,{}
e1/ba_m4_n200.npz,29,ba_m4_n200_seed722518463,ba,200,784,greedy_rr_ls,greedy_rr_ls,0,24,24.0,0.333216,True,,,{}
e1/ba_m4_n200.npz,29,ba_m4_n200_seed722518463,ba,200,784,ilp,ilp,0,24,24.0,0.099528,True,True,24.0,"{""gap"": 0.0, ""status"": ""OPTIMAL"", ""time_limit"": 60.0}"
e1/ba_m4_n200.npz,30,ba_m4_n200_seed181357274,ba,200,784,greedy,greedy,0,30,30.0,0.000538,True,,,{}
e1/ba_m4_n200.npz,30,ba_m4_n200_seed181357274,ba,200,784,greedy_rr,greedy_rr,0,27,27.0,0.000687,True,,,{}
e1/ba_m4_n200.npz,30,ba_m4_n200_seed181357274,ba,200,784,greedy_rr_ls,greedy_rr_ls,0,25,25.0,0.051348,True,,,{}
e1/ba_m4_n200.npz,30,ba_m4_n200_seed181357274,ba,200,784,ilp,ilp,0,25,25.0,0.151173,True,True,25.0,"{""gap"": 0.0, ""status"": ""OPTIMAL"", ""time_limit"": 60.0}"
e1/ba_m4_n200.npz,31,ba_m4_n200_seed399530572,ba,200,784,greedy,greedy,0,28,28.0,0.000658,True,,,{}
e1/ba_m4_n200.npz,31,ba_m4_n200_seed399530572,ba,200,784,greedy_rr,greedy_rr,0,27,27.0,0.000856,True,,,{}
e1/ba_m4_n200.npz,31,ba_m4_n200_seed399530572,ba,200,784,greedy_rr_ls,greedy_rr_ls,0,26,26.0,0.030059,True,,,{}
e1/ba_m4_n200.npz,31,ba_m4_n200_seed399530572,ba,200,784,ilp,ilp,0,26,26.0,0.152186,True,True,26.0,"{""gap"": 0.0, ""status"": ""OPTIMAL"", ""time_limit"": 60.0}"
e1/ba_m4_n200.npz,32,ba_m4_n200_seed403619318,ba,200,784,greedy,greedy,0,26,26.0,0.000587,True,,,{}
e1/ba_m4_n200.npz,32,ba_m4_n200_seed403619318,ba,200,784,greedy_rr,greedy_rr,0,26,26.0,0.000755,True,,,{}
e1/ba_m4_n200.npz,32,ba_m4_n200_seed403619318,ba,200,784,greedy_rr_ls,greedy_rr_ls,0,24,24.0,1.000955,True,,,{}
e1/ba_m4_n200.npz,32,ba_m4_n200_seed403619318,ba,200,784,ilp,ilp,0,24,24.0,0.087436,True,True,24.0,"{""gap"": 0.0, ""status"": ""OPTIMAL"", ""time_limit"": 60.0}"
e1/ba_m4_n200.npz,33,ba_m4_n200_seed614881120,ba,200,784,greedy,greedy,0,24,24.0,0.000597,True,,,{}
e1/ba_m4_n200.npz,33,ba_m4_n200_seed614881120,ba,200,784,greedy_rr,greedy_rr,0,24,24.0,0.000764,True,,,{}
e1/ba_m4_n200.npz,33,ba_m4_n200_seed614881120,ba,200,784,greedy_rr_ls,greedy_rr_ls,0,23,23.0,0.047583,True,,,{}
e1/ba_m4_n200.npz,33,ba_m4_n200_seed614881120,ba,200,784,ilp,ilp,0,23,23.0,0.075431,True,True,23.0,"{""gap"": 0.0, ""status"": ""OPTIMAL"", ""time_limit"": 60.0}"
e1/ba_m4_n200.npz,34,ba_m4_n200_seed129664707,ba,200,784,greedy,greedy,0,24,24.0,0.002615,True,,,{}
e1/ba_m4_n200.npz,34,ba_m4_n200_seed129664707,ba,200,784,greedy_rr,greedy_rr,0,24,24.0,0.002423,True,,,{}
e1/ba_m4_n200.npz,34,ba_m4_n200_seed129664707,ba,200,784,greedy_rr_ls,greedy_rr_ls,0,23,23.0,0.143646,True,,,{}
e1/ba_m4_n200.npz,34,ba_m4_n200_seed129664707,ba,200,784,ilp,ilp,0,23,23.0,0.095226,True,True,23.0,"{""gap"": 0.0, ""status"": ""OPTIMAL"", ""time_limit"": 60.0}"
e1/ba_m4_n200.npz,35,ba_m4_n200_seed448108117,ba,200,784,greedy,greedy,0,25,25.0,0.001266,True,,,{}
e1/ba_m4_n200.npz,35,ba_m4_n200_seed448108117,ba,200,784,greedy_rr,greedy_rr,0,25,25.0,0.000766,True,,,{}
e1/ba_m4_n200.npz,35,ba_m4_n200_seed448108117,ba,200,784,greedy_rr_ls,greedy_rr_ls,0,24,24.0,0.459407,True,,,{}
e1/ba_m4_n200.npz,35,ba_m4_n200_seed448108117,ba,200,784,ilp,ilp,0,23,23.0,0.113281,True,True,23.0,"{""gap"": 0.0, ""status"": ""OPTIMAL"", ""time_limit"": 60.0}"
e1/ba_m4_n200.npz,36,ba_m4_n200_seed417495535,ba,200,784,greedy,greedy,0,25,25.0,0.000560,True,,,{}
e1/ba_m4_n200.npz,36,ba_m4_n200_seed417495535,ba,200,784,greedy_rr,greedy_rr,0,24,24.0,0.000749,True,,,{}
e1/ba_m4_n200.npz,36,ba_m4_n200_seed417495535,ba,200,784,greedy_rr_ls,greedy_rr_ls,0,23,23.0,0.200832,True,,,{}
e1/ba_m4_n200.npz,36,ba_m4_n200_seed417495535,ba,200,784,ilp,ilp,0,23,23.0,0.088204,True,True,23.0,"{""gap"": 0.0, ""status"": ""OPTIMAL"", ""time_limit"": 60.0}"
e1/ba_m4_n200.npz,37,ba_m4_n200_seed595858297,ba,200,784,greedy,greedy,0,26,26.0,0.000981,True,,,{}
e1/ba_m4_n200.npz,37,ba_m4_n200_seed595858297,ba,200,784,greedy_rr,greedy_rr,0,26,26.0,0.001437,True,,,{}
e1/ba_m4_n200.npz,37,ba_m4_n200_seed595858297,ba,200,784,greedy_rr_ls,greedy_rr_ls,0,23,23.0,0.162966,True,,,{}
e1/ba_m4_n200.npz,37,ba_m4_n200_seed595858297,ba,200,784,ilp,ilp,0,23,23.0,0.065394,True,True,23.0,"{""gap"": 0.0, ""status"": ""OPTIMAL"", ""time_limit"": 60.0}"
e1/ba_m4_n200.npz,38,ba_m4_n200_seed17089256,ba,200,784,greedy,greedy,0,25,25.0,0.000498,True,,,{}
e1/ba_m4_n200.npz,38,ba_m4_n200_seed17089256,ba,200,784,greedy_rr,greedy_rr,0,25,25.0,0.000627,True,,,{}
e1/ba_m4_n200.npz,38,ba_m4_n200_seed17089256,ba,200,784,greedy_rr_ls,greedy_rr_ls,0,23,23.0,0.017365,True,,,{}
e1/ba_m4_n200.npz,38,ba_m4_n200_seed17089256,ba,200,784,ilp,ilp,0,23,23.0,0.043185,True,True,23.0,"{""gap"": 0.0, ""status"": ""OPTIMAL"", ""time_limit"": 60.0}"
e1/ba_m4_n200.npz,39,ba_m4_n200_seed302764670,ba,200,784,greedy,greedy,0,26,26.0,0.000517,True,,,{}
e1/ba_m4_n200.npz,39,ba_m4_n200_seed302764670,ba,200,784,greedy_rr,greedy_rr,0,25,25.0,0.000680,True,,,{}
e1/ba_m4_n200.npz,39,ba_m4_n200_seed302764670,ba,200,784,greedy_rr_ls,greedy_rr_ls,0,25,25.0,0.200098,True,,,{}
e1/ba_m4_n200.npz,39,ba_m4_n200_seed302764670,ba,200,784,ilp,ilp,0,25,25.0,0.061408,True,True,25.0,"{""gap"": 0.0, ""status"": ""OPTIMAL"", ""time_limit"": 60.0}"
e1/ba_m4_n200.npz,40,ba_m4_n200_seed66317981,ba,200,784,greedy,greedy,0,23,23.0,0.000601,True,,,{}
e1/ba_m4_n200.npz,40,ba_m4_n200_seed66317981,ba,200,784,greedy_rr,greedy_rr,0,23,23.0,0.000744,True,,,{}
e1/ba_m4_n200.npz,40,ba_m4_n200_seed66317981,ba,200,784,greedy_rr_ls,greedy_rr_ls,0,23,23.0,0.095525,True,,,{}
e1/ba_m4_n200.npz,40,ba_m4_n200_seed66317981,ba,200,784,ilp,ilp,0,23,23.0,0.039322,True,True,23.0,"{""gap"": 0.0, ""status"": ""OPTIMAL"", ""time_limit"": 60.0}"
e1/ba_m4_n200.npz,41,ba_m4_n200_seed237810443,ba,200,784,greedy,greedy,0,28,28.0,0.000628,True,,,{}
e1/ba_m4_n200.npz,41,ba_m4_n200_seed237810443,ba,200,784,greedy_rr,greedy_rr,0,27,27.0,0.000736,True,,,{}
e1/ba_m4_n200.npz,41,ba_m4_n200_seed237810443,ba,200,784,greedy_rr_ls,greedy_rr_ls,0,26,26.0,1.001012,True,,,{}
e1/ba_m4_n200.npz,41,ba_m4_n200_seed237810443,ba,200,784,ilp,ilp,0,26,26.0,0.265367,True,True,26.0,"{""gap"": 0.0, ""status"": ""OPTIMAL"", ""time_limit"": 60.0}"
e1/ba_m4_n200.npz,42,ba_m4_n200_seed476640689,ba,200,784,greedy,greedy,0,24,24.0,0.001888,True,,,{}
e1/ba_m4_n200.npz,42,ba_m4_n200_seed476640689,ba,200,784,greedy_rr,greedy_rr,0,23,23.0,0.004135,True,,,{}
e1/ba_m4_n200.npz,42,ba_m4_n200_seed476640689,ba,200,784,greedy_rr_ls,greedy_rr_ls,0,22,22.0,0.171708,True,,,{}
e1/ba_m4_n200.npz,42,ba_m4_n200_seed476640689,ba,200,784,ilp,ilp,0,22,22.0,0.059602,True,True,22.0,"{""gap"": 0.0, ""status"": ""OPTIMAL"", ""time_limit"": 60.0}"
e1/ba_m4_n200.npz,43,ba_m4_n200_seed801971239,ba,200,784,greedy,greedy,0,27,27.0,0.000463,True,,,{}
e1/ba_m4_n200.npz,43,ba_m4_n200_seed801971239,ba,200,784,greedy_rr,greedy_rr,0,26,26.0,0.000608,True,,,{}
e1/ba_m4_n200.npz,43,ba_m4_n200_seed801971239,ba,200,784,greedy_rr_ls,greedy_rr_ls,0,25,25.0,0.358783,True,,,{}
e1/ba_m4_n200.npz,43,ba_m4_n200_seed801971239,ba,200,784,ilp,ilp,0,25,25.0,0.201630,True,True,25.0,"{""gap"": 0.0, ""status"": ""OPTIMAL"", ""time_limit"": 60.0}"
e1/ba_m4_n200.npz,44,ba_m4_n200_seed123744900,ba,200,784,greedy,greedy,0,25,25.0,0.002988,True,,,{}
e1/ba_m4_n200.npz,44,ba_m4_n200_seed123744900,ba,200,784,greedy_rr,greedy_rr,0,25,25.0,0.001289,True,,,{}
e1/ba_m4_n200.npz,44,ba_m4_n200_seed123744900,ba,200,784,greedy_rr_ls,greedy_rr_ls,0,22,22.0,0.193376,True,,,{}
e1/ba_m4_n200.npz,44,ba_m4_n200_seed123744900,ba,200,784,ilp,ilp,0,22,22.0,0.110686,True,True,22.0,"{""gap"": 0.0, ""status"": ""OPTIMAL"", ""time_limit"": 60.0}"
e1/ba_m4_n200.npz,45,ba_m4_n200_seed193918738,ba,200,784,greedy,greedy,0,28,28.0,0.000800,True,,,{}
e1/ba_m4_n200.npz,45,ba_m4_n200_seed193918738,ba,200,784,greedy_rr,greedy_rr,0,28,28.0,0.001322,True,,,{}
e1/ba_m4_n200.npz,45,ba_m4_n200_seed193918738,ba,200,784,greedy_rr_ls,greedy_rr_ls,0,26,26.0,0.214526,True,,,{}
e1/ba_m4_n200.npz,45,ba_m4_n200_seed193918738,ba,200,784,ilp,ilp,0,26,26.0,0.173358,True,True,26.0,"{""gap"": 0.0, ""status"": ""OPTIMAL"", ""time_limit"": 60.0}"
e1/ba_m4_n200.npz,46,ba_m4_n200_seed465418664,ba,200,784,greedy,greedy,0,29,29.0,0.000851,True,,,{}
e1/ba_m4_n200.npz,46,ba_m4_n200_seed465418664,ba,200,784,greedy_rr,greedy_rr,0,28,28.0,0.001271,True,,,{}
e1/ba_m4_n200.npz,46,ba_m4_n200_seed465418664,ba,200,784,greedy_rr_ls,greedy_rr_ls,0,25,25.0,0.465134,True,,,{}
e1/ba_m4_n200.npz,46,ba_m4_n200_seed465418664,ba,200,784,ilp,ilp,0,25,25.0,0.104892,True,True,25.0,"{""gap"": 0.0, ""status"": ""OPTIMAL"", ""time_limit"": 60.0}"
e1/ba_m4_n200.npz,47,ba_m4_n200_seed824696894,ba,200,784,greedy,greedy,0,26,26.0,0.001077,True,,,{}
e1/ba_m4_n200.npz,47,ba_m4_n200_seed824696894,ba,200,784,greedy_rr,greedy_rr,0,26,26.0,0.000886,True,,,{}
e1/ba_m4_n200.npz,47,ba_m4_n200_seed824696894,ba,200,784,greedy_rr_ls,greedy_rr_ls,0,24,24.0,0.148694,True,,,{}
e1/ba_m4_n200.npz,47,ba_m4_n200_seed824696894,ba,200,784,ilp,ilp,0,24,24.0,0.093586,True,True,24.0,"{""gap"": 0.0, ""status"": ""OPTIMAL"", ""time_limit"": 60.0}"
e1/ba_m4_n200.npz,48,ba_m4_n200_seed246048431,ba,200,784,greedy,greedy,0,29,29.0,0.000795,True,,,{}
e1/ba_m4_n200.npz,48,ba_m4_n200_seed246048431,ba,200,784,greedy_rr,greedy_rr,0,27,27.0,0.001092,True,,,{}
e1/ba_m4_n200.npz,48,ba_m4_n200_seed246048431,ba,200,784,greedy_rr_ls,greedy_rr_ls,0,25,25.0,0.053268,True,,,{}
e1/ba_m4_n200.npz,48,ba_m4_n200_seed246048431,ba,200,784,ilp,ilp,0,25,25.0,0.085478,True,True,25.0,"{""gap"": 0.0, ""status"": ""OPTIMAL"", ""time_limit"": 60.0}"
e1/ba_m4_n200.npz,49,ba_m4_n200_seed350563129,ba,200,784,greedy,greedy,0,27,27.0,0.000748,True,,,{}
e1/ba_m4_n200.npz,49,ba_m4_n200_seed350563129,ba,200,784,greedy_rr,greedy_rr,0,27,27.0,0.001113,True,,,{}
e1/ba_m4_n200.npz,49,ba_m4_n200_seed350563129,ba,200,784,greedy_rr_ls,greedy_rr_ls,0,25,25.0,0.137840,True,,,{}
e1/ba_m4_n200.npz,49,ba_m4_n200_seed350563129,ba,200,784,ilp,ilp,0,25,25.0,0.059862,True,True,25.0,"{""gap"": 0.0, ""status"": ""OPTIMAL"", ""time_limit"": 60.0}"
e1/ba_m4_n50.npz,0,ba_m4_n50_seed59536021,ba,50,184,greedy,greedy,0,6,6.0,0.000207,True,,,{}
e1/ba_m4_n50.npz,0,ba_m4_n50_seed59536021,ba,50,184,greedy_rr,greedy_rr,0,6,6.0,0.000259,True,,,{}
e1/ba_m4_n50.npz,0,ba_m4_n50_seed59536021,ba,50,184,greedy_rr_ls,greedy_rr_ls,0,6,6.0,0.002110,True,,,{}
e1/ba_m4_n50.npz,0,ba_m4_n50_seed59536021,ba,50,184,ilp,ilp,0,6,6.0,0.030433,True,True,6.0,"{""gap"": 0.0, ""status"": ""OPTIMAL"", ""time_limit"": 60.0}"
e1/ba_m4_n50.npz,1,ba_m4_n50_seed230610691,ba,50,184,greedy,greedy,0,7,7.0,0.000304,True,,,{}
e1/ba_m4_n50.npz,1,ba_m4_n50_seed230610691,ba,50,184,greedy_rr,greedy_rr,0,6,6.0,0.000448,True,,,{}
e1/ba_m4_n50.npz,1,ba_m4_n50_seed230610691,ba,50,184,greedy_rr_ls,greedy_rr_ls,0,6,6.0,0.002246,True,,,{}
e1/ba_m4_n50.npz,1,ba_m4_n50_seed230610691,ba,50,184,ilp,ilp,0,6,6.0,0.026371,True,True,6.0,"{""gap"": 0.0, ""status"": ""OPTIMAL"", ""time_limit"": 60.0}"
e1/ba_m4_n50.npz,2,ba_m4_n50_seed496144825,ba,50,184,greedy,greedy,0,6,6.0,0.000280,True,,,{}
e1/ba_m4_n50.npz,2,ba_m4_n50_seed496144825,ba,50,184,greedy_rr,greedy_rr,0,6,6.0,0.000462,True,,,{}
e1/ba_m4_n50.npz,2,ba_m4_n50_seed496144825,ba,50,184,greedy_rr_ls,greedy_rr_ls,0,5,5.0,0.004447,True,,,{}
e1/ba_m4_n50.npz,2,ba_m4_n50_seed496144825,ba,50,184,ilp,ilp,0,5,5.0,0.026496,True,True,5.0,"{""gap"": 0.0, ""status"": ""OPTIMAL"", ""time_limit"": 60.0}"
e1/ba_m4_n50.npz,3,ba_m4_n50_seed821614639,ba,50,184,greedy,greedy,0,5,5.0,0.000440,True,,,{}
e1/ba_m4_n50.npz,3,ba_m4_n50_seed821614639,ba,50,184,greedy_rr,greedy_rr,0,5,5.0,0.000812,True,,,{}
e1/ba_m4_n50.npz,3,ba_m4_n50_seed821614639,ba,50,184,greedy_rr_ls,greedy_rr_ls,0,5,5.0,0.002030,True,,,{}
e1/ba_m4_n50.npz,3,ba_m4_n50_seed821614639,ba,50,184,ilp,ilp,0,5,5.0,0.022893,True,True,5.0,"{""gap"": 0.0, ""status"": ""OPTIMAL"", ""time_limit"": 60.0}"
e1/ba_m4_n50.npz,4,ba_m4_n50_seed103757452,ba,50,184,greedy,greedy,0,8,8.0,0.000215,True,,,{}
e1/ba_m4_n50.npz,4,ba_m4_n50_seed103757452,ba,50,184,greedy_rr,greedy_rr,0,8,8.0,0.000266,True,,,{}
e1/ba_m4_n50.npz,4,ba_m4_n50_seed103757452,ba,50,184,greedy_rr_ls,greedy_rr_ls,0,7,7.0,0.001587,True,,,{}
e1/ba_m4_n50.npz,4,ba_m4_n50_seed103757452,ba,50,184,ilp,ilp,0,7,7.0,0.029885,True,True,7.0,"{""gap"": 0.0, ""status"": ""OPTIMAL"", ""time_limit"": 60.0}"
e1/ba_m4_n50.npz,5,ba_m4_n50_seed174824218,ba,50,184,greedy,greedy,0,7,7.0,0.000214,True,,,{}
e1/ba_m4_n50.npz,5,ba_m4_n50_seed174824218,ba,50,184,greedy_rr,greedy_rr,0,7,7.0,0.000260,True,,,{}
e1/ba_m4_n50.npz,5,ba_m4_n50_seed174824218,ba,50,184,greedy_rr_ls,greedy_rr_ls,0,7,7.0,0.001742,True,,,{}
e1/ba_m4_n50.npz,5,ba_m4_n50_seed174824218,ba,50,184,ilp,ilp,0,7,7.0,0.026422,True,True,7.0,"{""gap"": 0.0, ""status"": ""OPTIMAL"", ""time_limit"": 60.0}"
e1/ba_m4_n50.npz,6,ba_m4_n50_seed472700320,ba,50,184,greedy,greedy,0,7,7.0,0.000208,True,,,{}
e1/ba_m4_n50.npz,6,ba_m4_n50_seed472700320,ba,50,184,greedy_rr,greedy_rr,0,7,7.0,0.000280,True,,,{}
e1/ba_m4_n50.npz,6,ba_m4_n50_seed472700320,ba,50,184,greedy_rr_ls,greedy_rr_ls,0,7,7.0,0.004495,True,,,{}
e1/ba_m4_n50.npz,6,ba_m4_n50_seed472700320,ba,50,184,ilp,ilp,0,7,7.0,0.025735,True,True,7.0,"{""gap"": 0.0, ""status"": ""OPTIMAL"", ""time_limit"": 60.0}"
e1/ba_m4_n50.npz,7,ba_m4_n50_seed831331382,ba,50,184,greedy,greedy,0,8,8.0,0.000299,True,,,{}
e1/ba_m4_n50.npz,7,ba_m4_n50_seed831331382,ba,50,184,greedy_rr,greedy_rr,0,8,8.0,0.000429,True,,,{}
e1/ba_m4_n50.npz,7,ba_m4_n50_seed831331382,ba,50,184,greedy_rr_ls,greedy_rr_ls,0,7,7.0,0.004312,True,,,{}
e1/ba_m4_n50.npz,7,ba_m4_n50_seed831331382,ba,50,184,ilp,ilp,0,7,7.0,0.023925,True,True,7.0,"{""gap"": 0.0, ""status"": ""OPTIMAL"", ""time_limit"": 60.0}"
e1/ba_m4_n50.npz,8,ba_m4_n50_seed962573479,ba,50,184,greedy,greedy,0,7,7.0,0.000254,True,,,{}
e1/ba_m4_n50.npz,8,ba_m4_n50_seed962573479,ba,50,184,greedy_rr,greedy_rr,0,7,7.0,0.000382,True,,,{}
e1/ba_m4_n50.npz,8,ba_m4_n50_seed962573479,ba,50,184,greedy_rr_ls,greedy_rr_ls,0,6,6.0,0.003302,True,,,{}
e1/ba_m4_n50.npz,8,ba_m4_n50_seed962573479,ba,50,184,ilp,ilp,0,6,6.0,0.026262,True,True,6.0,"{""gap"": 0.0, ""status"": ""OPTIMAL"", ""time_limit"": 60.0}"
e1/ba_m4_n50.npz,9,ba_m4_n50_seed66408241,ba,50,184,greedy,greedy,0,7,7.0,0.000266,True,,,{}
e1/ba_m4_n50.npz,9,ba_m4_n50_seed66408241,ba,50,184,greedy_rr,greedy_rr,0,7,7.0,0.000364,True,,,{}
e1/ba_m4_n50.npz,9,ba_m4_n50_seed66408241,ba,50,184,greedy_rr_ls,greedy_rr_ls,0,7,7.0,0.003709,True,,,{}
e1/ba_m4_n50.npz,9,ba_m4_n50_seed66408241,ba,50,184,ilp,ilp,0,7,7.0,0.025991,True,True,7.0,"{""gap"": 0.0, ""status"": ""OPTIMAL"", ""time_limit"": 60.0}"
e1/ba_m4_n50.npz,10,ba_m4_n50_seed144466400,ba,50,184,greedy,greedy,0,7,7.0,0.000188,True,,,{}
e1/ba_m4_n50.npz,10,ba_m4_n50_seed144466400,ba,50,184,greedy_rr,greedy_rr,0,7,7.0,0.000245,True,,,{}
e1/ba_m4_n50.npz,10,ba_m4_n50_seed144466400,ba,50,184,greedy_rr_ls,greedy_rr_ls,0,7,7.0,0.004655,True,,,{}
e1/ba_m4_n50.npz,10,ba_m4_n50_seed144466400,ba,50,184,ilp,ilp,0,7,7.0,0.024858,True,True,7.0,"{""gap"": 0.0, ""status"": ""OPTIMAL"", ""time_limit"": 60.0}"
e1/ba_m4_n50.npz,11,ba_m4_n50_seed181585270,ba,50,184,greedy,greedy,0,7,7.0,0.000208,True,,,{}
e1/ba_m4_n50.npz,11,ba_m4_n50_seed181585270,ba,50,184,greedy_rr,greedy_rr,0,7,7.0,0.000253,True,,,{}
e1/ba_m4_n50.npz,11,ba_m4_n50_seed181585270,ba,50,184,greedy_rr_ls,greedy_rr_ls,0,7,7.0,0.009110,True,,,{}
e1/ba_m4_n50.npz,11,ba_m4_n50_seed181585270,ba,50,184,ilp,ilp,0,7,7.0,0.020160,True,True,7.0,"{""gap"": 0.0, ""status"": ""OPTIMAL"", ""time_limit"": 60.0}"
e1/ba_m4_n50.npz,12,ba_m4_n50_seed419539660,ba,50,184,greedy,greedy,0,6,6.0,0.000194,True,,,{}
e1/ba_m4_n50.npz,12,ba_m4_n50_seed419539660,ba,50,184,greedy_rr,greedy_rr,0,6,6.0,0.000241,True,,,{}
e1/ba_m4_n50.npz,12,ba_m4_n50_seed419539660,ba,50,184,greedy_rr_ls,greedy_rr_ls,0,6,6.0,0.005005,True,,,{}
e1/ba_m4_n50.npz,12,ba_m4_n50_seed419539660,ba,50,184,ilp,ilp,0,5,5.0,0.025429,True,True,5.0,"{""gap"": 0.0, ""status"": ""OPTIMAL"", ""time_limit"": 60.0}"
e1/ba_m4_n50.npz,13,ba_m4_n50_seed878964826,ba,50,184,greedy,greedy,0,6,6.0,0.000278,True,,,{}
e1/ba_m4_n50.npz,13,ba_m4_n50_seed878964826,ba,50,184,greedy_rr,greedy_rr,0,6,6.0,0.000284,True,,,{}
e1/ba_m4_n50.npz,13,ba_m4_n50_seed878964826,ba,50,184,greedy_rr_ls,greedy_rr_ls,0,6,6.0,0.000895,True,,,{}
e1/ba_m4_n50.npz,13,ba_m4_n50_seed878964826,ba,50,184,ilp,ilp,0,6,6.0,0.027379,True,True,6.0,"{""gap"": 0.0, ""status"": ""OPTIMAL"", ""time_limit"": 60.0}"
e1/ba_m4_n50.npz,14,ba_m4_n50_seed62397945,ba,50,184,greedy,greedy,0,7,7.0,0.000212,True,,,{}
e1/ba_m4_n50.npz,14,ba_m4_n50_seed62397945,ba,50,184,greedy_rr,greedy_rr,0,7,7.0,0.000248,True,,,{}
e1/ba_m4_n50.npz,14,ba_m4_n50_seed62397945,ba,50,184,greedy_rr_ls,greedy_rr_ls,0,7,7.0,0.004251,True,,,{}
e1/ba_m4_n50.npz,14,ba_m4_n50_seed62397945,ba,50,184,ilp,ilp,0,7,7.0,0.025504,True,True,7.0,"{""gap"": 0.0, ""status"": ""OPTIMAL"", ""time_limit"": 60.0}"
e1/ba_m4_n50.npz,15,ba_m4_n50_seed266895727,ba,50,184,greedy,greedy,0,6,6.0,0.000196,True,,,{}
e1/ba_m4_n50.npz,15,ba_m4_n50_seed266895727,ba,50,184,greedy_rr,greedy_rr,0,6,6.0,0.000240,True,,,{}
e1/ba_m4_n50.npz,15,ba_m4_n50_seed266895727,ba,50,184,greedy_rr_ls,greedy_rr_ls,0,6,6.0,0.029050,True,,,{}
e1/ba_m4_n50.npz,15,ba_m4_n50_seed266895727,ba,50,184,ilp,ilp,0,6,6.0,0.016534,True,True,6.0,"{""gap"": 0.0, ""status"": ""OPTIMAL"", ""time_limit"": 60.0}"
e1/ba_m4_n50.npz,16,ba_m4_n50_seed539289301,ba,50,184,greedy,greedy,0,6,6.0,0.000212,True,,,{}
e1/ba_m4_n50.npz,16,ba_m4_n50_seed539289301,ba,50,184,greedy_rr,greedy_rr,0,6,6.0,0.000252,True,,,{}
e1/ba_m4_n50.npz,16,ba_m4_n50_seed539289301,ba,50,184,greedy_rr_ls,greedy_rr_ls,0,6,6.0,0.001410,True,,,{}
e1/ba_m4_n50.npz,16,ba_m4_n50_seed539289301,ba,50,184,ilp,ilp,0,6,6.0,0.029089,True,True,6.0,"{""gap"": 0.0, ""status"": ""OPTIMAL"", ""time_limit"": 60.0}"
e1/ba_m4_n50.npz,17,ba_m4_n50_seed764488771,ba,50,184,greedy,greedy,0,7,7.0,0.000270,True,,,{}
e1/ba_m4_n50.npz,17,ba_m4_n50_seed764488771,ba,50,184,greedy_rr,greedy_rr,0,7,7.0,0.000410,True,,,{}
e1/ba_m4_n50.npz,17,ba_m4_n50_seed764488771,ba,50,184,greedy_rr_ls,greedy_rr_ls,0,6,6.0,0.004187,True,,,{}
e1/ba_m4_n50.npz,17,ba_m4_n50_seed764488771,ba,50,184,ilp,ilp,0,6,6.0,0.025178,True,True,6.0,"{""gap"": 0.0, ""status"": ""OPTIMAL"", ""time_limit"": 60.0}"
e1/ba_m4_n50.npz,18,ba_m4_n50_seed172087762,ba,50,184,greedy,greedy,0,6,6.0,0.000195,True,,,{}
e1/ba_m4_n50.npz,18,ba_m4_n50_seed172087762,ba,50,184,greedy_rr,greedy_rr,0,6,6.0,0.000235,True,,,{}
e1/ba_m4_n50.npz,18,ba_m4_n50_seed172087762,ba,50,184,greedy_rr_ls,greedy_rr_ls,0,6,6.0,0.002752,True,,,{}
e1/ba_m4_n50.npz,18,ba_m4_n50_seed172087762,ba,50,184,ilp,ilp,0,6,6.0,0.027043,True,True,6.0,"{""gap"": 0.0, ""status"": ""OPTIMAL"", ""time_limit"": 60.0}"
e1/ba_m4_n50.npz,19,ba_m4_n50_seed410926404,ba,50,184,greedy,greedy,0,8,8.0,0.000207,True,,,{}
e1/ba_m4_n50.npz,19,ba_m4_n50_seed410926404,ba,50,184,greedy_rr,greedy_rr,0,8,8.0,0.000250,True,,,{}
e1/ba_m4_n50.npz,19,ba_m4_n50_seed410926404,ba,50,184,greedy_rr_ls,greedy_rr_ls,0,7,7.0,0.002728,True,,,{}
e1/ba_m4_n50.npz,19,ba_m4_n50_seed410926404,ba,50,184,ilp,ilp,0,7,7.0,0.027528,True,True,7.0,"{""gap"": 0.0, ""status"": ""OPTIMAL"", ""time_limit"": 60.0}"
e1/ba_m4_n50.npz,20,ba_m4_n50_seed722623139,ba,50,184,greedy,greedy,0,7,7.0,0.000206,True,,,{}
e1/ba_m4_n50.npz,20,ba_m4_n50_seed722623139,ba,50,184,greedy_rr,greedy_rr,0,7,7.0,0.000254,True,,,{}
e1/ba_m4_n50.npz,20,ba_m4_n50_seed722623139,ba,50,184,greedy_rr_ls,greedy_rr_ls,0,7,7.0,0.003066,True,,,{}
e1/ba_m4_n50.npz,20,ba_m4_n50_seed722623139,ba,50,184,ilp,ilp,0,7,7.0,0.025492,True,True,7.0,"{""gap"": 0.0, ""status"": ""OPTIMAL"", ""time_limit"": 60.0}"
e1/ba_m4_n50.npz,21,ba_m4_n50_seed866653493,ba,50,184,greedy,greedy,0,7,7.0,0.000195,True,,,{}
e1/ba_m4_n50.npz,21,ba_m4_n50_seed866653493,ba,50,184,greedy_rr,greedy_rr,0,7,7.0,0.000244,True,,,{}
e1/ba_m4_n50.npz,21,ba_m4_n50_seed866653493,ba,50,184,greedy_rr_ls,greedy_rr_ls,0,7,7.0,0.000856,True,,,{}
e1/ba_m4_n50.npz,21,ba_m4_n50_seed866653493,ba,50,184,ilp,ilp,0,7,7.0,0.014218,True,True,7.0,"{""gap"": 0.0, ""status"": ""OPTIMAL"", ""time_limit"": 60.0}"
e1/ba_m4_n50.npz,22,ba_m4_n50_seed870602639,ba,50,184,greedy,greedy,0,6,6.0,0.000265,True,,,{}
e1/ba_m4_n50.npz,22,ba_m4_n50_seed870602639,ba,50,184,greedy_rr,greedy_rr,0,6,6.0,0.000260,True,,,{}
e1/ba_m4_n50.npz,22,ba_m4_n50_seed870602639,ba,50,184,greedy_rr_ls,greedy_rr_ls,0,6,6.0,0.002243,True,,,{}
e1/ba_m4_n50.npz,22,ba_m4_n50_seed870602639,ba,50,184,ilp,ilp,0,6,6.0,0.022258,True,True,6.0,"{""gap"": 0.0, ""status"": ""OPTIMAL"", ""time_limit"": 60.0}"
e1/ba_m4_n50.npz,23,ba_m4_n50_seed156286489,ba,50,184,greedy,greedy,0,8,8.0,0.000225,True,,,{}
e1/ba_m4_n50.npz,23,ba_m4_n50_seed156286489,ba,50,184,greedy_rr,greedy_rr,0,8,8.0,0.000271,True,,,{}
e1/ba_m4_n50.npz,23,ba_m4_n50_seed156286489,ba,50,184,greedy_rr_ls,greedy_rr_ls,0,7,7.0,0.004227,True,,,{}
e1/ba_m4_n50.npz,23,ba_m4_n50_seed156286489,ba,50,184,ilp,ilp,0,7,7.0,0.025324,True,True,7.0,"{""gap"": 0.0, ""status"": ""OPTIMAL"", ""time_limit"": 60.0}"
e1/ba_m4_n50.npz,24,ba_m4_n50_seed678926010,ba,50,184,greedy,greedy,0,6,6.0,0.000196,True,,,{}
e1/ba_m4_n50.npz,24,ba_m4_n50_seed678926010,ba,50,184,greedy_rr,greedy_rr,0,6,6.0,0.000245,True,,,{}
e1/ba_m4_n50.npz,24,ba_m4_n50_seed678926010,ba,50,184,greedy_rr_ls,greedy_rr_ls,0,6,6.0,0.013137,True,,,{}
e1/ba_m4_n50.npz,24,ba_m4_n50_seed678926010,ba,50,184,ilp,ilp,0,6,6.0,0.016564,True,True,6.0,"{""gap"": 0.0, ""status"": ""OPTIMAL"", ""time_limit"": 60.0}"
e1/ba_m4_n50.npz,25,ba_m4_n50_seed924012844,ba,50,184,greedy,greedy,0,7,7.0,0.000294,True,,,{}
e1/ba_m4_n50.npz,25,ba_m4_n50_seed924012844,ba,50,184,greedy_rr,greedy_rr,0,6,6.0,0.000280,True,,,{}
e1/ba_m4_n50.npz,25,ba_m4_n50_seed924012844,ba,50,184,greedy_rr_ls,greedy_rr_ls,0,6,6.0,0.000873,True,,,{}
e1/ba_m4_n50.npz,25,ba_m4_n50_seed924012844,ba,50,184,ilp,ilp,0,6,6.0,0.028474,True,True,6.0,"{""gap"": 0.0, ""status"": ""OPTIMAL"", ""time_limit"": 60.0}"
e1/ba_m4_n50.npz,26,ba_m4_n50_seed893522838,ba,50,184,greedy,greedy,0,8,8.0,0.000217,True,,,{}
e1/ba_m4_n50.npz,26,ba_m4_n50_seed893522838,ba,50,184,greedy_rr,greedy_rr,0,8,8.0,0.000254,True,,,{}
e1/ba_m4_n50.npz,26,ba_m4_n50_seed893522838,ba,50,184,greedy_rr_ls,greedy_rr_ls,0,8,8.0,0.009782,True,,,{}
e1/ba_m4_n50.npz,26,ba_m4_n50_seed893522838,ba,50,184,ilp,ilp,0,7,7.0,0.021026,True,True,7.0,"{""gap"": 0.0, ""status"": ""OPTIMAL"", ""time_limit"": 60.0}"
e1/ba_m4_n50.npz,27,ba_m4_n50_seed144996864,ba,50,184,greedy,greedy,0,6,6.0,0.000196,True,,,{}
e1/ba_m4_n50.npz,27,ba_m4_n50_seed144996864,ba,50,184,greedy_rr,greedy_rr,0,6,6.0,0.000241,True,,,{}
e1/ba_m4_n50.npz,27,ba_m4_n50_seed144996864,ba,50,184,greedy_rr_ls,greedy_rr_ls,0,6,6.0,0.002153,True,,,{}
e1/ba_m4_n50.npz,27,ba_m4_n50_seed144996864,ba,50,184,ilp,ilp,0,6,6.0,0.027093,True,True,6.0,"{""gap"": 0.0, ""status"": ""OPTIMAL"", ""time_limit"": 60.0}"
e1/ba_m4_n50.npz,28,ba_m4_n50_seed550097553,ba,50,184,greedy,greedy,0,7,7.0,0.000213,True,,,{}
e1/ba_m4_n50.npz,28,ba_m4_n50_seed550097553,ba,50,184,greedy_rr,greedy_rr,0,7,7.0,0.000611,True,,,{}
e1/ba_m4_n50.npz,28,ba_m4_n50_seed550097553,ba,50,184,greedy_rr_ls,greedy_rr_ls,0,7,7.0,0.008441,True,,,{}
e1/ba_m4_n50.npz,28,ba_m4_n50_seed550097553,ba,50,184,ilp,ilp,0,7,7.0,0.020171,True,True,7.0,"{""gap"": 0.0, ""status"": ""OPTIMAL"", ""time_limit"": 60.0}"
e1/ba_m4_n50.npz,29,ba_m4_n50_seed761367815,ba,50,184,greedy,greedy,0,6,6.0,0.000445,True,,,{}
e1/ba_m4_n50.npz,29,ba_m4_n50_seed761367815,ba,50,184,greedy_rr,greedy_rr,0,6,6.0,0.000993,True,,,{}
e1/ba_m4_n50.npz,29,ba_m4_n50_seed761367815,ba,50,184,greedy_rr_ls,greedy_rr_ls,0,6,6.0,0.005334,True,,,{}
e1/ba_m4_n50.npz,29,ba_m4_n50_seed761367815,ba,50,184,ilp,ilp,0,6,6.0,0.022009,True,True,6.0,"{""gap"": 0.0, ""status"": ""OPTIMAL"", ""time_limit"": 60.0}"
e1/ba_m4_n50.npz,30,ba_m4_n50_seed302598498,ba,50,184,greedy,greedy,0,7,7.0,0.000204,True,,,{}
e1/ba_m4_n50.npz,30,ba_m4_n50_seed302598498,ba,50,184,greedy_rr,greedy_rr,0,7,7.0,0.000250,True,,,{}
e1/ba_m4_n50.npz,30,ba_m4_n50_seed302598498,ba,50,184,greedy_rr_ls,greedy_rr_ls,0,7,7.0,0.000948,True,,,{}
e1/ba_m4_n50.npz,30,ba_m4_n50_seed302598498,ba,50,184,ilp,ilp,0,7,7.0,0.026944,True,True,7.0,"{""gap"": 0.0, ""status"": ""OPTIMAL"", ""time_limit"": 60.0}"
e1/ba_m4_n50.npz,31,ba_m4_n50_seed17193460,ba,50,184,greedy,greedy,0,7,7.0,0.000232,True,,,{}
e1/ba_m4_n50.npz,31,ba_m4_n50_seed17193460,ba,50,184,greedy_rr,greedy_rr,0,7,7.0,0.000249,True,,,{}
e1/ba_m4_n50.npz,31,ba_m4_n50_seed17193460,ba,50,184,greedy_rr_ls,greedy_rr_ls,0,7,7.0,0.004694,True,,,{}
e1/ba_m4_n50.npz,31,ba_m4_n50_seed17193460,ba,50,184,ilp,ilp,0,7,7.0,0.025959,True,True,7.0,"{""gap"": 0.0, ""status"": ""OPTIMAL"", ""time_limit"": 60.0}"
e1/ba_m4_n50.npz,32,ba_m4_n50_seed718243918,ba,50,184,greedy,greedy,0,9,9.0,0.000215,True,,,{}
e1/ba_m4_n50.npz,32,ba_m4_n50_seed718243918,ba,50,184,greedy_rr,greedy_rr,0,9,9.0,0.000270,True,,,{}
e1/ba_m4_n50.npz,32,ba_m4_n50_seed718243918,ba,50,184,greedy_rr_ls,greedy_rr_ls,0,8,8.0,0.002434,True,,,{}
e1/ba_m4_n50.npz,32,ba_m4_n50_seed718243918,ba,50,184,ilp,ilp,0,7,7.0,0.027664,True,True,7.0,"{""gap"": 0.0, ""status"": ""OPTIMAL"", ""time_limit"": 60.0}"
e1/ba_m4_n50.npz,33,ba_m4_n50_seed573935320,ba,50,184,greedy,greedy,0,7,7.0,0.000253,True,,,{}
e1/ba_m4_n50.npz,33,ba_m4_n50_seed573935320,ba,50,184,greedy_rr,greedy_rr,0,7,7.0,0.000365,True,,,{}
e1/ba_m4_n50.npz,33,ba_m4_n50_seed573935320,ba,50,184,greedy_rr_ls,greedy_rr_ls,0,7,7.0,0.005639,True,,,{}
e1/ba_m4_n50.npz,33,ba_m4_n50_seed573935320,ba,50,184,ilp,ilp,0,7,7.0,0.022644,True,True,7.0,"{""gap"": 0.0, ""status"": ""OPTIMAL"", ""time_limit"": 60.0}"
e1/ba_m4_n50.npz,34,ba_m4_n50_seed291276155,ba,50,184,greedy,greedy,0,6,6.0,0.000213,True,,,{}
e1/ba_m4_n50.npz,34,ba_m4_n50_seed291276155,ba,50,184,greedy_rr,greedy_rr,0,6,6.0,0.000242,True,,,{}
e1/ba_m4_n50.npz,34,ba_m4_n50_seed291276155,ba,50,184,greedy_rr_ls,greedy_rr_ls,0,6,6.0,0.006809,True,,,{}
e1/ba_m4_n50.npz,34,ba_m4_n50_seed291276155,ba,50,184,ilp,ilp,0,6,6.0,0.023356,True,True,6.0,"{""gap"": 0.0, ""status"": ""OPTIMAL"", ""time_limit"": 60.0}"
e1/ba_m4_n50.npz,35,ba_m4_n50_seed40080877,ba,50,184,greedy,greedy,0,7,7.0,0.000194,True,,,{}
e1/ba_m4_n50.npz,35,ba_m4_n50_seed40080877,ba,50,184,greedy_rr,greedy_rr,0,7,7.0,0.000243,True,,,{}
e1/ba_m4_n50.npz,35,ba_m4_n50_seed40080877,ba,50,184,greedy_rr_ls,greedy_rr_ls,0,7,7.0,0.003783,True,,,{}
e1/ba_m4_n50.npz,35,ba_m4_n50_seed40080877,ba,50,184,ilp,ilp,0,6,6.0,0.027415,True,True,6.0,"{""gap"": 0.0, ""status"": ""OPTIMAL"", ""time_limit"": 60.0}"
e1/ba_m4_n50.npz,36,ba_m4_n50_seed775636055,ba,50,184,greedy,greedy,0,7,7.0,0.000201,True,,,{}
e1/ba_m4_n50.npz,36,ba_m4_n50_seed775636055,ba,50,184,greedy_rr,greedy_rr,0,7,7.0,0.000250,True,,,{}
e1/ba_m4_n50.npz,36,ba_m4_n50_seed775636055,ba,50,184,greedy_rr_ls,greedy_rr_ls,0,7,7.0,0.002695,True,,,{}
e1/ba_m4_n50.npz,36,ba_m4_n50_seed775636055,ba,50,184,ilp,ilp,0,7,7.0,0.026057,True,True,7.0,"{""gap"": 0.0, ""status"": ""OPTIMAL"", ""time_limit"": 60.0}"
e1/ba_m4_n50.npz,37,ba_m4_n50_seed530270913,ba,50,184,greedy,greedy,0,6,6.0,0.000197,True,,,{}
e1/ba_m4_n50.npz,37,ba_m4_n50_seed530270913,ba,50,184,greedy_rr,greedy_rr,0,6,6.0,0.000240,True,,,{}
e1/ba_m4_n50.npz,37,ba_m4_n50_seed530270913,ba,50,184,greedy_rr_ls,greedy_rr_ls,0,6,6.0,0.006520,True,,,{}
e1/ba_m4_n50.npz,37,ba_m4_n50_seed530270913,ba,50,184,ilp,ilp,0,6,6.0,0.022968,True,True,6.0,"{""gap"": 0.0, ""status"": ""OPTIMAL"", ""time_limit"": 60.0}"
e1/ba_m4_n50.npz,38,ba_m4_n50_seed399688016,ba,50,184,greedy,greedy,0,5,5.0,0.000206,True,,,{}
e1/ba_m4_n50.npz,38,ba_m4_n50_seed399688016,ba,50,184,greedy_rr,greedy_rr,0,5,5.0,0.000390,True,,,{}
e1/ba_m4_n50.npz,38,ba_m4_n50_seed399688016,ba,50,184,greedy_rr_ls,greedy_rr_ls,0,5,5.0,0.001170,True,,,{}
e1/ba_m4_n50.npz,38,ba_m4_n50_seed399688016,ba,50,184,ilp,ilp,0,5,5.0,0.029539,True,True,5.0,"{""gap"": 0.0, ""status"": ""OPTIMAL"", ""time_limit"": 60.0}"
e1/ba_m4_n50.npz,39,ba_m4_n50_seed181260742,ba,50,184,greedy,greedy,0,8,8.0,0.000208,True,,,{}
e1/ba_m4_n50.npz,39,ba_m4_n50_seed181260742,ba,50,184,greedy_rr,greedy_rr,0,7,7.0,0.000269,True,,,{}
e1/ba_m4_n50.npz,39,ba_m4_n50_seed181260742,ba,50,184,greedy_rr_ls,greedy_rr_ls,0,7,7.0,0.006400,True,,,{}
e1/ba_m4_n50.npz,39,ba_m4_n50_seed181260742,ba,50,184,ilp,ilp,0,7,7.0,0.024832,True,True,7.0,"{""gap"": 0.0, ""status"": ""OPTIMAL"", ""time_limit"": 60.0}"
e1/ba_m4_n50.npz,40,ba_m4_n50_seed350454309,ba,50,184,greedy,greedy,0,7,7.0,0.000957,True,,,{}
e1/ba_m4_n50.npz,40,ba_m4_n50_seed350454309,ba,50,184,greedy_rr,greedy_rr,0,7,7.0,0.001127,True,,,{}
e1/ba_m4_n50.npz,40,ba_m4_n50_seed350454309,ba,50,184,greedy_rr_ls,greedy_rr_ls,0,7,7.0,0.012612,True,,,{}
e1/ba_m4_n50.npz,40,ba_m4_n50_seed350454309,ba,50,184,ilp,ilp,0,7,7.0,0.027288,True,True,7.0,"{""gap"": 0.0, ""status"": ""OPTIMAL"", ""time_limit"": 60.0}"
e1/ba_m4_n50.npz,41,ba_m4_n50_seed246226355,ba,50,184,greedy,greedy,0,7,7.0,0.000200,True,,,{}
e1/ba_m4_n50.npz,41,ba_m4_n50_seed246226355,ba,50,184,greedy_rr,greedy_rr,0,7,7.0,0.000251,True,,,{}
e1/ba_m4_n50.npz,41,ba_m4_n50_seed246226355,ba,50,184,greedy_rr_ls,greedy_rr_ls,0,7,7.0,0.001442,True,,,{}
e1/ba_m4_n50.npz,41,ba_m4_n50_seed246226355,ba,50,184,ilp,ilp,0,7,7.0,0.027480,True,True,7.0,"{""gap"": 0.0, ""status"": ""OPTIMAL"", ""time_limit"": 60.0}"
e1/ba_m4_n50.npz,42,ba_m4_n50_seed712256777,ba,50,184,greedy,greedy,0,7,7.0,0.000207,True,,,{}
e1/ba_m4_n50.npz,42,ba_m4_n50_seed712256777,ba,50,184,greedy_rr,greedy_rr,0,7,7.0,0.000257,True,,,{}
e1/ba_m4_n50.npz,42,ba_m4_n50_seed712256777,ba,50,184,greedy_rr_ls,greedy_rr_ls,0,7,7.0,0.002429,True,,,{}
e1/ba_m4_n50.npz,42,ba_m4_n50_seed712256777,ba,50,184,ilp,ilp,0,7,7.0,0.027852,True,True,7.0,"{""gap"": 0.0, ""status"": ""OPTIMAL"", ""time_limit"": 60.0}"
e1/ba_m4_n50.npz,43,ba_m4_n50_seed319940255,ba,50,184,greedy,greedy,0,7,7.0,0.000219,True,,,{}
e1/ba_m4_n50.npz,43,ba_m4_n50_seed319940255,ba,50,184,greedy_rr,greedy_rr,0,7,7.0,0.000252,True,,,{}
e1/ba_m4_n50.npz,43,ba_m4_n50_seed319940255,ba,50,184,greedy_rr_ls,greedy_rr_ls,0,7,7.0,0.003194,True,,,{}
e1/ba_m4_n50.npz,43,ba_m4_n50_seed319940255,ba,50,184,ilp,ilp,0,7,7.0,0.026562,True,True,7.0,"{""gap"": 0.0, ""status"": ""OPTIMAL"", ""time_limit"": 60.0}"
e1/ba_m4_n50.npz,44,ba_m4_n50_seed364365372,ba,50,184,greedy,greedy,0,8,8.0,0.000426,True,,,{}
e1/ba_m4_n50.npz,44,ba_m4_n50_seed364365372,ba,50,184,greedy_rr,greedy_rr,0,8,8.0,0.000826,True,,,{}
e1/ba_m4_n50.npz,44,ba_m4_n50_seed364365372,ba,50,184,greedy_rr_ls,greedy_rr_ls,0,8,8.0,0.012439,True,,,{}
e1/ba_m4_n50.npz,44,ba_m4_n50_seed364365372,ba,50,184,ilp,ilp,0,8,8.0,0.030622,True,True,8.0,"{""gap"": 0.0, ""status"": ""OPTIMAL"", ""time_limit"": 60.0}"
e1/ba_m4_n50.npz,45,ba_m4_n50_seed226976170,ba,50,184,greedy,greedy,0,6,6.0,0.000196,True,,,{}
e1/ba_m4_n50.npz,45,ba_m4_n50_seed226976170,ba,50,184,greedy_rr,greedy_rr,0,6,6.0,0.000250,True,,,{}
e1/ba_m4_n50.npz,45,ba_m4_n50_seed226976170,ba,50,184,greedy_rr_ls,greedy_rr_ls,0,6,6.0,0.001482,True,,,{}
e1/ba_m4_n50.npz,45,ba_m4_n50_seed226976170,ba,50,184,ilp,ilp,0,6,6.0,0.027504,True,True,6.0,"{""gap"": 0.0, ""status"": ""OPTIMAL"", ""time_limit"": 60.0}"
e1/ba_m4_n50.npz,46,ba_m4_n50_seed660664592,ba,50,184,greedy,greedy,0,9,9.0,0.000220,True,,,{}
e1/ba_m4_n50.npz,46,ba_m4_n50_seed660664592,ba,50,184,greedy_rr,greedy_rr,0,8,8.0,0.000280,True,,,{}
e1/ba_m4_n50.npz,46,ba_m4_n50_seed660664592,ba,50,184,greedy_rr_ls,greedy_rr_ls,0,7,7.0,0.003921,True,,,{}
e1/ba_m4_n50.npz,46,ba_m4_n50_seed660664592,ba,50,184,ilp,ilp,0,7,7.0,0.027364,True,True,7.0,"{""gap"": 0.0, ""status"": ""OPTIMAL"", ""time_limit"": 60.0}"
e1/ba_m4_n50.npz,47,ba_m4_n50_seed368355974,ba,50,184,greedy,greedy,0,8,8.0,0.000207,True,,,{}
e1/ba_m4_n50.npz,47,ba_m4_n50_seed368355974,ba,50,184,greedy_rr,greedy_rr,0,8,8.0,0.000252,True,,,{}
e1/ba_m4_n50.npz,47,ba_m4_n50_seed368355974,ba,50,184,greedy_rr_ls,greedy_rr_ls,0,7,7.0,0.002263,True,,,{}
e1/ba_m4_n50.npz,47,ba_m4_n50_seed368355974,ba,50,184,ilp,ilp,0,6,6.0,0.027518,True,True,6.0,"{""gap"": 0.0, ""status"": ""OPTIMAL"", ""time_limit"": 60.0}"
e1/ba_m4_n50.npz,48,ba_m4_n50_seed237894167,ba,50,184,greedy,greedy,0,8,8.0,0.000207,True,,,{}
e1/ba_m4_n50.npz,48,ba_m4_n50_seed237894167,ba,50,184,greedy_rr,greedy_rr,0,8,8.0,0.000274,True,,,{}
e1/ba_m4_n50.npz,48,ba_m4_n50_seed237894167,ba,50,184,greedy_rr_ls,greedy_rr_ls,0,7,7.0,0.006364,True,,,{}
e1/ba_m4_n50.npz,48,ba_m4_n50_seed237894167,ba,50,184,ilp,ilp,0,7,7.0,0.022728,True,True,7.0,"{""gap"": 0.0, ""status"": ""OPTIMAL"", ""time_limit"": 60.0}"
e1/ba_m4_n50.npz,49,ba_m4_n50_seed66164097,ba,50,184,greedy,greedy,0,8,8.0,0.000289,True,,,{}
e1/ba_m4_n50.npz,49,ba_m4_n50_seed66164097,ba,50,184,greedy_rr,greedy_rr,0,8,8.0,0.000392,True,,,{}
e1/ba_m4_n50.npz,49,ba_m4_n50_seed66164097,ba,50,184,greedy_rr_ls,greedy_rr_ls,0,8,8.0,0.005878,True,,,{}
e1/ba_m4_n50.npz,49,ba_m4_n50_seed66164097,ba,50,184,ilp,ilp,0,7,7.0,0.023885,True,True,7.0,"{""gap"": 0.0, ""status"": ""OPTIMAL"", ""time_limit"": 60.0}"
e1/ba_m4_n500.npz,0,ba_m4_n500_seed409495692,ba,500,1984,greedy,greedy,0,52,52.0,0.001636,True,,,{}
e1/ba_m4_n500.npz,0,ba_m4_n500_seed409495692,ba,500,1984,greedy_rr,greedy_rr,0,52,52.0,0.001819,True,,,{}
e1/ba_m4_n500.npz,0,ba_m4_n500_seed409495692,ba,500,1984,greedy_rr_ls,greedy_rr_ls,0,51,51.0,1.002611,True,,,{}
e1/ba_m4_n500.npz,0,ba_m4_n500_seed409495692,ba,500,1984,ilp,ilp,0,51,51.0,0.183785,True,True,51.0,"{""gap"": 0.0, ""status"": ""OPTIMAL"", ""time_limit"": 60.0}"
e1/ba_m4_n500.npz,1,ba_m4_n500_seed191314202,ba,500,1984,greedy,greedy,0,62,62.0,0.001474,True,,,{}
e1/ba_m4_n500.npz,1,ba_m4_n500_seed191314202,ba,500,1984,greedy_rr,greedy_rr,0,62,62.0,0.001863,True,,,{}
e1/ba_m4_n500.npz,1,ba_m4_n500_seed191314202,ba,500,1984,greedy_rr_ls,greedy_rr_ls,0,58,58.0,1.003554,True,,,{}
e1/ba_m4_n500.npz,1,ba_m4_n500_seed191314202,ba,500,1984,ilp,ilp,0,56,56.0,1.536315,True,True,56.0,"{""gap"": 0.0, ""status"": ""OPTIMAL"", ""time_limit"": 60.0}"
e1/ba_m4_n500.npz,2,ba_m4_n500_seed623797664,ba,500,1984,greedy,greedy,0,53,53.0,0.003245,True,,,{}
e1/ba_m4_n500.npz,2,ba_m4_n500_seed623797664,ba,500,1984,greedy_rr,greedy_rr,0,53,53.0,0.002723,True,,,{}
e1/ba_m4_n500.npz,2,ba_m4_n500_seed623797664,ba,500,1984,greedy_rr_ls,greedy_rr_ls,0,52,52.0,1.006996,True,,,{}
e1/ba_m4_n500.npz,2,ba_m4_n500_seed623797664,ba,500,1984,ilp,ilp,0,50,50.0,1.150474,True,True,50.0,"{""gap"": 0.0, ""status"": ""OPTIMAL"", ""time_limit"": 60.0}"
e1/ba_m4_n500.npz,3,ba_m4_n500_seed412527670,ba,500,1984,greedy,greedy,0,64,64.0,0.005158,True,,,{}
e1/ba_m4_n500.npz,3,ba_m4_n500_seed412527670,ba,500,1984,greedy_rr,greedy_rr,0,62,62.0,0.003117,True,,,{}
e1/ba_m4_n500.npz,3,ba_m4_n500_seed412527670,ba,500,1984,greedy_rr_ls,greedy_rr_ls,0,59,59.0,1.002673,True,,,{}
e1/ba_m4_n500.npz,3,ba_m4_n500_seed412527670,ba,500,1984,ilp,ilp,0,57,57.0,2.114657,True,True,57.0,"{""gap"": 0.0, ""status"": ""OPTIMAL"", ""time_limit"": 60.0}"
e1/ba_m4_n500.npz,4,ba_m4_n500_seed452832405,ba,500,1984,greedy,greedy,0,63,63.0,0.002826,True,,,{}
e1/ba_m4_n500.npz,4,ba_m4_n500_seed452832405,ba,500,1984,greedy_rr,greedy_rr,0,63,63.0,0.002477,True,,,{}
e1/ba_m4_n500.npz,4,ba_m4_n500_seed452832405,ba,500,1984,greedy_rr_ls,greedy_rr_ls,0,58,58.0,1.002664,True,,,{}
e1/ba_m4_n500.npz,4,ba_m4_n500_seed452832405,ba,500,1984,ilp,ilp,0,56,56.0,2.167008,True,True,56.0,"{""gap"": 0.0, ""status"": ""OPTIMAL"", ""time_limit"": 60.0}"
e1/ba_m4_n500.npz,5,ba_m4_n500_seed134380803,ba,500,1984,greedy,greedy,0,62,62.0,0.003984,True,,,{}
e1/ba_m4_n500.npz,5,ba_m4_n500_seed134380803,ba,500,1984,greedy_rr,greedy_rr,0,61,61.0,0.001887,True,,,{}
e1/ba_m4_n500.npz,5,ba_m4_n500_seed134380803,ba,500,1984,greedy_rr_ls,greedy_rr_ls,0,58,58.0,1.002615,True,,,{}
e1/ba_m4_n500.npz,5,ba_m4_n500_seed134380803,ba,500,1984,ilp,ilp,0,55,55.0,1.241476,True,True,55.0,"{""gap"": 0.0, ""status"": ""OPTIMAL"", ""time_limit"": 60.0}"
e1/ba_m4_n500.npz,6,ba_m4_n500_seed601631161,ba,500,1984,greedy,greedy,0,56,56.0,0.001477,True,,,{}
e1/ba_m4_n500.npz,6,ba_m4_n500_seed601631161,ba,500,1984,greedy_rr,greedy_rr,0,56,56.0,0.001977,True,,,{}
e1/ba_m4_n500.npz,6,ba_m4_n500_seed601631161,ba,500,1984,greedy_rr_ls,greedy_rr_ls,0,55,55.0,1.002521,True,,,{}
e1/ba_m4_n500.npz,6,ba_m4_n500_seed601631161,ba,500,1984,ilp,ilp,0,53,53.0,0.326442,True,True,53.0,"{""gap"": 0.0, ""status"": ""OPTIMAL"", ""time_limit"": 60.0}"
e1/ba_m4_n500.npz,7,ba_m4_n500_seed423260207,ba,500,1984,greedy,greedy,0,59,59.0,0.002382,True,,,{}
e1/ba_m4_n500.npz,7,ba_m4_n500_seed423260207,ba,500,1984,greedy_rr,greedy_rr,0,58,58.0,0.001957,True,,,{}
e1/ba_m4_n500.npz,7,ba_m4_n500_seed423260207,ba,500,1984,greedy_rr_ls,greedy_rr_ls,0,57,57.0,1.003736,True,,,{}
e1/ba_m4_n500.npz,7,ba_m4_n500_seed423260207,ba,500,1984,ilp,ilp,0,55,55.0,2.462565,True,True,55.0,"{""gap"": 0.0, ""status"": ""OPTIMAL"", ""time_limit"": 60.0}"
e1/ba_m4_n500.npz,8,ba_m4_n500_seed297001150,ba,500,1984,greedy,greedy,0,59,59.0,0.001469,True,,,{}
e1/ba_m4_n500.npz,8,ba_m4_n500_seed297001150,ba,500,1984,greedy_rr,greedy_rr,0,58,58.0,0.001886,True,,,{}
e1/ba_m4_n500.npz,8,ba_m4_n500_seed297001150,ba,500,1984,greedy_rr_ls,greedy_rr_ls,0,57,57.0,1.002445,True,,,{}
e1/ba_m4_n500.npz,8,ba_m4_n500_seed297001150,ba,500,1984,ilp,ilp,0,54,54.0,0.761457,True,True,54.0,"{""gap"": 0.0, ""status"": ""OPTIMAL"", ""time_limit"": 60.0}"
e1/ba_m4_n500.npz,9,ba_m4_n500_seed11317544,ba,500,1984,greedy,greedy,0,54,54.0,0.001416,True,,,{}
e1/ba_m4_n500.npz,9,ba_m4_n500_seed11317544,ba,500,1984,greedy_rr,greedy_rr,0,54,54.0,0.001940,True,,,{}
e1/ba_m4_n500.npz,9,ba_m4_n500_seed11317544,ba,500,1984,greedy_rr_ls,greedy_rr_ls,0,52,52.0,1.002251,True,,,{}
e1/ba_m4_n500.npz,9,ba_m4_n500_seed11317544,ba,500,1984,ilp,ilp,0,51,51.0,0.961324,True,True,51.0,"{""gap"": 0.0, ""status"": ""OPTIMAL"", ""time_limit"": 60.0}"
e1/ba_m4_n500.npz,10,ba_m4_n500_seed460768992,ba,500,1984,greedy,greedy,0,65,65.0,0.004551,True,,,{}
e1/ba_m4_n500.npz,10,ba_m4_n500_seed460768992,ba,500,1984,greedy_rr,greedy_rr,0,62,62.0,0.002395,True,,,{}
e1/ba_m4_n500.npz,10,ba_m4_n500_seed460768992,ba,500,1984,greedy_rr_ls,greedy_rr_ls,0,57,57.0,1.002661,True,,,{}
e1/ba_m4_n500.npz,10,ba_m4_n500_seed460768992,ba,500,1984,ilp,ilp,0,57,57.0,6.145479,True,True,57.0,"{""gap"": 0.0, ""status"": ""OPTIMAL"", ""time_limit"": 60.0}"
e1/ba_m4_n500.npz,11,ba_m4_n500_seed853748854,ba,500,1984,greedy,greedy,0,55,55.0,0.001625,True,,,{}
e1/ba_m4_n500.npz,11,ba_m4_n500_seed853748854,ba,500,1984,greedy_rr,greedy_rr,0,55,55.0,0.002666,True,,,{}
e1/ba_m4_n500.npz,11,ba_m4_n500_seed853748854,ba,500,1984,greedy_rr_ls,greedy_rr_ls,0,54,54.0,1.002787,True,,,{}
e1/ba_m4_n500.npz,11,ba_m4_n500_seed853748854,ba,500,1984,ilp,ilp,0,54,54.0,0.798131,True,True,54.0,"{""gap"": 0.0, ""status"": ""OPTIMAL"", ""time_limit"": 60.0}"
e1/ba_m4_n500.npz,12,ba_m4_n500_seed92612044,ba,500,1984,greedy,greedy,0,59,59.0,0.002758,True,,,{}
e1/ba_m4_n500.npz,12,ba_m4_n500_seed92612044,ba,500,1984,greedy_rr,greedy_rr,0,58,58.0,0.001877,True,,,{}
e1/ba_m4_n500.npz,12,ba_m4_n500_seed92612044,ba,500,1984,greedy_rr_ls,greedy_rr_ls,0,56,56.0,1.003077,True,,,{}
e1/ba_m4_n500.npz,12,ba_m4_n500_seed92612044,ba,500,1984,ilp,ilp,0,55,55.0,2.568116,True,True,55.0,"{""gap"": 0.0, ""status"": ""OPTIMAL"", ""time_limit"": 60.0}"
e1/ba_m4_n500.npz,13,ba_m4_n500_seed196454746,ba,500,1984,greedy,greedy,0,65,65.0,0.004726,True,,,{}
e1/ba_m4_n500.npz,13,ba_m4_n500_seed196454746,ba,500,1984,greedy_rr,greedy_rr,0,65,65.0,0.002477,True,,,{}
e1/ba_m4_n500.npz,13,ba_m4_n500_seed196454746,ba,500,1984,greedy_rr_ls,greedy_rr_ls,0,61,61.0,1.002791,True,,,{}
e1/ba_m4_n500.npz,13,ba_m4_n500_seed196454746,ba,500,1984,ilp,ilp,0,59,59.0,4.242273,True,True,59.0,"{""gap"": 0.0, ""status"": ""OPTIMAL"", ""time_limit"": 60.0}"
e1/ba_m4_n500.npz,14,ba_m4_n500_seed505709305,ba,500,1984,greedy,greedy,0,63,63.0,0.001955,True,,,{}
e1/ba_m4_n500.npz,14,ba_m4_n500_seed505709305,ba,500,1984,greedy_rr,greedy_rr,0,62,62.0,0.002055,True,,,{}
e1/ba_m4_n500.npz,14,ba_m4_n500_seed505709305,ba,500,1984,greedy_rr_ls,greedy_rr_ls,0,60,60.0,1.002759,True,,,{}
e1/ba_m4_n500.npz,14,ba_m4_n500_seed505709305,ba,500,1984,ilp,ilp,0,58,58.0,6.311421,True,True,58.0,"{""gap"": 0.0, ""status"": ""OPTIMAL"", ""time_limit"": 60.0}"
e1/ba_m4_n500.npz,15,ba_m4_n500_seed797370479,ba,500,1984,greedy,greedy,0,56,56.0,0.002106,True,,,{}
e1/ba_m4_n500.npz,15,ba_m4_n500_seed797370479,ba,500,1984,greedy_rr,greedy_rr,0,56,56.0,0.002591,True,,,{}
e1/ba_m4_n500.npz,15,ba_m4_n500_seed797370479,ba,500,1984,greedy_rr_ls,greedy_rr_ls,0,53,53.0,1.002519,True,,,{}
e1/ba_m4_n500.npz,15,ba_m4_n500_seed797370479,ba,500,1984,ilp,ilp,0,52,52.0,0.909549,True,True,52.0,"{""gap"": 0.0, ""status"": ""OPTIMAL"", ""time_limit"": 60.0}"
e1/ba_m4_n500.npz,16,ba_m4_n500_seed68837845,ba,500,1984,greedy,greedy,0,67,67.0,0.001558,True,,,{}
e1/ba_m4_n500.npz,16,ba_m4_n500_seed68837845,ba,500,1984,greedy_rr,greedy_rr,0,66,66.0,0.002138,True,,,{}
e1/ba_m4_n500.npz,16,ba_m4_n500_seed68837845,ba,500,1984,greedy_rr_ls,greedy_rr_ls,0,63,63.0,1.003031,True,,,{}
e1/ba_m4_n500.npz,16,ba_m4_n500_seed68837845,ba,500,1984,ilp,ilp,0,63,63.0,22.863191,True,True,63.0,"{""gap"": 0.0, ""status"": ""OPTIMAL"", ""time_limit"": 60.0}"
e1/ba_m4_n500.npz,17,ba_m4_n500_seed206628163,ba,500,1984,greedy,greedy,0,59,59.0,0.001695,True,,,{}
e1/ba_m4_n500.npz,17,ba_m4_n500_seed206628163,ba,500,1984,greedy_rr,greedy_rr,0,59,59.0,0.001824,True,,,{}
e1/ba_m4_n500.npz,17,ba_m4_n500_seed206628163,ba,500,1984,greedy_rr_ls,greedy_rr_ls,0,56,56.0,1.002371,True,,,{}
e1/ba_m4_n500.npz,17,ba_m4_n500_seed206628163,ba,500,1984,ilp,ilp,0,54,54.0,0.305114,True,True,54.0,"{""gap"": 0.0, ""status"": ""OPTIMAL"", ""time_limit"": 60.0}"
e1/ba_m4_n500.npz,18,ba_m4_n500_seed634535634,ba,500,1984,greedy,greedy,0,62,62.0,0.007389,True,,,{}
e1/ba_m4_n500.npz,18,ba_m4_n500_seed634535634,ba,500,1984,greedy_rr,greedy_rr,0,59,59.0,0.001933,True,,,{}
e1/ba_m4_n500.npz,18,ba_m4_n500_seed634535634,ba,500,1984,greedy_rr_ls,greedy_rr_ls,0,57,57.0,1.002978,True,,,{}
e1/ba_m4_n500.npz,18,ba_m4_n500_seed634535634,ba,500,1984,ilp,ilp,0,55,55.0,0.947646,True,True,55.0,"{""gap"": 0.0, ""status"": ""OPTIMAL"", ""time_limit"": 60.0}"
e1/ba_m4_n500.npz,19,ba_m4_n500_seed960013380,ba,500,1984,greedy,greedy,0,54,54.0,0.001883,True,,,{}
e1/ba_m4_n500.npz,19,ba_m4_n500_seed960013380,ba,500,1984,greedy_rr,greedy_rr,0,53,53.0,0.002197,True,,,{}
e1/ba_m4_n500.npz,19,ba_m4_n500_seed960013380,ba,500,1984,greedy_rr_ls,greedy_rr_ls,0,53,53.0,1.002409,True,,,{}
e1/ba_m4_n500.npz,19,ba_m4_n500_seed960013380,ba,500,1984,ilp,ilp,0,53,53.0,0.209329,True,True,53.0,"{""gap"": 0.0, ""status"": ""OPTIMAL"", ""time_limit"": 60.0}"
e1/ba_m8_n100.npz,0,ba_m8_n100_seed179166008,ba,100,736,greedy,greedy,0,9,9.0,0.000441,True,,,{}
e1/ba_m8_n100.npz,0,ba_m8_n100_seed179166008,ba,100,736,greedy_rr,greedy_rr,0,9,9.0,0.000498,True,,,{}
e1/ba_m8_n100.npz,0,ba_m8_n100_seed179166008,ba,100,736,greedy_rr_ls,greedy_rr_ls,0,7,7.0,0.026036,True,,,{}
e1/ba_m8_n100.npz,0,ba_m8_n100_seed179166008,ba,100,736,ilp,ilp,0,7,7.0,0.093904,True,True,7.0,"{""gap"": 0.0, ""status"": ""OPTIMAL"", ""time_limit"": 60.0}"
e1/ba_m8_n100.npz,1,ba_m8_n100_seed417480366,ba,100,736,greedy,greedy,0,10,10.0,0.000432,True,,,{}
e1/ba_m8_n100.npz,1,ba_m8_n100_seed417480366,ba,100,736,greedy_rr,greedy_rr,0,10,10.0,0.000527,True,,,{}
e1/ba_m8_n100.npz,1,ba_m8_n100_seed417480366,ba,100,736,greedy_rr_ls,greedy_rr_ls,0,9,9.0,0.023566,True,,,{}
e1/ba_m8_n100.npz,1,ba_m8_n100_seed417480366,ba,100,736,ilp,ilp,0,8,8.0,0.069590,True,True,8.0,"{""gap"": 0.0, ""status"": ""OPTIMAL"", ""time_limit"": 60.0}"
e1/ba_m8_n100.npz,2,ba_m8_n100_seed386867732,ba,100,736,greedy,greedy,0,7,7.0,0.000438,True,,,{}
e1/ba_m8_n100.npz,2,ba_m8_n100_seed386867732,ba,100,736,greedy_rr,greedy_rr,0,7,7.0,0.000524,True,,,{}
e1/ba_m8_n100.npz,2,ba_m8_n100_seed386867732,ba,100,736,greedy_rr_ls,greedy_rr_ls,0,7,7.0,0.057394,True,,,{}
e1/ba_m8_n100.npz,2,ba_m8_n100_seed386867732,ba,100,736,ilp,ilp,0,7,7.0,0.031511,True,True,7.0,"{""gap"": 0.0, ""status"": ""OPTIMAL"", ""time_limit"": 60.0}"
e1/ba_m8_n100.npz,3,ba_m8_n100_seed645359490,ba,100,736,greedy,greedy,0,9,9.0,0.000418,True,,,{}
e1/ba_m8_n100.npz,3,ba_m8_n100_seed645359490,ba,100,736,greedy_rr,greedy_rr,0,9,9.0,0.000529,True,,,{}
e1/ba_m8_n100.npz,3,ba_m8_n100_seed645359490,ba,100,736,greedy_rr_ls,greedy_rr_ls,0,9,9.0,0.034392,True,,,{}
e1/ba_m8_n100.npz,3,ba_m8_n100_seed645359490,ba,100,736,ilp,ilp,0,8,8.0,0.155819,True,True,8.0,"{""gap"": 0.0, ""status"": ""OPTIMAL"", ""time_limit"": 60.0}"
e1/ba_m8_n100.npz,4,ba_m8_n100_seed293771041,ba,100,736,greedy,greedy,0,9,9.0,0.000599,True,,,{}
e1/ba_m8_n100.npz,4,ba_m8_n100_seed293771041,ba,100,736,greedy_rr,greedy_rr,0,9,9.0,0.000711,True,,,{}
e1/ba_m8_n100.npz,4,ba_m8_n100_seed293771041,ba,100,736,greedy_rr_ls,greedy_rr_ls,0,8,8.0,0.004097,True,,,{}
e1/ba_m8_n100.npz,4,ba_m8_n100_seed293771041,ba,100,736,ilp,ilp,0,8,8.0,0.068567,True,True,8.0,"{""gap"": 0.0, ""status"": ""OPTIMAL"", ""time_limit"": 60.0}"
e1/ba_m8_n100.npz,5,ba_m8_n100_seed297597623,ba,100,736,greedy,greedy,0,8,8.0,0.000456,True,,,{}
e1/ba_m8_n100.npz,5,ba_m8_n100_seed297597623,ba,100,736,greedy_rr,greedy_rr,0,8,8.0,0.000732,True,,,{}
e1/ba_m8_n100.npz,5,ba_m8_n100_seed297597623,ba,100,736,greedy_rr_ls,greedy_rr_ls,0,8,8.0,0.019886,True,,,{}
e1/ba_m8_n100.npz,5,ba_m8_n100_seed297597623,ba,100,736,ilp,ilp,0,7,7.0,0.040633,True,True,7.0,"{""gap"": 0.0, ""status"": ""OPTIMAL"", ""time_limit"": 60.0}"
e1/ba_m8_n100.npz,6,ba_m8_n100_seed301686285,ba,100,736,greedy,greedy,0,9,9.0,0.000409,True,,,{}
e1/ba_m8_n100.npz,6,ba_m8_n100_seed301686285,ba,100,736,greedy_rr,greedy_rr,0,8,8.0,0.001408,True,,,{}
e1/ba_m8_n100.npz,6,ba_m8_n100_seed301686285,ba,100,736,greedy_rr_ls,greedy_rr_ls,0,8,8.0,0.018340,True,,,{}
e1/ba_m8_n100.npz,6,ba_m8_n100_seed301686285,ba,100,736,ilp,ilp,0,8,8.0,0.059323,True,True,8.0,"{""gap"": 0.0, ""status"": ""OPTIMAL"", ""time_limit"": 60.0}"
e1/ba_m8_n100.npz,7,ba_m8_n100_seed727294875,ba,100,736,greedy,greedy,0,7,7.0,0.000596,True,,,{}
e1/ba_m8_n100.npz,7,ba_m8_n100_seed727294875,ba,100,736,greedy_rr,greedy_rr,0,7,7.0,0.000686,True,,,{}
e1/ba_m8_n100.npz,7,ba_m8_n100_seed727294875,ba,100,736,greedy_rr_ls,greedy_rr_ls,0,7,7.0,0.003243,True,,,{}
e1/ba_m8_n100.npz,7,ba_m8_n100_seed727294875,ba,100,736,ilp,ilp,0,7,7.0,0.038005,True,True,7.0,"{""gap"": 0.0, ""status"": ""OPTIMAL"", ""time_limit"": 60.0}"
e1/ba_m8_n100.npz,8,ba_m8_n100_seed133718794,ba,100,736,greedy,greedy,0,7,7.0,0.000483,True,,,{}
e1/ba_m8_n100.npz,8,ba_m8_n100_seed133718794,ba,100,736,greedy_rr,greedy_rr,0,7,7.0,0.000574,True,,,{}
e1/ba_m8_n100.npz,8,ba_m8_n100_seed133718794,ba,100,736,greedy_rr_ls,greedy_rr_ls,0,7,7.0,0.133832,True,,,{}
e1/ba_m8_n100.npz,8,ba_m8_n100_seed133718794,ba,100,736,ilp,ilp,0,7,7.0,0.035315,True,True,7.0,"{""gap"": 0.0, ""status"": ""OPTIMAL"", ""time_limit"": 60.0}"
e1/ba_m8_n100.npz,9,ba_m8_n100_seed170313372,ba,100,736,greedy,greedy,0,8,8.0,0.000396,True,,,{}
e1/ba_m8_n100.npz,9,ba_m8_n100_seed170313372,ba,100,736,greedy_rr,greedy_rr,0,8,8.0,0.000552,True,,,{}
e1/ba_m8_n100.npz,9,ba_m8_n100_seed170313372,ba,100,736,greedy_rr_ls,greedy_rr_ls,0,8,8.0,0.020903,True,,,{}
e1/ba_m8_n100.npz,9,ba_m8_n100_seed170313372,ba,100,736,ilp,ilp,0,8,8.0,0.056218,True,True,8.0,"{""gap"": 0.0, ""status"": ""OPTIMAL"", ""time_limit"": 60.0}"
e1/ba_m8_n100.npz,10,ba_m8_n100_seed588241465,ba,100,736,greedy,greedy,0,8,8.0,0.000408,True,,,{}
e1/ba_m8_n100.npz,10,ba_m8_n100_seed588241465,ba,100,736,greedy_rr,greedy_rr,0,8,8.0,0.000579,True,,,{}
e1/ba_m8_n100.npz,10,ba_m8_n100_seed588241465,ba,100,736,greedy_rr_ls,greedy_rr_ls,0,8,8.0,0.005405,True,,,{}
e1/ba_m8_n100.npz,10,ba_m8_n100_seed588241465,ba,100,736,ilp,ilp,0,8,8.0,0.054488,True,True,8.0,"{""gap"": 0.0, ""status"": ""OPTIMAL"", ""time_limit"": 60.0}"
e1/ba_m8_n100.npz,11,ba_m8_n100_seed698725295,ba,100,736,greedy,greedy,0,9,9.0,0.000401,True,,,{}
e1/ba_m8_n100.npz,11,ba_m8_n100_seed698725295,ba,100,736,greedy_rr,greedy_rr,0,9,9.0,0.000513,True,,,{}
e1/ba_m8_n100.npz,11,ba_m8_n100_seed698725295,ba,100,736,greedy_rr_ls,greedy_rr_ls,0,9,9.0,0.017811,True,,,{}
e1/ba_m8_n100.npz,11,ba_m8_n100_seed698725295,ba,100,736,ilp,ilp,0,8,8.0,0.057014,True,True,8.0,"{""gap"": 0.0, ""status"": ""OPTIMAL"", ""time_limit"": 60.0}"
e1/ba_m8_n100.npz,12,ba_m8_n100_seed963047701,ba,100,736,greedy,greedy,0,8,8.0,0.000398,True,,,{}
e1/ba_m8_n100.npz,12,ba_m8_n100_seed963047701,ba,100,736,greedy_rr,greedy_rr,0,8,8.0,0.000500,True,,,{}
e1/ba_m8_n100.npz,12,ba_m8_n100_seed963047701,ba,100,736,greedy_rr_ls,greedy_rr_ls,0,8,8.0,0.021410,True,,,{}
e1/ba_m8_n100.npz,12,ba_m8_n100_seed963047701,ba,100,736,ilp,ilp,0,8,8.0,0.038610,True,True,8.0,"{""gap"": 0.0, ""status"": ""OPTIMAL"", ""time_limit"": 60.0}"
e1/ba_m8_n100.npz,13,ba_m8_n100_seed349369987,ba,100,736,greedy,greedy,0,7,7.0,0.000536,True,,,{}
e1/ba_m8_n100.npz,13,ba_m8_n100_seed349369987,ba,100,736,greedy_rr,greedy_rr,0,7,7.0,0.000776,True,,,{}
e1/ba_m8_n100.npz,13,ba_m8_n100_seed349369987,ba,100,736,greedy_rr_ls,greedy_rr_ls,0,7,7.0,0.008742,True,,,{}
e1/ba_m8_n100.npz,13,ba_m8_n100_seed349369987,ba,100,736,ilp,ilp,0,7,7.0,0.035531,True,True,7.0,"{""gap"": 0.0, ""status"": ""OPTIMAL"", ""time_limit"": 60.0}"
e1/ba_m8_n100.npz,14,ba_m8_n100_seed501554720,ba,100,736,greedy,greedy,0,8,8.0,0.000406,True,,,{}
e1/ba_m8_n100.npz,14,ba_m8_n100_seed501554720,ba,100,736,greedy_rr,greedy_rr,0,8,8.0,0.000651,True,,,{}
e1/ba_m8_n100.npz,14,ba_m8_n100_seed501554720,ba,100,736,greedy_rr_ls,greedy_rr_ls,0,8,8.0,0.011757,True,,,{}
e1/ba_m8_n100.npz,14,ba_m8_n100_seed501554720,ba,100,736,ilp,ilp,0,8,8.0,0.108703,True,True,8.0,"{""gap"": 0.0, ""status"": ""OPTIMAL"", ""time_limit"": 60.0}"
e1/ba_m8_n100.npz,15,ba_m8_n100_seed780203958,ba,100,736,greedy,greedy,0,9,9.0,0.000404,True,,,{}
e1/ba_m8_n100.npz,15,ba_m8_n100_seed780203958,ba,100,736,greedy_rr,greedy_rr,0,9,9.0,0.000505,True,,,{}
e1/ba_m8_n100.npz,15,ba_m8_n100_seed780203958,ba,100,736,greedy_rr_ls,greedy_rr_ls,0,8,8.0,0.018199,True,,,{}
e1/ba_m8_n100.npz,15,ba_m8_n100_seed780203958,ba,100,736,ilp,ilp,0,8,8.0,0.134319,True,True,8.0,"{""gap"": 0.0, ""status"": ""OPTIMAL"", ""time_limit"": 60.0}"
e1/ba_m8_n100.npz,16,ba_m8_n100_seed79293196,ba,100,736,greedy,greedy,0,9,9.0,0.001398,True,,,{}
e1/ba_m8_n100.npz,16,ba_m8_n100_seed79293196,ba,100,736,greedy_rr,greedy_rr,0,9,9.0,0.001673,True,,,{}
e1/ba_m8_n100.npz,16,ba_m8_n100_seed79293196,ba,100,736,greedy_rr_ls,greedy_rr_ls,0,8,8.0,0.023722,True,,,{}
e1/ba_m8_n100.npz,16,ba_m8_n100_seed79293196,ba,100,736,ilp,ilp,0,8,8.0,0.063755,True,True,8.0,"{""gap"": 0.0, ""status"": ""OPTIMAL"", ""time_limit"": 60.0}"
e1/ba_m8_n100.npz,17,ba_m8_n100_seed230079130,ba,100,736,greedy,greedy,0,8,8.0,0.000390,True,,,{}
e1/ba_m8_n100.npz,17,ba_m8_n100_seed230079130,ba,100,736,greedy_rr,greedy_rr,0,8,8.0,0.001912,True,,,{}
e1/ba_m8_n100.npz,17,ba_m8_n100_seed230079130,ba,100,736,greedy_rr_ls,greedy_rr_ls,0,7,7.0,0.026555,True,,,{}
e1/ba_m8_n100.npz,17,ba_m8_n100_seed230079130,ba,100,736,ilp,ilp,0,7,7.0,0.064529,True,True,7.0,"{""gap"": 0.0, ""status"": ""OPTIMAL"", ""time_limit"": 60.0}"
e1/ba_m8_n100.npz,18,ba_m8_n100_seed355947019,ba,100,736,greedy,greedy,0,8,8.0,0.000396,True,,,{}
e1/ba_m8_n100.npz,18,ba_m8_n100_seed355947019,ba,100,736,greedy_rr,greedy_rr,0,8,8.0,0.000481,True,,,{}
e1/ba_m8_n100.npz,18,ba_m8_n100_seed355947019,ba,100,736,greedy_rr_ls,greedy_rr_ls,0,8,8.0,0.020584,True,,,{}
e1/ba_m8_n100.npz,18,ba_m8_n100_seed355947019,ba,100,736,ilp,ilp,0,8,8.0,0.037921,True,True,8.0,"{""gap"": 0.0, ""status"": ""OPTIMAL"", ""time_limit"": 60.0}"
e1/ba_m8_n100.npz,19,ba_m8_n100_seed667888541,ba,100,736,greedy,greedy,0,9,9.0,0.000410,True,,,{}
e1/ba_m8_n100.npz,19,ba_m8_n100_seed667888541,ba,100,736,greedy_rr,greedy_rr,0,9,9.0,0.000523,True,,,{}
e1/ba_m8_n100.npz,19,ba_m8_n100_seed667888541,ba,100,736,greedy_rr_ls,greedy_rr_ls,0,9,9.0,0.023319,True,,,{}
e1/ba_m8_n100.npz,19,ba_m8_n100_seed667888541,ba,100,736,ilp,ilp,0,9,9.0,0.100948,True,True,9.0,"{""gap"": 0.0, ""status"": ""OPTIMAL"", ""time_limit"": 60.0}"
e1/ba_m8_n100.npz,20,ba_m8_n100_seed975473786,ba,100,736,greedy,greedy,0,8,8.0,0.000415,True,,,{}
e1/ba_m8_n100.npz,20,ba_m8_n100_seed975473786,ba,100,736,greedy_rr,greedy_rr,0,8,8.0,0.000493,True,,,{}
e1/ba_m8_n100.npz,20,ba_m8_n100_seed975473786,ba,100,736,greedy_rr_ls,greedy_rr_ls,0,8,8.0,0.008874,True,,,{}
e1/ba_m8_n100.npz,20,ba_m8_n100_seed975473786,ba,100,736,ilp,ilp,0,8,8.0,0.084206,True,True,8.0,"{""gap"": 0.0, ""status"": ""OPTIMAL"", ""time_limit"": 60.0}"
e1/ba_m8_n100.npz,21,ba_m8_n100_seed46171884,ba,100,736,greedy,greedy,0,8,8.0,0.000584,True,,,{}
e1/ba_m8_n100.npz,21,ba_m8_n100_seed46171884,ba,100,736,greedy_rr,greedy_rr,0,8,8.0,0.000755,True,,,{}
e1/ba_m8_n100.npz,21,ba_m8_n100_seed46171884,ba,100,736,greedy_rr_ls,greedy_rr_ls,0,8,8.0,0.009576,True,,,{}
e1/ba_m8_n100.npz,21,ba_m8_n100_seed46171884,ba,100,736,ilp,ilp,0,8,8.0,0.049889,True,True,8.0,"{""gap"": 0.0, ""status"": ""OPTIMAL"", ""time_limit"": 60.0}"
e1/ba_m8_n100.npz,22,ba_m8_n100_seed613687638,ba,100,736,greedy,greedy,0,8,8.0,0.000781,True,,,{}
e1/ba_m8_n100.npz,22,ba_m8_n100_seed613687638,ba,100,736,greedy_rr,greedy_rr,0,8,8.0,0.001282,True,,,{}
e1/ba_m8_n100.npz,22,ba_m8_n100_seed613687638,ba,100,736,greedy_rr_ls,greedy_rr_ls,0,8,8.0,0.066130,True,,,{}
e1/ba_m8_n100.npz,22,ba_m8_n100_seed613687638,ba,100,736,ilp,ilp,0,7,7.0,0.069842,True,True,7.0,"{""gap"": 0.0, ""status"": ""OPTIMAL"", ""time_limit"": 60.0}"
e1/ba_m8_n100.npz,23,ba_m8_n100_seed972441536,ba,100,736,greedy,greedy,0,7,7.0,0.000488,True,,,{}
e1/ba_m8_n100.npz,23,ba_m8_n100_seed972441536,ba,100,736,greedy_rr,greedy_rr,0,7,7.0,0.000624,True,,,{}
e1/ba_m8_n100.npz,23,ba_m8_n100_seed972441536,ba,100,736,greedy_rr_ls,greedy_rr_ls,0,7,7.0,0.008499,True,,,{}
e1/ba_m8_n100.npz,23,ba_m8_n100_seed972441536,ba,100,736,ilp,ilp,0,7,7.0,0.035200,True,True,7.0,"{""gap"": 0.0, ""status"": ""OPTIMAL"", ""time_limit"": 60.0}"
e1/ba_m8_n100.npz,24,ba_m8_n100_seed919621731,ba,100,736,greedy,greedy,0,7,7.0,0.000490,True,,,{}
e1/ba_m8_n100.npz,24,ba_m8_n100_seed919621731,ba,100,736,greedy_rr,greedy_rr,0,7,7.0,0.000681,True,,,{}
e1/ba_m8_n100.npz,24,ba_m8_n100_seed919621731,ba,100,736,greedy_rr_ls,greedy_rr_ls,0,7,7.0,0.023425,True,,,{}
e1/ba_m8_n100.npz,24,ba_m8_n100_seed919621731,ba,100,736,ilp,ilp,0,7,7.0,0.035393,True,True,7.0,"{""gap"": 0.0, ""status"": ""OPTIMAL"", ""time_limit"": 60.0}"
e1/ba_m8_n100.npz,25,ba_m8_n100_seed90589941,ba,100,736,greedy,greedy,0,9,9.0,0.000410,True,,,{}
e1/ba_m8_n100.npz,25,ba_m8_n100_seed90589941,ba,100,736,greedy_rr,greedy_rr,0,9,9.0,0.000770,True,,,{}
e1/ba_m8_n100.npz,25,ba_m8_n100_seed90589941,ba,100,736,greedy_rr_ls,greedy_rr_ls,0,8,8.0,0.009143,True,,,{}
e1/ba_m8_n100.npz,25,ba_m8_n100_seed90589941,ba,100,736,ilp,ilp,0,8,8.0,0.052836,True,True,8.0,"{""gap"": 0.0, ""status"": ""OPTIMAL"", ""time_limit"": 60.0}"
e1/ba_m8_n100.npz,26,ba_m8_n100_seed623338831,ba,100,736,greedy,greedy,0,9,9.0,0.000414,True,,,{}
e1/ba_m8_n100.npz,26,ba_m8_n100_seed623338831,ba,100,736,greedy_rr,greedy_rr,0,9,9.0,0.000756,True,,,{}
e1/ba_m8_n100.npz,26,ba_m8_n100_seed623338831,ba,100,736,greedy_rr_ls,greedy_rr_ls,0,9,9.0,0.014671,True,,,{}
e1/ba_m8_n100.npz,26,ba_m8_n100_seed623338831,ba,100,736,ilp,ilp,0,8,8.0,0.122786,True,True,8.0,"{""gap"": 0.0, ""status"": ""OPTIMAL"", ""time_limit"": 60.0}"
e1/ba_m8_n100.npz,27,ba_m8_n100_seed949193689,ba,100,736,greedy,greedy,0,9,9.0,0.000419,True,,,{}
e1/ba_m8_n100.npz,27,ba_m8_n100_seed949193689,ba,100,736,greedy_rr,greedy_rr,0,9,9.0,0.000629,True,,,{}
e1/ba_m8_n100.npz,27,ba_m8_n100_seed949193689,ba,100,736,greedy_rr_ls,greedy_rr_ls,0,8,8.0,0.009000,True,,,{}
e1/ba_m8_n100.npz,27,ba_m8_n100_seed949193689,ba,100,736,ilp,ilp,0,8,8.0,0.161014,True,True,8.0,"{""gap"": 0.0, ""status"": ""OPTIMAL"", ""time_limit"": 60.0}"
e1/ba_m8_n100.npz,28,ba_m8_n100_seed79641160,ba,100,736,greedy,greedy,0,9,9.0,0.000487,True,,,{}
e1/ba_m8_n100.npz,28,ba_m8_n100_seed79641160,ba,100,736,greedy_rr,greedy_rr,0,9,9.0,0.000706,True,,,{}
e1/ba_m8_n100.npz,28,ba_m8_n100_seed79641160,ba,100,736,greedy_rr_ls,greedy_rr_ls,0,8,8.0,0.015716,True,,,{}
e1/ba_m8_n100.npz,28,ba_m8_n100_seed79641160,ba,100,736,ilp,ilp,0,8,8.0,0.059895,True,True,8.0,"{""gap"": 0.0, ""status"": ""OPTIMAL"", ""time_limit"": 60.0}"
e1/ba_m8_n100.npz,29,ba_m8_n100_seed217841374,ba,100,736,greedy,greedy,0,7,7.0,0.000372,True,,,{}
e1/ba_m8_n100.npz,29,ba_m8_n100_seed217841374,ba,100,736,greedy_rr,greedy_rr,0,7,7.0,0.000506,True,,,{}
e1/ba_m8_n100.npz,29,ba_m8_n100_seed217841374,ba,100,736,greedy_rr_ls,greedy_rr_ls,0,7,7.0,0.031103,True,,,{}
e1/ba_m8_n100.npz,29,ba_m8_n100_seed217841374,ba,100,736,ilp,ilp,0,7,7.0,0.043658,True,True,7.0,"{""gap"": 0.0, ""status"": ""OPTIMAL"", ""time_limit"": 60.0}"
e1/ba_m8_n100.npz,30,ba_m8_n100_seed823770043,ba,100,736,greedy,greedy,0,9,9.0,0.000445,True,,,{}
e1/ba_m8_n100.npz,30,ba_m8_n100_seed823770043,ba,100,736,greedy_rr,greedy_rr,0,9,9.0,0.000622,True,,,{}
e1/ba_m8_n100.npz,30,ba_m8_n100_seed823770043,ba,100,736,greedy_rr_ls,greedy_rr_ls,0,9,9.0,0.027654,True,,,{}
e1/ba_m8_n100.npz,30,ba_m8_n100_seed823770043,ba,100,736,ilp,ilp,0,8,8.0,0.094961,True,True,8.0,"{""gap"": 0.0, ""status"": ""OPTIMAL"", ""time_limit"": 60.0}"
e1/ba_m8_n100.npz,31,ba_m8_n100_seed465262125,ba,100,736,greedy,greedy,0,9,9.0,0.000413,True,,,{}
e1/ba_m8_n100.npz,31,ba_m8_n100_seed465262125,ba,100,736,greedy_rr,greedy_rr,0,9,9.0,0.000602,True,,,{}
e1/ba_m8_n100.npz,31,ba_m8_n100_seed465262125,ba,100,736,greedy_rr_ls,greedy_rr_ls,0,8,8.0,0.043347,True,,,{}
e1/ba_m8_n100.npz,31,ba_m8_n100_seed465262125,ba,100,736,ilp,ilp,0,8,8.0,0.080292,True,True,8.0,"{""gap"": 0.0, ""status"": ""OPTIMAL"", ""time_limit"": 60.0}"
e1/ba_m8_n100.npz,32,ba_m8_n100_seed192746135,ba,100,736,greedy,greedy,0,8,8.0,0.000611,True,,,{}
e1/ba_m8_n100.npz,32,ba_m8_n100_seed192746135,ba,100,736,greedy_rr,greedy_rr,0,8,8.0,0.000474,True,,,{}
e1/ba_m8_n100.npz,32,ba_m8_n100_seed192746135,ba,100,736,greedy_rr_ls,greedy_rr_ls,0,8,8.0,0.019614,True,,,{}
e1/ba_m8_n100.npz,32,ba_m8_n100_seed192746135,ba,100,736,ilp,ilp,0,8,8.0,0.085386,True,True,8.0,"{""gap"": 0.0, ""status"": ""OPTIMAL"", ""time_limit"": 60.0}"
e1/ba_m8_n100.npz,33,ba_m8_n100_seed121802497,ba,100,736,greedy,greedy,0,10,10.0,0.000432,True,,,{}
e1/ba_m8_n100.npz,33,ba_m8_n100_seed121802497,ba,100,736,greedy_rr,greedy_rr,0,10,10.0,0.000534,True,,,{}
e1/ba_m8_n100.npz,33,ba_m8_n100_seed121802497,ba,100,736,greedy_rr_ls,greedy_rr_ls,0,9,9.0,0.063683,True,,,{}
e1/ba_m8_n100.npz,33,ba_m8_n100_seed121802497,ba,100,736,ilp,ilp,0,9,9.0,0.106164,True,True,9.0,"{""gap"": 0.0, ""status"": ""OPTIMAL"", ""time_limit"": 60.0}"
e1/ba_m8_n100.npz,34,ba_m8_n100_seed800554914,ba,100,736,greedy,greedy,0,8,8.0,0.000386,True,,,{}
e1/ba_m8_n100.npz,34,ba_m8_n100_seed800554914,ba,100,736,greedy_rr,greedy_rr,0,8,8.0,0.000687,True,,,{}
e1/ba_m8_n100.npz,34,ba_m8_n100_seed800554914,ba,100,736,greedy_rr_ls,greedy_rr_ls,0,8,8.0,0.059027,True,,,{}
e1/ba_m8_n100.npz,34,ba_m8_n100_seed800554914,ba,100,736,ilp,ilp,0,8,8.0,0.031026,True,True,8.0,"{""gap"": 0.0, ""status"": ""OPTIMAL"", ""time_limit"": 60.0}"
e1/ba_m8_n100.npz,35,ba_m8_n100_seed474946100,ba,100,736,greedy,greedy,0,8,8.0,0.001972,True,,,{}
e1/ba_m8_n100.npz,35,ba_m8_n100_seed474946100,ba,100,736,greedy_rr,greedy_rr,0,8,8.0,0.002956,True,,,{}
e1/ba_m8_n100.npz,35,ba_m8_n100_seed474946100,ba,100,736,greedy_rr_ls,greedy_rr_ls,0,8,8.0,0.031458,True,,,{}
e1/ba_m8_n100.npz,35,ba_m8_n100_seed474946100,ba,100,736,ilp,ilp,0,8,8.0,0.040864,True,True,8.0,"{""gap"": 0.0, ""status"": ""OPTIMAL"", ""time_limit"": 60.0}"
e1/ba_m8_n100.npz,36,ba_m8_n100_seed237131406,ba,100,736,greedy,greedy,0,7,7.0,0.000385,True,,,{}
e1/ba_m8_n100.npz,36,ba_m8_n100_seed237131406,ba,100,736,greedy_rr,greedy_rr,0,7,7.0,0.000479,True,,,{}
e1/ba_m8_n100.npz,36,ba_m8_n100_seed237131406,ba,100,736,greedy_rr_ls,greedy_rr_ls,0,7,7.0,0.017346,True,,,{}
e1/ba_m8_n100.npz,36,ba_m8_n100_seed237131406,ba,100,736,ilp,ilp,0,7,7.0,0.042255,True,True,7.0,"{""gap"": 0.0, ""status"": ""OPTIMAL"", ""time_limit"": 60.0}"
e1/ba_m8_n100.npz,37,ba_m8_n100_seed65917720,ba,100,736,greedy,greedy,0,8,8.0,0.000384,True,,,{}
e1/ba_m8_n100.npz,37,ba_m8_n100_seed65917720,ba,100,736,greedy_rr,greedy_rr,0,8,8.0,0.000487,True,,,{}
e1/ba_m8_n100.npz,37,ba_m8_n100_seed65917720,ba,100,736,greedy_rr_ls,greedy_rr_ls,0,8,8.0,0.003432,True,,,{}
e1/ba_m8_n100.npz,37,ba_m8_n100_seed65917720,ba,100,736,ilp,ilp,0,8,8.0,0.073138,True,True,8.0,"{""gap"": 0.0, ""status"": ""OPTIMAL"", ""time_limit"": 60.0}"
e1/ba_m8_n100.npz,38,ba_m8_n100_seed660943753,ba,100,736,greedy,greedy,0,6,6.0,0.000365,True,,,{}
e1/ba_m8_n100.npz,38,ba_m8_n100_seed660943753,ba,100,736,greedy_rr,greedy_rr,0,6,6.0,0.000646,True,,,{}
e1/ba_m8_n100.npz,38,ba_m8_n100_seed660943753,ba,100,736,greedy_rr_ls,greedy_rr_ls,0,6,6.0,0.003910,True,,,{}
e1/ba_m8_n100.npz,38,ba_m8_n100_seed660943753,ba,100,736,ilp,ilp,0,6,6.0,0.023726,True,True,6.0,"{""gap"": 0.0, ""status"": ""OPTIMAL"", ""time_limit"": 60.0}"
e1/ba_m8_n100.npz,39,ba_m8_n100_seed369151519,ba,100,736,greedy,greedy,0,10,10.0,0.000442,True,,,{}
e1/ba_m8_n100.npz,39,ba_m8_n100_seed369151519,ba,100,736,greedy_rr,greedy_rr,0,10,10.0,0.001390,True,,,{}
e1/ba_m8_n100.npz,39,ba_m8_n100_seed369151519,ba,100,736,greedy_rr_ls,greedy_rr_ls,0,9,9.0,0.006102,True,,,{}
e1/ba_m8_n100.npz,39,ba_m8_n100_seed369151519,ba,100,736,ilp,ilp,0,9,9.0,0.086102,True,True,9.0,"{""gap"": 0.0, ""status"": ""OPTIMAL"", ""time_limit"": 60.0}"
e1/ba_m8_n100.npz,40,ba_m8_n100_seed594933756,ba,100,736,greedy,greedy,0,6,6.0,0.000361,True,,,{}
e1/ba_m8_n100.npz,40,ba_m8_n100_seed594933756,ba,100,736,greedy_rr,greedy_rr,0,6,6.0,0.001113,True,,,{}
e1/ba_m8_n100.npz,40,ba_m8_n100_seed594933756,ba,100,736,greedy_rr_ls,greedy_rr_ls,0,6,6.0,0.033667,True,,,{}
e1/ba_m8_n100.npz,40,ba_m8_n100_seed594933756,ba,100,736,ilp,ilp,0,6,6.0,0.043638,True,True,6.0,"{""gap"": 0.0, ""status"": ""OPTIMAL"", ""time_limit"": 60.0}"
e1/ba_m8_n100.npz,41,ba_m8_n100_seed417340778,ba,100,736,greedy,greedy,0,8,8.0,0.000626,True,,,{}
e1/ba_m8_n100.npz,41,ba_m8_n100_seed417340778,ba,100,736,greedy_rr,greedy_rr,0,8,8.0,0.000780,True,,,{}
e1/ba_m8_n100.npz,41,ba_m8_n100_seed417340778,ba,100,736,greedy_rr_ls,greedy_rr_ls,0,8,8.0,0.114047,True,,,{}
e1/ba_m8_n100.npz,41,ba_m8_n100_seed417340778,ba,100,736,ilp,ilp,0,8,8.0,0.068065,True,True,8.0,"{""gap"": 0.0, ""status"": ""OPTIMAL"", ""time_limit"": 60.0}"
e1/ba_m8_n100.npz,42,ba_m8_n100_seed446937808,ba,100,736,greedy,greedy,0,9,9.0,0.000418,True,,,{}
e1/ba_m8_n100.npz,42,ba_m8_n100_seed446937808,ba,100,736,greedy_rr,greedy_rr,0,9,9.0,0.000596,True,,,{}
e1/ba_m8_n100.npz,42,ba_m8_n100_seed446937808,ba,100,736,greedy_rr_ls,greedy_rr_ls,0,8,8.0,0.008916,True,,,{}
e1/ba_m8_n100.npz,42,ba_m8_n100_seed446937808,ba,100,736,ilp,ilp,0,8,8.0,0.051679,True,True,8.0,"{""gap"": 0.0, ""status"": ""OPTIMAL"", ""time_limit"": 60.0}"
e1/ba_m8_n100.npz,43,ba_m8_n100_seed127724102,ba,100,736,greedy,greedy,0,9,9.0,0.000395,True,,,{}
e1/ba_m8_n100.npz,43,ba_m8_n100_seed127724102,ba,100,736,greedy_rr,greedy_rr,0,8,8.0,0.000520,True,,,{}
e1/ba_m8_n100.npz,43,ba_m8_n100_seed127724102,ba,100,736,greedy_rr_ls,greedy_rr_ls,0,8,8.0,0.006474,True,,,{}
e1/ba_m8_n100.npz,43,ba_m8_n100_seed127724102,ba,100,736,ilp,ilp,0,8,8.0,0.040654,True,True,8.0,"{""gap"": 0.0, ""status"": ""OPTIMAL"", ""time_limit"": 60.0}"
e1/ba_m8_n100.npz,44,ba_m8_n100_seed613463013,ba,100,736,greedy,greedy,0,10,10.0,0.000405,True,,,{}
e1/ba_m8_n100.npz,44,ba_m8_n100_seed613463013,ba,100,736,greedy_rr,greedy_rr,0,10,10.0,0.000859,True,,,{}
e1/ba_m8_n100.npz,44,ba_m8_n100_seed613463013,ba,100,736,greedy_rr_ls,greedy_rr_ls,0,9,9.0,0.037604,True,,,{}
e1/ba_m8_n100.npz,44,ba_m8_n100_seed613463013,ba,100,736,ilp,ilp,0,8,8.0,0.067314,True,True,8.0,"{""gap"": 0.0, ""status"": ""OPTIMAL"", ""time_limit"": 60.0}"
e1/ba_m8_n100.npz,45,ba_m8_n100_seed401922419,ba,100,736,greedy,greedy,0,8,8.0,0.000409,True,,,{}
e1/ba_m8_n100.npz,45,ba_m8_n100_seed401922419,ba,100,736,greedy_rr,greedy_rr,0,8,8.0,0.000533,True,,,{}
e1/ba_m8_n100.npz,45,ba_m8_n100_seed401922419,ba,100,736,greedy_rr_ls,greedy_rr_ls,0,8,8.0,0.017934,True,,,{}
e1/ba_m8_n100.npz,45,ba_m8_n100_seed401922419,ba,100,736,ilp,ilp,0,8,8.0,0.042926,True,True,8.0,"{""gap"": 0.0, ""status"": ""OPTIMAL"", ""time_limit"": 60.0}"
e1/ba_m8_n100.npz,46,ba_m8_n100_seed398849737,ba,100,736,greedy,greedy,0,8,8.0,0.000387,True,,,{}
e1/ba_m8_n100.npz,46,ba_m8_n100_seed398849737,ba,100,736,greedy_rr,greedy_rr,0,8,8.0,0.000613,True,,,{}
e1/ba_m8_n100.npz,46,ba_m8_n100_seed398849737,ba,100,736,greedy_rr_ls,greedy_rr_ls,0,8,8.0,0.029204,True,,,{}
e1/ba_m8_n100.npz,46,ba_m8_n100_seed398849737,ba,100,736,ilp,ilp,0,8,8.0,0.061579,True,True,8.0,"{""gap"": 0.0, ""status"": ""OPTIMAL"", ""time_limit"": 60.0}"
e1/ba_m8_n100.npz,47,ba_m8_n100_seed180954719,ba,100,736,greedy,greedy,0,8,8.0,0.000565,True,,,{}
e1/ba_m8_n100.npz,47,ba_m8_n100_seed180954719,ba,100,736,greedy_rr,greedy_rr,0,8,8.0,0.000586,True,,,{}
e1/ba_m8_n100.npz,47,ba_m8_n100_seed180954719,ba,100,736,greedy_rr_ls,greedy_rr_ls,0,7,7.0,0.011710,True,,,{}
e1/ba_m8_n100.npz,47,ba_m8_n100_seed180954719,ba,100,736,ilp,ilp,0,7,7.0,0.043464,True,True,7.0,"{""gap"": 0.0, ""status"": ""OPTIMAL"", ""time_limit"": 60.0}"
e1/ba_m8_n100.npz,48,ba_m8_n100_seed775843790,ba,100,736,greedy,greedy,0,9,9.0,0.000404,True,,,{}
e1/ba_m8_n100.npz,48,ba_m8_n100_seed775843790,ba,100,736,greedy_rr,greedy_rr,0,9,9.0,0.000502,True,,,{}
e1/ba_m8_n100.npz,48,ba_m8_n100_seed775843790,ba,100,736,greedy_rr_ls,greedy_rr_ls,0,8,8.0,0.027291,True,,,{}
e1/ba_m8_n100.npz,48,ba_m8_n100_seed775843790,ba,100,736,ilp,ilp,0,8,8.0,0.066720,True,True,8.0,"{""gap"": 0.0, ""status"": ""OPTIMAL"", ""time_limit"": 60.0}"
e1/ba_m8_n100.npz,49,ba_m8_n100_seed531010904,ba,100,736,greedy,greedy,0,7,7.0,0.000402,True,,,{}
e1/ba_m8_n100.npz,49,ba_m8_n100_seed531010904,ba,100,736,greedy_rr,greedy_rr,0,7,7.0,0.000575,True,,,{}
e1/ba_m8_n100.npz,49,ba_m8_n100_seed531010904,ba,100,736,greedy_rr_ls,greedy_rr_ls,0,7,7.0,0.011811,True,,,{}
e1/ba_m8_n100.npz,49,ba_m8_n100_seed531010904,ba,100,736,ilp,ilp,0,7,7.0,0.047856,True,True,7.0,"{""gap"": 0.0, ""status"": ""OPTIMAL"", ""time_limit"": 60.0}"
e1/ba_m8_n1000.npz,0,ba_m8_n1000_seed649764437,ba,1000,7936,greedy,greedy,0,67,67.0,0.003883,True,,,{}
e1/ba_m8_n1000.npz,0,ba_m8_n1000_seed649764437,ba,1000,7936,greedy_rr,greedy_rr,0,66,66.0,0.006769,True,,,{}
e1/ba_m8_n1000.npz,0,ba_m8_n1000_seed649764437,ba,1000,7936,greedy_rr_ls,greedy_rr_ls,0,64,64.0,1.009813,True,,,{}
e1/ba_m8_n1000.npz,0,ba_m8_n1000_seed649764437,ba,1000,7936,ilp,ilp,0,60,60.0,60.105346,True,False,53.0,"{""gap"": 0.11666666666666667, ""status"": ""FEASIBLE"", ""time_limit"": 60.0}"
e1/ba_m8_n1000.npz,1,ba_m8_n1000_seed358250691,ba,1000,7936,greedy,greedy,0,64,64.0,0.005678,True,,,{}
e1/ba_m8_n1000.npz,1,ba_m8_n1000_seed358250691,ba,1000,7936,greedy_rr,greedy_rr,0,64,64.0,0.005601,True,,,{}
e1/ba_m8_n1000.npz,1,ba_m8_n1000_seed358250691,ba,1000,7936,greedy_rr_ls,greedy_rr_ls,0,63,63.0,1.006076,True,,,{}
e1/ba_m8_n1000.npz,1,ba_m8_n1000_seed358250691,ba,1000,7936,ilp,ilp,0,59,59.0,60.116712,True,False,51.0,"{""gap"": 0.13559322033898305, ""status"": ""FEASIBLE"", ""time_limit"": 60.0}"
e1/ba_m8_n1000.npz,2,ba_m8_n1000_seed354300793,ba,1000,7936,greedy,greedy,0,69,69.0,0.004930,True,,,{}
e1/ba_m8_n1000.npz,2,ba_m8_n1000_seed354300793,ba,1000,7936,greedy_rr,greedy_rr,0,69,69.0,0.005548,True,,,{}
e1/ba_m8_n1000.npz,2,ba_m8_n1000_seed354300793,ba,1000,7936,greedy_rr_ls,greedy_rr_ls,0,67,67.0,1.007672,True,,,{}
e1/ba_m8_n1000.npz,2,ba_m8_n1000_seed354300793,ba,1000,7936,ilp,ilp,0,63,63.0,60.122055,True,False,53.0,"{""gap"": 0.15873015873015872, ""status"": ""FEASIBLE"", ""time_limit"": 60.0}"
e1/ba_m8_n1000.npz,3,ba_m8_n1000_seed216100847,ba,1000,7936,greedy,greedy,0,68,68.0,0.010358,True,,,{}
e1/ba_m8_n1000.npz,3,ba_m8_n1000_seed216100847,ba,1000,7936,greedy_rr,greedy_rr,0,68,68.0,0.006323,True,,,{}
e1/ba_m8_n1000.npz,3,ba_m8_n1000_seed216100847,ba,1000,7936,greedy_rr_ls,greedy_rr_ls,0,65,65.0,1.006674,True,,,{}
e1/ba_m8_n1000.npz,3,ba_m8_n1000_seed216100847,ba,1000,7936,ilp,ilp,0,61,61.0,60.417821,True,False,52.0,"{""gap"": 0.14754098360655737, ""status"": ""FEASIBLE"", ""time_limit"": 60.0}"
e1/ba_m8_n1000.npz,4,ba_m8_n1000_seed706107980,ba,1000,7936,greedy,greedy,0,65,65.0,0.009256,True,,,{}
e1/ba_m8_n1000.npz,4,ba_m8_n1000_seed706107980,ba,1000,7936,greedy_rr,greedy_rr,0,65,65.0,0.009597,True,,,{}
e1/ba_m8_n1000.npz,4,ba_m8_n1000_seed706107980,ba,1000,7936,greedy_rr_ls,greedy_rr_ls,0,64,64.0,1.012305,True,,,{}
e1/ba_m8_n1000.npz,4,ba_m8_n1000_seed706107980,ba,1000,7936,ilp,ilp,0,61,61.0,60.139620,True,False,53.0,"{""gap"": 0.13114754098360656, ""status"": ""FEASIBLE"", ""time_limit"": 60.0}"
e1/ba_m8_n1000.npz,5,ba_m8_n1000_seed313537754,ba,1000,7936,greedy,greedy,0,63,63.0,0.007703,True,,,{}
e1/ba_m8_n1000.npz,5,ba_m8_n1000_seed313537754,ba,1000,7936,greedy_rr,greedy_rr,0,63,63.0,0.008254,True,,,{}
e1/ba_m8_n1000.npz,5,ba_m8_n1000_seed313537754,ba,1000,7936,greedy_rr_ls,greedy_rr_ls,0,61,61.0,1.008611,True,,,{}
e1/ba_m8_n1000.npz,5,ba_m8_n1000_seed313537754,ba,1000,7936,ilp,ilp,0,59,59.0,60.121939,True,False,52.0,"{""gap"": 0.11864406779661017, ""status"": ""FEASIBLE"", ""time_limit"": 60.0}"
e1/ba_m8_n1000.npz,6,ba_m8_n1000_seed344026976,ba,1000,7936,greedy,greedy,0,64,64.0,0.012536,True,,,{}
e1/ba_m8_n1000.npz,6,ba_m8_n1000_seed344026976,ba,1000,7936,greedy_rr,greedy_rr,0,63,63.0,0.007814,True,,,{}
e1/ba_m8_n1000.npz,6,ba_m8_n1000_seed344026976,ba,1000,7936,greedy_rr_ls,greedy_rr_ls,0,62,62.0,1.008251,True,,,{}
e1/ba_m8_n1000.npz,6,ba_m8_n1000_seed344026976,ba,1000,7936,ilp,ilp,0,59,59.0,60.137515,True,False,51.0,"{""gap"": 0.13559322033898305, ""status"": ""FEASIBLE"", ""time_limit"": 60.0}"
e1/ba_m8_n1000.npz,7,ba_m8_n1000_seed240036854,ba,1000,7936,greedy,greedy,0,64,64.0,0.009799,True,,,{}
e1/ba_m8_n1000.npz,7,ba_m8_n1000_seed240036854,ba,1000,7936,greedy_rr,greedy_rr,0,64,64.0,0.007806,True,,,{}
e1/ba_m8_n1000.npz,7,ba_m8_n1000_seed240036854,ba,1000,7936,greedy_rr_ls,greedy_rr_ls,0,63,63.0,1.008564,True,,,{}
e1/ba_m8_n1000.npz,7,ba_m8_n1000_seed240036854,ba,1000,7936,ilp,ilp,0,59,59.0,60.110414,True,False,52.0,"{""gap"": 0.11864406779661017, ""status"": ""FEASIBLE"", ""time_limit"": 60.0}"
e1/ba_m8_n1000.npz,8,ba_m8_n1000_seed830740071,ba,1000,7936,greedy,greedy,0,57,57.0,0.006466,True,,,{}
e1/ba_m8_n1000.npz,8,ba_m8_n1000_seed830740071,ba,1000,7936,greedy_rr,greedy_rr,0,56,56.0,0.007180,True,,,{}
e1/ba_m8_n1000.npz,8,ba_m8_n1000_seed830740071,ba,1000,7936,greedy_rr_ls,greedy_rr_ls,0,55,55.0,1.006257,True,,,{}
e1/ba_m8_n1000.npz,8,ba_m8_n1000_seed830740071,ba,1000,7936,ilp,ilp,0,53,53.0,60.121370,True,False,47.0,"{""gap"": 0.11320754716981132, ""status"": ""FEASIBLE"", ""time_limit"": 60.0}"
e1/ba_m8_n1000.npz,9,ba_m8_n1000_seed471986417,ba,1000,7936,greedy,greedy,0,61,61.0,0.011997,True,,,{}
e1/ba_m8_n1000.npz,9,ba_m8_n1000_seed471986417,ba,1000,7936,greedy_rr,greedy_rr,0,61,61.0,0.006032,True,,,{}
e1/ba_m8_n1000.npz,9,ba_m8_n1000_seed471986417,ba,1000,7936,greedy_rr_ls,greedy_rr_ls,0,59,59.0,1.011320,True,,,{}
e1/ba_m8_n1000.npz,9,ba_m8_n1000_seed471986417,ba,1000,7936,ilp,ilp,0,58,58.0,60.121222,True,False,50.0,"{""gap"": 0.13793103448275862, ""status"": ""FEASIBLE"", ""time_limit"": 60.0}"
e1/ba_m8_n1000.npz,10,ba_m8_n1000_seed160807638,ba,1000,7936,greedy,greedy,0,64,64.0,0.004211,True,,,{}
e1/ba_m8_n1000.npz,10,ba_m8_n1000_seed160807638,ba,1000,7936,greedy_rr,greedy_rr,0,64,64.0,0.004348,True,,,{}
e1/ba_m8_n1000.npz,10,ba_m8_n1000_seed160807638,ba,1000,7936,greedy_rr_ls,greedy_rr_ls,0,60,60.0,0.647500,True,,,{}
e1/ba_m8_n1000.npz,10,ba_m8_n1000_seed160807638,ba,1000,7936,ilp,ilp,0,58,58.0,60.098970,True,False,50.0,"{""gap"": 0.13793103448275862, ""status"": ""FEASIBLE"", ""time_limit"": 60.0}"
e1/ba_m8_n1000.npz,11,ba_m8_n1000_seed156849728,ba,1000,7936,greedy,greedy,0,65,65.0,0.004496,True,,,{}
e1/ba_m8_n1000.npz,11,ba_m8_n1000_seed156849728,ba,1000,7936,greedy_rr,greedy_rr,0,65,65.0,0.005001,True,,,{}
e1/ba_m8_n1000.npz,11,ba_m8_n1000_seed156849728,ba,1000,7936,greedy_rr_ls,greedy_rr_ls,0,63,63.0,1.005638,True,,,{}
e1/ba_m8_n1000.npz,11,ba_m8_n1000_seed156849728,ba,1000,7936,ilp,ilp,0,61,61.0,60.298088,True,False,53.0,"{""gap"": 0.13114754098360656, ""status"": ""FEASIBLE"", ""time_limit"": 60.0}"
e1/ba_m8_n1000.npz,12,ba_m8_n1000_seed857924602,ba,1000,7936,greedy,greedy,0,67,67.0,0.006405,True,,,{}
e1/ba_m8_n1000.npz,12,ba_m8_n1000_seed857924602,ba,1000,7936,greedy_rr,greedy_rr,0,67,67.0,0.006103,True,,,{}
e1/ba_m8_n1000.npz,12,ba_m8_n1000_seed857924602,ba,1000,7936,greedy_rr_ls,greedy_rr_ls,0,66,66.0,1.007372,True,,,{}
e1/ba_m8_n1000.npz,12,ba_m8_n1000_seed857924602,ba,1000,7936,ilp,ilp,0,61,61.0,73.302115,True,False,53.0,"{""gap"": 0.13114754098360656, ""status"": ""FEASIBLE"", ""time_limit"": 60.0}"
e1/ba_m8_n1000.npz,13,ba_m8_n1000_seed432184684,ba,1000,7936,greedy,greedy,0,67,67.0,0.003167,True,,,{}
e1/ba_m8_n1000.npz,13,ba_m8_n1000_seed432184684,ba,1000,7936,greedy_rr,greedy_rr,0,67,67.0,0.003286,True,,,{}
e1/ba_m8_n1000.npz,13,ba_m8_n1000_seed432184684,ba,1000,7936,greedy_rr_ls,greedy_rr_ls,0,65,65.0,1.004228,True,,,{}
e1/ba_m8_n1000.npz,13,ba_m8_n1000_seed432184684,ba,1000,7936,ilp,ilp,0,62,62.0,60.076291,True,False,53.0,"{""gap"": 0.14516129032258066, ""status"": ""FEASIBLE"", ""time_limit"": 60.0}"
e1/ba_m8_n1000.npz,14,ba_m8_n1000_seed271154895,ba,1000,7936,greedy,greedy,0,68,68.0,0.002993,True,,,{}
e1/ba_m8_n1000.npz,14,ba_m8_n1000_seed271154895,ba,1000,7936,greedy_rr,greedy_rr,0,66,66.0,0.002470,True,,,{}
e1/ba_m8_n1000.npz,14,ba_m8_n1000_seed271154895,ba,1000,7936,greedy_rr_ls,greedy_rr_ls,0,62,62.0,1.003136,True,,,{}
e1/ba_m8_n1000.npz,14,ba_m8_n1000_seed271154895,ba,1000,7936,ilp,ilp,0,60,60.0,60.057644,True,False,53.0,"{""gap"": 0.11666666666666667, ""status"": ""FEASIBLE"", ""time_limit"": 60.0}"
e1/ba_m8_n1000.npz,15,ba_m8_n1000_seed32971353,ba,1000,7936,greedy,greedy,0,59,59.0,0.002649,True,,,{}
e1/ba_m8_n1000.npz,15,ba_m8_n1000_seed32971353,ba,1000,7936,greedy_rr,greedy_rr,0,59,59.0,0.002426,True,,,{}
e1/ba_m8_n1000.npz,15,ba_m8_n1000_seed32971353,ba,1000,7936,greedy_rr_ls,greedy_rr_ls,0,58,58.0,1.003148,True,,,{}
e1/ba_m8_n1000.npz,15,ba_m8_n1000_seed32971353,ba,1000,7936,ilp,ilp,0,56,56.0,60.070916,True,False,50.0,"{""gap"": 0.10714285714285714, ""status"": ""FEASIBLE"", ""time_limit"": 60.0}"
e1/ba_m8_n1000.npz,16,ba_m8_n1000_seed768485347,ba,1000,7936,greedy,greedy,0,66,66.0,0.002492,True,,,{}
e1/ba_m8_n1000.npz,16,ba_m8_n1000_seed768485347,ba,1000,7936,greedy_rr,greedy_rr,0,65,65.0,0.002629,True,,,{}
e1/ba_m8_n1000.npz,16,ba_m8_n1000_seed768485347,ba,1000,7936,greedy_rr_ls,greedy_rr_ls,0,61,61.0,1.003869,True,,,{}
e1/ba_m8_n1000.npz,16,ba_m8_n1000_seed768485347,ba,1000,7936,ilp,ilp,0,59,59.0,60.072348,True,False,51.0,"{""gap"": 0.13559322033898305, ""status"": ""FEASIBLE"", ""time_limit"": 60.0}"
e1/ba_m8_n1000.npz,17,ba_m8_n1000_seed510124405,ba,1000,7936,greedy,greedy,0,63,63.0,0.003388,True,,,{}
e1/ba_m8_n1000.npz,17,ba_m8_n1000_seed510124405,ba,1000,7936,greedy_rr,greedy_rr,0,62,62.0,0.003048,True,,,{}
e1/ba_m8_n1000.npz,17,ba_m8_n1000_seed510124405,ba,1000,7936,greedy_rr_ls,greedy_rr_ls,0,61,61.0,1.004220,True,,,{}
e1/ba_m8_n1000.npz,17,ba_m8_n1000_seed510124405,ba,1000,7936,ilp,ilp,0,57,57.0,60.092090,True,False,51.0,"{""gap"": 0.10526315789473684, ""status"": ""FEASIBLE"", ""time_limit"": 60.0}"
e1/ba_m8_n1000.npz,18,ba_m8_n1000_seed398148324,ba,1000,7936,greedy,greedy,0,65,65.0,0.003535,True,,,{}
e1/ba_m8_n1000.npz,18,ba_m8_n1000_seed398148324,ba,1000,7936,greedy_rr,greedy_rr,0,65,65.0,0.004231,True,,,{}
e1/ba_m8_n1000.npz,18,ba_m8_n1000_seed398148324,ba,1000,7936,greedy_rr_ls,greedy_rr_ls,0,63,63.0,1.005036,True,,,{}
e1/ba_m8_n1000.npz,18,ba_m8_n1000_seed398148324,ba,1000,7936,ilp,ilp,0,60,60.0,60.072229,True,False,51.0,"{""gap"": 0.15, ""status"": ""FEASIBLE"", ""time_limit"": 60.0}"
e1/ba_m8_n1000.npz,19,ba_m8_n1000_seed193257074,ba,1000,7936,greedy,greedy,0,67,67.0,0.003589,True,,,{}
e1/ba_m8_n1000.npz,19,ba_m8_n1000_seed193257074,ba,1000,7936,greedy_rr,greedy_rr,0,67,67.0,0.002651,True,,,{}
e1/ba_m8_n1000.npz,19,ba_m8_n1000_seed193257074,ba,1000,7936,greedy_rr_ls,greedy_rr_ls,0,65,65.0,1.003264,True,,,{}
e1/ba_m8_n1000.npz,19,ba_m8_n1000_seed193257074,ba,1000,7936,ilp,ilp,0,61,61.0,60.147930,True,False,52.0,"{""gap"": 0.14754098360655737, ""status"": ""FEASIBLE"", ""time_limit"": 60.0}"
e1/ba_m8_n20.npz,0,ba_m8_n20_seed427227863,ba,20,96,greedy,greedy,0,2,2.0,0.000137,True,,,{}
e1/ba_m8_n20.npz,0,ba_m8_n20_seed427227863,ba,20,96,greedy_rr,greedy_rr,0,2,2.0,0.000093,True,,,{}
e1/ba_m8_n20.npz,0,ba_m8_n20_seed427227863,ba,20,96,greedy_rr_ls,greedy_rr_ls,0,2,2.0,0.000499,True,,,{}
e1/ba_m8_n20.npz,0,ba_m8_n20_seed427227863,ba,20,96,ilp,ilp,0,2,2.0,0.011279,True,True,2.0,"{""gap"": 0.0, ""status"": ""OPTIMAL"", ""time_limit"": 60.0}"
e1/ba_m8_n20.npz,1,ba_m8_n20_seed887316545,ba,20,96,greedy,greedy,0,2,2.0,0.000112,True,,,{}
e1/ba_m8_n20.npz,1,ba_m8_n20_seed887316545,ba,20,96,greedy_rr,greedy_rr,0,2,2.0,0.000144,True,,,{}
e1/ba_m8_n20.npz,1,ba_m8_n20_seed887316545,ba,20,96,greedy_rr_ls,greedy_rr_ls,0,2,2.0,0.000346,True,,,{}
e1/ba_m8_n20.npz,1,ba_m8_n20_seed887316545,ba,20,96,ilp,ilp,0,2,2.0,0.014554,True,True,2.0,"{""gap"": 0.0, ""status"": ""OPTIMAL"", ""time_limit"": 60.0}"
e1/ba_m8_n20.npz,2,ba_m8_n20_seed126147067,ba,20,96,greedy,greedy,0,2,2.0,0.000079,True,,,{}
e1/ba_m8_n20.npz,2,ba_m8_n20_seed126147067,ba,20,96,greedy_rr,greedy_rr,0,2,2.0,0.000089,True,,,{}
e1/ba_m8_n20.npz,2,ba_m8_n20_seed126147067,ba,20,96,greedy_rr_ls,greedy_rr_ls,0,2,2.0,0.001677,True,,,{}
e1/ba_m8_n20.npz,2,ba_m8_n20_seed126147067,ba,20,96,ilp,ilp,0,2,2.0,0.014222,True,True,2.0,"{""gap"": 0.0, ""status"": ""OPTIMAL"", ""time_limit"": 60.0}"
e1/ba_m8_n20.npz,3,ba_m8_n20_seed162880877,ba,20,96,greedy,greedy,0,2,2.0,0.000108,True,,,{}
e1/ba_m8_n20.npz,3,ba_m8_n20_seed162880877,ba,20,96,greedy_rr,greedy_rr,0,2,2.0,0.000086,True,,,{}
e1/ba_m8_n20.npz,3,ba_m8_n20_seed162880877,ba,20,96,greedy_rr_ls,greedy_rr_ls,0,2,2.0,1.000214,True,,,{}
e1/ba_m8_n20.npz,3,ba_m8_n20_seed162880877,ba,20,96,ilp,ilp,0,2,2.0,0.011181,True,True,2.0,"{""gap"": 0.0, ""status"": ""OPTIMAL"", ""time_limit"": 60.0}"
e1/ba_m8_n20.npz,4,ba_m8_n20_seed539246286,ba,20,96,greedy,greedy,0,2,2.0,0.000095,True,,,{}
e1/ba_m8_n20.npz,4,ba_m8_n20_seed539246286,ba,20,96,greedy_rr,greedy_rr,0,2,2.0,0.000090,True,,,{}
e1/ba_m8_n20.npz,4,ba_m8_n20_seed539246286,ba,20,96,greedy_rr_ls,greedy_rr_ls,0,2,2.0,0.000462,True,,,{}
e1/ba_m8_n20.npz,4,ba_m8_n20_seed539246286,ba,20,96,ilp,ilp,0,2,2.0,0.016611,True,True,2.0,"{""gap"": 0.0, ""status"": ""OPTIMAL"", ""time_limit"": 60.0}"
e1/ba_m8_n20.npz,5,ba_m8_n20_seed763798616,ba,20,96,greedy,greedy,0,2,2.0,0.000084,True,,,{}
e1/ba_m8_n20.npz,5,ba_m8_n20_seed763798616,ba,20,96,greedy_rr,greedy_rr,0,2,2.0,0.000087,True,,,{}
e1/ba_m8_n20.npz,5,ba_m8_n20_seed763798616,ba,20,96,greedy_rr_ls,greedy_rr_ls,0,2,2.0,0.000346,True,,,{}
e1/ba_m8_n20.npz,5,ba_m8_n20_seed763798616,ba,20,96,ilp,ilp,0,2,2.0,0.014072,True,True,2.0,"{""gap"": 0.0, ""status"": ""OPTIMAL"", ""time_limit"": 60.0}"
e1/ba_m8_n20.npz,6,ba_m8_n20_seed35298786,ba,20,96,greedy,greedy,0,2,2.0,0.000090,True,,,{}
e1/ba_m8_n20.npz,6,ba_m8_n20_seed35298786,ba,20,96,greedy_rr,greedy_rr,0,2,2.0,0.000090,True,,,{}
e1/ba_m8_n20.npz,6,ba_m8_n20_seed35298786,ba,20,96,greedy_rr_ls,greedy_rr_ls,0,2,2.0,0.000629,True,,,{}
e1/ba_m8_n20.npz,6,ba_m8_n20_seed35298786,ba,20,96,ilp,ilp,0,2,2.0,0.013658,True,True,2.0,"{""gap"": 0.0, ""status"": ""OPTIMAL"", ""time_limit"": 60.0}"
e1/ba_m8_n20.npz,7,ba_m8_n20_seed240198004,ba,20,96,greedy,greedy,0,2,2.0,0.000092,True,,,{}
e1/ba_m8_n20.npz,7,ba_m8_n20_seed240198004,ba,20,96,greedy_rr,greedy_rr,0,2,2.0,0.000085,True,,,{}
e1/ba_m8_n20.npz,7,ba_m8_n20_seed240198004,ba,20,96,greedy_rr_ls,greedy_rr_ls,0,2,2.0,0.001407,True,,,{}
e1/ba_m8_n20.npz,7,ba_m8_n20_seed240198004,ba,20,96,ilp,ilp,0,2,2.0,0.013953,True,True,2.0,"{""gap"": 0.0, ""status"": ""OPTIMAL"", ""time_limit"": 60.0}"
e1/ba_m8_n20.npz,8,ba_m8_n20_seed668107493,ba,20,96,greedy,greedy,0,2,2.0,0.000084,True,,,{}
e1/ba_m8_n20.npz,8,ba_m8_n20_seed668107493,ba,20,96,greedy_rr,greedy_rr,0,2,2.0,0.000091,True,,,{}
e1/ba_m8_n20.npz,8,ba_m8_n20_seed668107493,ba,20,96,greedy_rr_ls,greedy_rr_ls,0,2,2.0,0.000653,True,,,{}
e1/ba_m8_n20.npz,8,ba_m8_n20_seed668107493,ba,20,96,ilp,ilp,0,2,2.0,0.013976,True,True,2.0,"{""gap"": 0.0, ""status"": ""OPTIMAL"", ""time_limit"": 60.0}"
e1/ba_m8_n20.npz,9,ba_m8_n20_seed926476403,ba,20,96,greedy,greedy,0,2,2.0,0.000087,True,,,{}
e1/ba_m8_n20.npz,9,ba_m8_n20_seed926476403,ba,20,96,greedy_rr,greedy_rr,0,2,2.0,0.000091,True,,,{}
e1/ba_m8_n20.npz,9,ba_m8_n20_seed926476403,ba,20,96,greedy_rr_ls,greedy_rr_ls,0,2,2.0,0.000362,True,,,{}
e1/ba_m8_n20.npz,9,ba_m8_n20_seed926476403,ba,20,96,ilp,ilp,0,2,2.0,0.014451,True,True,2.0,"{""gap"": 0.0, ""status"": ""OPTIMAL"", ""time_limit"": 60.0}"
e1/ba_m8_n20.npz,10,ba_m8_n20_seed206716932,ba,20,96,greedy,greedy,0,2,2.0,0.000088,True,,,{}
e1/ba_m8_n20.npz,10,ba_m8_n20_seed206716932,ba,20,96,greedy_rr,greedy_rr,0,2,2.0,0.000085,True,,,{}
e1/ba_m8_n20.npz,10,ba_m8_n20_seed206716932,ba,20,96,greedy_rr_ls,greedy_rr_ls,0,2,2.0,0.001963,True,,,{}
e1/ba_m8_n20.npz,10,ba_m8_n20_seed206716932,ba,20,96,ilp,ilp,0,2,2.0,0.013067,True,True,2.0,"{""gap"": 0.0, ""status"": ""OPTIMAL"", ""time_limit"": 60.0}"
e1/ba_m8_n20.npz,11,ba_m8_n20_seed102620050,ba,20,96,greedy,greedy,0,2,2.0,0.000117,True,,,{}
e1/ba_m8_n20.npz,11,ba_m8_n20_seed102620050,ba,20,96,greedy_rr,greedy_rr,0,2,2.0,0.000087,True,,,{}
e1/ba_m8_n20.npz,11,ba_m8_n20_seed102620050,ba,20,96,greedy_rr_ls,greedy_rr_ls,0,2,2.0,0.001500,True,,,{}
e1/ba_m8_n20.npz,11,ba_m8_n20_seed102620050,ba,20,96,ilp,ilp,0,2,2.0,0.012999,True,True,2.0,"{""gap"": 0.0, ""status"": ""OPTIMAL"", ""time_limit"": 60.0}"
e1/ba_m8_n20.npz,12,ba_m8_n20_seed837249832,ba,20,96,greedy,greedy,0,2,2.0,0.000110,True,,,{}
e1/ba_m8_n20.npz,12,ba_m8_n20_seed837249832,ba,20,96,greedy_rr,greedy_rr,0,2,2.0,0.000126,True,,,{}
e1/ba_m8_n20.npz,12,ba_m8_n20_seed837249832,ba,20,96,greedy_rr_ls,greedy_rr_ls,0,2,2.0,0.000357,True,,,{}
e1/ba_m8_n20.npz,12,ba_m8_n20_seed837249832,ba,20,96,ilp,ilp,0,2,2.0,0.014596,True,True,2.0,"{""gap"": 0.0, ""status"": ""OPTIMAL"", ""time_limit"": 60.0}"
e1/ba_m8_n20.npz,13,ba_m8_n20_seed444540094,ba,20,96,greedy,greedy,0,2,2.0,0.000116,True,,,{}
e1/ba_m8_n20.npz,13,ba_m8_n20_seed444540094,ba,20,96,greedy_rr,greedy_rr,0,2,2.0,0.000090,True,,,{}
e1/ba_m8_n20.npz,13,ba_m8_n20_seed444540094,ba,20,96,greedy_rr_ls,greedy_rr_ls,0,2,2.0,0.000370,True,,,{}
e1/ba_m8_n20.npz,13,ba_m8_n20_seed444540094,ba,20,96,ilp,ilp,0,2,2.0,0.014362,True,True,2.0,"{""gap"": 0.0, ""status"": ""OPTIMAL"", ""time_limit"": 60.0}"
e1/ba_m8_n20.npz,14,ba_m8_n20_seed225248285,ba,20,96,greedy,greedy,0,2,2.0,0.000092,True,,,{}
e1/ba_m8_n20.npz,14,ba_m8_n20_seed225248285,ba,20,96,greedy_rr,greedy_rr,0,2,2.0,0.000084,True,,,{}
e1/ba_m8_n20.npz,14,ba_m8_n20_seed225248285,ba,20,96,greedy_rr_ls,greedy_rr_ls,0,2,2.0,0.000429,True,,,{}
e1/ba_m8_n20.npz,14,ba_m8_n20_seed225248285,ba,20,96,ilp,ilp,0,2,2.0,0.014713,True,True,2.0,"{""gap"": 0.0, ""status"": ""OPTIMAL"", ""time_limit"": 60.0}"
e1/ba_m8_n20.npz,15,ba_m8_n20_seed87203723,ba,20,96,greedy,greedy,0,2,2.0,0.000112,True,,,{}
e1/ba_m8_n20.npz,15,ba_m8_n20_seed87203723,ba,20,96,greedy_rr,greedy_rr,0,2,2.0,0.000091,True,,,{}
e1/ba_m8_n20.npz,15,ba_m8_n20_seed87203723,ba,20,96,greedy_rr_ls,greedy_rr_ls,0,2,2.0,0.000930,True,,,{}
e1/ba_m8_n20.npz,15,ba_m8_n20_seed87203723,ba,20,96,ilp,ilp,0,2,2.0,0.014938,True,True,2.0,"{""gap"": 0.0, ""status"": ""OPTIMAL"", ""time_limit"": 60.0}"
e1/ba_m8_n20.npz,16,ba_m8_n20_seed789163825,ba,20,96,greedy,greedy,0,2,2.0,0.000165,True,,,{}
e1/ba_m8_n20.npz,16,ba_m8_n20_seed789163825,ba,20,96,greedy_rr,greedy_rr,0,2,2.0,0.000098,True,,,{}
e1/ba_m8_n20.npz,16,ba_m8_n20_seed789163825,ba,20,96,greedy_rr_ls,greedy_rr_ls,0,2,2.0,0.000618,True,,,{}
e1/ba_m8_n20.npz,16,ba_m8_n20_seed789163825,ba,20,96,ilp,ilp,0,2,2.0,0.012220,True,True,2.0,"{""gap"": 0.0, ""status"": ""OPTIMAL"", ""time_limit"": 60.0}"
e1/ba_m8_n20.npz,17,ba_m8_n20_seed497772711,ba,20,96,greedy,greedy,0,2,2.0,0.000108,True,,,{}
e1/ba_m8_n20.npz,17,ba_m8_n20_seed497772711,ba,20,96,greedy_rr,greedy_rr,0,2,2.0,0.000163,True,,,{}
e1/ba_m8_n20.npz,17,ba_m8_n20_seed497772711,ba,20,96,greedy_rr_ls,greedy_rr_ls,0,2,2.0,0.001160,True,,,{}
e1/ba_m8_n20.npz,17,ba_m8_n20_seed497772711,ba,20,96,ilp,ilp,0,2,2.0,0.013355,True,True,2.0,"{""gap"": 0.0, ""status"": ""OPTIMAL"", ""time_limit"": 60.0}"
e1/ba_m8_n20.npz,18,ba_m8_n20_seed385267766,ba,20,96,greedy,greedy,0,2,2.0,0.000120,True,,,{}
e1/ba_m8_n20.npz,18,ba_m8_n20_seed385267766,ba,20,96,greedy_rr,greedy_rr,0,2,2.0,0.000098,True,,,{}
e1/ba_m8_n20.npz,18,ba_m8_n20_seed385267766,ba,20,96,greedy_rr_ls,greedy_rr_ls,0,2,2.0,0.000965,True,,,{}
e1/ba_m8_n20.npz,18,ba_m8_n20_seed385267766,ba,20,96,ilp,ilp,0,2,2.0,0.013271,True,True,2.0,"{""gap"": 0.0, ""status"": ""OPTIMAL"", ""time_limit"": 60.0}"
e1/ba_m8_n20.npz,19,ba_m8_n20_seed214455200,ba,20,96,greedy,greedy,0,2,2.0,0.000093,True,,,{}
e1/ba_m8_n20.npz,19,ba_m8_n20_seed214455200,ba,20,96,greedy_rr,greedy_rr,0,2,2.0,0.000090,True,,,{}
e1/ba_m8_n20.npz,19,ba_m8_n20_seed214455200,ba,20,96,greedy_rr_ls,greedy_rr_ls,0,2,2.0,0.000465,True,,,{}
e1/ba_m8_n20.npz,19,ba_m8_n20_seed214455200,ba,20,96,ilp,ilp,0,2,2.0,0.014023,True,True,2.0,"{""gap"": 0.0, ""status"": ""OPTIMAL"", ""time_limit"": 60.0}"
e1/ba_m8_n20.npz,20,ba_m8_n20_seed825070151,ba,20,96,greedy,greedy,0,2,2.0,0.000096,True,,,{}
e1/ba_m8_n20.npz,20,ba_m8_n20_seed825070151,ba,20,96,greedy_rr,greedy_rr,0,2,2.0,0.000094,True,,,{}
e1/ba_m8_n20.npz,20,ba_m8_n20_seed825070151,ba,20,96,greedy_rr_ls,greedy_rr_ls,0,2,2.0,0.000772,True,,,{}
e1/ba_m8_n20.npz,20,ba_m8_n20_seed825070151,ba,20,96,ilp,ilp,0,2,2.0,0.014719,True,True,2.0,"{""gap"": 0.0, ""status"": ""OPTIMAL"", ""time_limit"": 60.0}"
e1/ba_m8_n20.npz,21,ba_m8_n20_seed747493585,ba,20,96,greedy,greedy,0,2,2.0,0.000083,True,,,{}
e1/ba_m8_n20.npz,21,ba_m8_n20_seed747493585,ba,20,96,greedy_rr,greedy_rr,0,2,2.0,0.000084,True,,,{}
e1/ba_m8_n20.npz,21,ba_m8_n20_seed747493585,ba,20,96,greedy_rr_ls,greedy_rr_ls,0,2,2.0,0.000707,True,,,{}
e1/ba_m8_n20.npz,21,ba_m8_n20_seed747493585,ba,20,96,ilp,ilp,0,2,2.0,0.014221,True,True,2.0,"{""gap"": 0.0, ""status"": ""OPTIMAL"", ""time_limit"": 60.0}"
e1/ba_m8_n20.npz,22,ba_m8_n20_seed181025643,ba,20,96,greedy,greedy,0,2,2.0,0.000089,True,,,{}
e1/ba_m8_n20.npz,22,ba_m8_n20_seed181025643,ba,20,96,greedy_rr,greedy_rr,0,2,2.0,0.000092,True,,,{}
e1/ba_m8_n20.npz,22,ba_m8_n20_seed181025643,ba,20,96,greedy_rr_ls,greedy_rr_ls,0,2,2.0,0.000453,True,,,{}
e1/ba_m8_n20.npz,22,ba_m8_n20_seed181025643,ba,20,96,ilp,ilp,0,2,2.0,0.016094,True,True,2.0,"{""gap"": 0.0, ""status"": ""OPTIMAL"", ""time_limit"": 60.0}"
e1/ba_m8_n20.npz,23,ba_m8_n20_seed829150717,ba,20,96,greedy,greedy,0,2,2.0,0.000085,True,,,{}
e1/ba_m8_n20.npz,23,ba_m8_n20_seed829150717,ba,20,96,greedy_rr,greedy_rr,0,2,2.0,0.000085,True,,,{}
e1/ba_m8_n20.npz,23,ba_m8_n20_seed829150717,ba,20,96,greedy_rr_ls,greedy_rr_ls,0,2,2.0,0.000892,True,,,{}
e1/ba_m8_n20.npz,23,ba_m8_n20_seed829150717,ba,20,96,ilp,ilp,0,2,2.0,0.013954,True,True,2.0,"{""gap"": 0.0, ""status"": ""OPTIMAL"", ""time_limit"": 60.0}"
e1/ba_m8_n20.npz,24,ba_m8_n20_seed949081694,ba,20,96,greedy,greedy,0,2,2.0,0.000092,True,,,{}
e1/ba_m8_n20.npz,24,ba_m8_n20_seed949081694,ba,20,96,greedy_rr,greedy_rr,0,2,2.0,0.000087,True,,,{}
e1/ba_m8_n20.npz,24,ba_m8_n20_seed949081694,ba,20,96,greedy_rr_ls,greedy_rr_ls,0,2,2.0,0.000745,True,,,{}
e1/ba_m8_n20.npz,24,ba_m8_n20_seed949081694,ba,20,96,ilp,ilp,0,2,2.0,0.014722,True,True,2.0,"{""gap"": 0.0, ""status"": ""OPTIMAL"", ""time_limit"": 60.0}"
e1/ba_m8_n20.npz,25,ba_m8_n20_seed637017288,ba,20,96,greedy,greedy,0,2,2.0,0.000082,True,,,{}
e1/ba_m8_n20.npz,25,ba_m8_n20_seed637017288,ba,20,96,greedy_rr,greedy_rr,0,2,2.0,0.000087,True,,,{}
e1/ba_m8_n20.npz,25,ba_m8_n20_seed637017288,ba,20,96,greedy_rr_ls,greedy_rr_ls,0,2,2.0,0.000930,True,,,{}
e1/ba_m8_n20.npz,25,ba_m8_n20_seed637017288,ba,20,96,ilp,ilp,0,2,2.0,0.013393,True,True,2.0,"{""gap"": 0.0, ""status"": ""OPTIMAL"", ""time_limit"": 60.0}"
e1/ba_m8_n20.npz,26,ba_m8_n20_seed103219058,ba,20,96,greedy,greedy,0,2,2.0,0.000125,True,,,{}
e1/ba_m8_n20.npz,26,ba_m8_n20_seed103219058,ba,20,96,greedy_rr,greedy_rr,0,2,2.0,0.000151,True,,,{}
e1/ba_m8_n20.npz,26,ba_m8_n20_seed103219058,ba,20,96,greedy_rr_ls,greedy_rr_ls,0,2,2.0,0.000513,True,,,{}
e1/ba_m8_n20.npz,26,ba_m8_n20_seed103219058,ba,20,96,ilp,ilp,0,2,2.0,0.014549,True,True,2.0,"{""gap"": 0.0, ""status"": ""OPTIMAL"", ""time_limit"": 60.0}"
e1/ba_m8_n20.npz,27,ba_m8_n20_seed918460900,ba,20,96,greedy,greedy,0,2,2.0,0.000081,True,,,{}
e1/ba_m8_n20.npz,27,ba_m8_n20_seed918460900,ba,20,96,greedy_rr,greedy_rr,0,2,2.0,0.000087,True,,,{}
e1/ba_m8_n20.npz,27,ba_m8_n20_seed918460900,ba,20,96,greedy_rr_ls,greedy_rr_ls,0,2,2.0,0.000623,True,,,{}
e1/ba_m8_n20.npz,27,ba_m8_n20_seed918460900,ba,20,96,ilp,ilp,0,2,2.0,0.014447,True,True,2.0,"{""gap"": 0.0, ""status"": ""OPTIMAL"", ""time_limit"": 60.0}"
e1/ba_m8_n20.npz,28,ba_m8_n20_seed803474037,ba,20,96,greedy,greedy,0,2,2.0,0.000091,True,,,{}
e1/ba_m8_n20.npz,28,ba_m8_n20_seed803474037,ba,20,96,greedy_rr,greedy_rr,0,2,2.0,0.000090,True,,,{}
e1/ba_m8_n20.npz,28,ba_m8_n20_seed803474037,ba,20,96,greedy_rr_ls,greedy_rr_ls,0,2,2.0,0.000368,True,,,{}
e1/ba_m8_n20.npz,28,ba_m8_n20_seed803474037,ba,20,96,ilp,ilp,0,2,2.0,0.013914,True,True,2.0,"{""gap"": 0.0, ""status"": ""OPTIMAL"", ""time_limit"": 60.0}"
e1/ba_m8_n20.npz,29,ba_m8_n20_seed524701923,ba,20,96,greedy,greedy,0,2,2.0,0.000123,True,,,{}
e1/ba_m8_n20.npz,29,ba_m8_n20_seed524701923,ba,20,96,greedy_rr,greedy_rr,0,2,2.0,0.000101,True,,,{}
e1/ba_m8_n20.npz,29,ba_m8_n20_seed524701923,ba,20,96,greedy_rr_ls,greedy_rr_ls,0,2,2.0,0.000961,True,,,{}
e1/ba_m8_n20.npz,29,ba_m8_n20_seed524701923,ba,20,96,ilp,ilp,0,2,2.0,0.014536,True,True,2.0,"{""gap"": 0.0, ""status"": ""OPTIMAL"", ""time_limit"": 60.0}"
e1/ba_m8_n20.npz,30,ba_m8_n20_seed975479174,ba,20,96,greedy,greedy,0,2,2.0,0.000095,True,,,{}
e1/ba_m8_n20.npz,30,ba_m8_n20_seed975479174,ba,20,96,greedy_rr,greedy_rr,0,2,2.0,0.000094,True,,,{}
e1/ba_m8_n20.npz,30,ba_m8_n20_seed975479174,ba,20,96,greedy_rr_ls,greedy_rr_ls,0,2,2.0,0.003270,True,,,{}
e1/ba_m8_n20.npz,30,ba_m8_n20_seed975479174,ba,20,96,ilp,ilp,0,2,2.0,0.010996,True,True,2.0,"{""gap"": 0.0, ""status"": ""OPTIMAL"", ""time_limit"": 60.0}"
e1/ba_m8_n20.npz,31,ba_m8_n20_seed327600144,ba,20,96,greedy,greedy,0,2,2.0,0.000091,True,,,{}
e1/ba_m8_n20.npz,31,ba_m8_n20_seed327600144,ba,20,96,greedy_rr,greedy_rr,0,2,2.0,0.000084,True,,,{}
e1/ba_m8_n20.npz,31,ba_m8_n20_seed327600144,ba,20,96,greedy_rr_ls,greedy_rr_ls,0,2,2.0,0.000762,True,,,{}
e1/ba_m8_n20.npz,31,ba_m8_n20_seed327600144,ba,20,96,ilp,ilp,0,2,2.0,0.013974,True,True,2.0,"{""gap"": 0.0, ""status"": ""OPTIMAL"", ""time_limit"": 60.0}"
e1/ba_m8_n20.npz,32,ba_m8_n20_seed599067818,ba,20,96,greedy,greedy,0,2,2.0,0.000083,True,,,{}
e1/ba_m8_n20.npz,32,ba_m8_n20_seed599067818,ba,20,96,greedy_rr,greedy_rr,0,2,2.0,0.000083,True,,,{}
e1/ba_m8_n20.npz,32,ba_m8_n20_seed599067818,ba,20,96,greedy_rr_ls,greedy_rr_ls,0,2,2.0,0.011485,True,,,{}
e1/ba_m8_n20.npz,32,ba_m8_n20_seed599067818,ba,20,96,ilp,ilp,0,2,2.0,0.019670,True,True,2.0,"{""gap"": 0.0, ""status"": ""OPTIMAL"", ""time_limit"": 60.0}"
e1/ba_m8_n20.npz,33,ba_m8_n20_seed676398908,ba,20,96,greedy,greedy,0,2,2.0,0.000095,True,,,{}
e1/ba_m8_n20.npz,33,ba_m8_n20_seed676398908,ba,20,96,greedy_rr,greedy_rr,0,2,2.0,0.000084,True,,,{}
e1/ba_m8_n20.npz,33,ba_m8_n20_seed676398908,ba,20,96,greedy_rr_ls,greedy_rr_ls,0,2,2.0,0.000647,True,,,{}
e1/ba_m8_n20.npz,33,ba_m8_n20_seed676398908,ba,20,96,ilp,ilp,0,2,2.0,0.014617,True,True,2.0,"{""gap"": 0.0, ""status"": ""OPTIMAL"", ""time_limit"": 60.0}"
e1/ba_m8_n20.npz,34,ba_m8_n20_seed64756639,ba,20,96,greedy,greedy,0,2,2.0,0.000113,True,,,{}
e1/ba_m8_n20.npz,34,ba_m8_n20_seed64756639,ba,20,96,greedy_rr,greedy_rr,0,2,2.0,0.000097,True,,,{}
e1/ba_m8_n20.npz,34,ba_m8_n20_seed64756639,ba,20,96,greedy_rr_ls,greedy_rr_ls,0,2,2.0,0.000496,True,,,{}
e1/ba_m8_n20.npz,34,ba_m8_n20_seed64756639,ba,20,96,ilp,ilp,0,2,2.0,0.013638,True,True,2.0,"{""gap"": 0.0, ""status"": ""OPTIMAL"", ""time_limit"": 60.0}"
e1/ba_m8_n20.npz,35,ba_m8_n20_seed249760777,ba,20,96,greedy,greedy,0,2,2.0,0.000122,True,,,{}
e1/ba_m8_n20.npz,35,ba_m8_n20_seed249760777,ba,20,96,greedy_rr,greedy_rr,0,2,2.0,0.000091,True,,,{}
e1/ba_m8_n20.npz,35,ba_m8_n20_seed249760777,ba,20,96,greedy_rr_ls,greedy_rr_ls,0,2,2.0,1.000203,True,,,{}
e1/ba_m8_n20.npz,35,ba_m8_n20_seed249760777,ba,20,96,ilp,ilp,0,2,2.0,0.010590,True,True,2.0,"{""gap"": 0.0, ""status"": ""OPTIMAL"", ""time_limit"": 60.0}"
e1/ba_m8_n20.npz,36,ba_m8_n20_seed488624307,ba,20,96,greedy,greedy,0,2,2.0,0.000100,True,,,{}
e1/ba_m8_n20.npz,36,ba_m8_n20_seed488624307,ba,20,96,greedy_rr,greedy_rr,0,2,2.0,0.000092,True,,,{}
e1/ba_m8_n20.npz,36,ba_m8_n20_seed488624307,ba,20,96,greedy_rr_ls,greedy_rr_ls,0,2,2.0,0.000331,True,,,{}
e1/ba_m8_n20.npz,36,ba_m8_n20_seed488624307,ba,20,96,ilp,ilp,0,2,2.0,0.015779,True,True,2.0,"{""gap"": 0.0, ""status"": ""OPTIMAL"", ""time_limit"": 60.0}"
e1/ba_m8_n20.npz,37,ba_m8_n20_seed800443173,ba,20,96,greedy,greedy,0,2,2.0,0.000146,True,,,{}
e1/ba_m8_n20.npz,37,ba_m8_n20_seed800443173,ba,20,96,greedy_rr,greedy_rr,0,2,2.0,0.000100,True,,,{}
e1/ba_m8_n20.npz,37,ba_m8_n20_seed800443173,ba,20,96,greedy_rr_ls,greedy_rr_ls,0,2,2.0,0.000442,True,,,{}
e1/ba_m8_n20.npz,37,ba_m8_n20_seed800443173,ba,20,96,ilp,ilp,0,2,2.0,0.013777,True,True,2.0,"{""gap"": 0.0, ""status"": ""OPTIMAL"", ""time_limit"": 60.0}"
e1/ba_m8_n20.npz,38,ba_m8_n20_seed223498164,ba,20,96,greedy,greedy,0,2,2.0,0.000106,True,,,{}
e1/ba_m8_n20.npz,38,ba_m8_n20_seed223498164,ba,20,96,greedy_rr,greedy_rr,0,2,2.0,0.000083,True,,,{}
e1/ba_m8_n20.npz,38,ba_m8_n20_seed223498164,ba,20,96,greedy_rr_ls,greedy_rr_ls,0,2,2.0,0.001011,True,,,{}
e1/ba_m8_n20.npz,38,ba_m8_n20_seed223498164,ba,20,96,ilp,ilp,0,2,2.0,0.013888,True,True,2.0,"{""gap"": 0.0, ""status"": ""OPTIMAL"", ""time_limit"": 60.0}"
e1/ba_m8_n20.npz,39,ba_m8_n20_seed374161442,ba,20,96,greedy,greedy,0,2,2.0,0.000083,True,,,{}
e1/ba_m8_n20.npz,39,ba_m8_n20_seed374161442,ba,20,96,greedy_rr,greedy_rr,0,2,2.0,0.000086,True,,,{}
e1/ba_m8_n20.npz,39,ba_m8_n20_seed374161442,ba,20,96,greedy_rr_ls,greedy_rr_ls,0,2,2.0,0.000350,True,,,{}
e1/ba_m8_n20.npz,39,ba_m8_n20_seed374161442,ba,20,96,ilp,ilp,0,2,2.0,0.014328,True,True,2.0,"{""gap"": 0.0, ""status"": ""OPTIMAL"", ""time_limit"": 60.0}"
e1/ba_m8_n20.npz,40,ba_m8_n20_seed271425473,ba,20,96,greedy,greedy,0,2,2.0,0.000091,True,,,{}
e1/ba_m8_n20.npz,40,ba_m8_n20_seed271425473,ba,20,96,greedy_rr,greedy_rr,0,2,2.0,0.000085,True,,,{}
e1/ba_m8_n20.npz,40,ba_m8_n20_seed271425473,ba,20,96,greedy_rr_ls,greedy_rr_ls,0,2,2.0,0.000515,True,,,{}
e1/ba_m8_n20.npz,40,ba_m8_n20_seed271425473,ba,20,96,ilp,ilp,0,2,2.0,0.017152,True,True,2.0,"{""gap"": 0.0, ""status"": ""OPTIMAL"", ""time_limit"": 60.0}"
e1/ba_m8_n20.npz,41,ba_m8_n20_seed308413271,ba,20,96,greedy,greedy,0,2,2.0,0.000106,True,,,{}
e1/ba_m8_n20.npz,41,ba_m8_n20_seed308413271,ba,20,96,greedy_rr,greedy_rr,0,2,2.0,0.000105,True,,,{}
e1/ba_m8_n20.npz,41,ba_m8_n20_seed308413271,ba,20,96,greedy_rr_ls,greedy_rr_ls,0,2,2.0,0.004528,True,,,{}
e1/ba_m8_n20.npz,41,ba_m8_n20_seed308413271,ba,20,96,ilp,ilp,0,2,2.0,0.008359,True,True,2.0,"{""gap"": 0.0, ""status"": ""OPTIMAL"", ""time_limit"": 60.0}"
e1/ba_m8_n20.npz,42,ba_m8_n20_seed277768429,ba,20,96,greedy,greedy,0,2,2.0,0.000110,True,,,{}
e1/ba_m8_n20.npz,42,ba_m8_n20_seed277768429,ba,20,96,greedy_rr,greedy_rr,0,2,2.0,0.000092,True,,,{}
e1/ba_m8_n20.npz,42,ba_m8_n20_seed277768429,ba,20,96,greedy_rr_ls,greedy_rr_ls,0,2,2.0,0.000657,True,,,{}
e1/ba_m8_n20.npz,42,ba_m8_n20_seed277768429,ba,20,96,ilp,ilp,0,2,2.0,0.015727,True,True,2.0,"{""gap"": 0.0, ""status"": ""OPTIMAL"", ""time_limit"": 60.0}"
e1/ba_m8_n20.npz,43,ba_m8_n20_seed737586811,ba,20,96,greedy,greedy,0,2,2.0,0.000099,True,,,{}
e1/ba_m8_n20.npz,43,ba_m8_n20_seed737586811,ba,20,96,greedy_rr,greedy_rr,0,2,2.0,0.000093,True,,,{}
e1/ba_m8_n20.npz,43,ba_m8_n20_seed737586811,ba,20,96,greedy_rr_ls,greedy_rr_ls,0,2,2.0,0.000555,True,,,{}
e1/ba_m8_n20.npz,43,ba_m8_n20_seed737586811,ba,20,96,ilp,ilp,0,2,2.0,0.014491,True,True,2.0,"{""gap"": 0.0, ""status"": ""OPTIMAL"", ""time_limit"": 60.0}"
e1/ba_m8_n20.npz,44,ba_m8_n20_seed184736728,ba,20,96,greedy,greedy,0,2,2.0,0.000095,True,,,{}
e1/ba_m8_n20.npz,44,ba_m8_n20_seed184736728,ba,20,96,greedy_rr,greedy_rr,0,2,2.0,0.000085,True,,,{}
e1/ba_m8_n20.npz,44,ba_m8_n20_seed184736728,ba,20,96,greedy_rr_ls,greedy_rr_ls,0,2,2.0,0.000420,True,,,{}
e1/ba_m8_n20.npz,44,ba_m8_n20_seed184736728,ba,20,96,ilp,ilp,0,2,2.0,0.015430,True,True,2.0,"{""gap"": 0.0, ""status"": ""OPTIMAL"", ""time_limit"": 60.0}"
e1/ba_m8_n20.npz,45,ba_m8_n20_seed389889870,ba,20,96,greedy,greedy,0,2,2.0,0.000082,True,,,{}
e1/ba_m8_n20.npz,45,ba_m8_n20_seed389889870,ba,20,96,greedy_rr,greedy_rr,0,2,2.0,0.000089,True,,,{}
e1/ba_m8_n20.npz,45,ba_m8_n20_seed389889870,ba,20,96,greedy_rr_ls,greedy_rr_ls,0,2,2.0,0.000819,True,,,{}
e1/ba_m8_n20.npz,45,ba_m8_n20_seed389889870,ba,20,96,ilp,ilp,0,2,2.0,0.013415,True,True,2.0,"{""gap"": 0.0, ""status"": ""OPTIMAL"", ""time_limit"": 60.0}"
e1/ba_m8_n20.npz,46,ba_m8_n20_seed394011892,ba,20,96,greedy,greedy,0,2,2.0,0.000111,True,,,{}
e1/ba_m8_n20.npz,46,ba_m8_n20_seed394011892,ba,20,96,greedy_rr,greedy_rr,0,2,2.0,0.000122,True,,,{}
e1/ba_m8_n20.npz,46,ba_m8_n20_seed394011892,ba,20,96,greedy_rr_ls,greedy_rr_ls,0,2,2.0,0.000790,True,,,{}
e1/ba_m8_n20.npz,46,ba_m8_n20_seed394011892,ba,20,96,ilp,ilp,0,2,2.0,0.014506,True,True,2.0,"{""gap"": 0.0, ""status"": ""OPTIMAL"", ""time_limit"": 60.0}"
e1/ba_m8_n20.npz,47,ba_m8_n20_seed618293858,ba,20,96,greedy,greedy,0,3,3.0,0.000108,True,,,{}
e1/ba_m8_n20.npz,47,ba_m8_n20_seed618293858,ba,20,96,greedy_rr,greedy_rr,0,3,3.0,0.000111,True,,,{}
e1/ba_m8_n20.npz,47,ba_m8_n20_seed618293858,ba,20,96,greedy_rr_ls,greedy_rr_ls,0,2,2.0,0.000299,True,,,{}
e1/ba_m8_n20.npz,47,ba_m8_n20_seed618293858,ba,20,96,ilp,ilp,0,2,2.0,0.013771,True,True,2.0,"{""gap"": 0.0, ""status"": ""OPTIMAL"", ""time_limit"": 60.0}"
e1/ba_m8_n20.npz,48,ba_m8_n20_seed41490419,ba,20,96,greedy,greedy,0,2,2.0,0.000082,True,,,{}
e1/ba_m8_n20.npz,48,ba_m8_n20_seed41490419,ba,20,96,greedy_rr,greedy_rr,0,2,2.0,0.000083,True,,,{}
e1/ba_m8_n20.npz,48,ba_m8_n20_seed41490419,ba,20,96,greedy_rr_ls,greedy_rr_ls,0,2,2.0,0.000688,True,,,{}
e1/ba_m8_n20.npz,48,ba_m8_n20_seed41490419,ba,20,96,ilp,ilp,0,2,2.0,0.014123,True,True,2.0,"{""gap"": 0.0, ""status"": ""OPTIMAL"", ""time_limit"": 60.0}"
e1/ba_m8_n20.npz,49,ba_m8_n20_seed279411557,ba,20,96,greedy,greedy,0,2,2.0,0.000093,True,,,{}
e1/ba_m8_n20.npz,49,ba_m8_n20_seed279411557,ba,20,96,greedy_rr,greedy_rr,0,2,2.0,0.000085,True,,,{}
e1/ba_m8_n20.npz,49,ba_m8_n20_seed279411557,ba,20,96,greedy_rr_ls,greedy_rr_ls,0,2,2.0,0.000324,True,,,{}
e1/ba_m8_n20.npz,49,ba_m8_n20_seed279411557,ba,20,96,ilp,ilp,0,2,2.0,0.014680,True,True,2.0,"{""gap"": 0.0, ""status"": ""OPTIMAL"", ""time_limit"": 60.0}"
e1/ba_m8_n200.npz,0,ba_m8_n200_seed216578664,ba,200,1536,greedy,greedy,0,15,15.0,0.000516,True,,,{}
e1/ba_m8_n200.npz,0,ba_m8_n200_seed216578664,ba,200,1536,greedy_rr,greedy_rr,0,15,15.0,0.000536,True,,,{}
e1/ba_m8_n200.npz,0,ba_m8_n200_seed216578664,ba,200,1536,greedy_rr_ls,greedy_rr_ls,0,15,15.0,0.139939,True,,,{}
e1/ba_m8_n200.npz,0,ba_m8_n200_seed216578664,ba,200,1536,ilp,ilp,0,14,14.0,0.155413,True,True,14.0,"{""gap"": 0.0, ""status"": ""OPTIMAL"", ""time_limit"": 60.0}"
e1/ba_m8_n200.npz,1,ba_m8_n200_seed367520510,ba,200,1536,greedy,greedy,0,17,17.0,0.000477,True,,,{}
e1/ba_m8_n200.npz,1,ba_m8_n200_seed367520510,ba,200,1536,greedy_rr,greedy_rr,0,17,17.0,0.000542,True,,,{}
e1/ba_m8_n200.npz,1,ba_m8_n200_seed367520510,ba,200,1536,greedy_rr_ls,greedy_rr_ls,0,16,16.0,0.102273,True,,,{}
e1/ba_m8_n200.npz,1,ba_m8_n200_seed367520510,ba,200,1536,ilp,ilp,0,15,15.0,0.454259,True,True,15.0,"{""gap"": 0.0, ""status"": ""OPTIMAL"", ""time_limit"": 60.0}"
e1/ba_m8_n200.npz,2,ba_m8_n200_seed370421060,ba,200,1536,greedy,greedy,0,15,15.0,0.000447,True,,,{}
e1/ba_m8_n200.npz,2,ba_m8_n200_seed370421060,ba,200,1536,greedy_rr,greedy_rr,0,15,15.0,0.000499,True,,,{}
e1/ba_m8_n200.npz,2,ba_m8_n200_seed370421060,ba,200,1536,greedy_rr_ls,greedy_rr_ls,0,15,15.0,0.013746,True,,,{}
e1/ba_m8_n200.npz,2,ba_m8_n200_seed370421060,ba,200,1536,ilp,ilp,0,14,14.0,0.091014,True,True,14.0,"{""gap"": 0.0, ""status"": ""OPTIMAL"", ""time_limit"": 60.0}"
e1/ba_m8_n200.npz,3,ba_m8_n200_seed649193426,ba,200,1536,greedy,greedy,0,15,15.0,0.000479,True,,,{}
e1/ba_m8_n200.npz,3,ba_m8_n200_seed649193426,ba,200,1536,greedy_rr,greedy_rr,0,15,15.0,0.000522,True,,,{}
e1/ba_m8_n200.npz,3,ba_m8_n200_seed649193426,ba,200,1536,greedy_rr_ls,greedy_rr_ls,0,15,15.0,0.005271,True,,,{}
e1/ba_m8_n200.npz,3,ba_m8_n200_seed649193426,ba,200,1536,ilp,ilp,0,15,15.0,0.415863,True,True,15.0,"{""gap"": 0.0, ""status"": ""OPTIMAL"", ""time_limit"": 60.0}"
e1/ba_m8_n200.npz,4,ba_m8_n200_seed92075633,ba,200,1536,greedy,greedy,0,15,15.0,0.000440,True,,,{}
e1/ba_m8_n200.npz,4,ba_m8_n200_seed92075633,ba,200,1536,greedy_rr,greedy_rr,0,15,15.0,0.000491,True,,,{}
e1/ba_m8_n200.npz,4,ba_m8_n200_seed92075633,ba,200,1536,greedy_rr_ls,greedy_rr_ls,0,14,14.0,0.113968,True,,,{}
e1/ba_m8_n200.npz,4,ba_m8_n200_seed92075633,ba,200,1536,ilp,ilp,0,14,14.0,0.103107,True,True,14.0,"{""gap"": 0.0, ""status"": ""OPTIMAL"", ""time_limit"": 60.0}"
e1/ba_m8_n200.npz,5,ba_m8_n200_seed478291687,ba,200,1536,greedy,greedy,0,15,15.0,0.000449,True,,,{}
e1/ba_m8_n200.npz,5,ba_m8_n200_seed478291687,ba,200,1536,greedy_rr,greedy_rr,0,15,15.0,0.000496,True,,,{}
e1/ba_m8_n200.npz,5,ba_m8_n200_seed478291687,ba,200,1536,greedy_rr_ls,greedy_rr_ls,0,14,14.0,0.177383,True,,,{}
e1/ba_m8_n200.npz,5,ba_m8_n200_seed478291687,ba,200,1536,ilp,ilp,0,14,14.0,0.290645,True,True,14.0,"{""gap"": 0.0, ""status"": ""OPTIMAL"", ""time_limit"": 60.0}"
e1/ba_m8_n200.npz,6,ba_m8_n200_seed448850269,ba,200,1536,greedy,greedy,0,15,15.0,0.000482,True,,,{}
e1/ba_m8_n200.npz,6,ba_m8_n200_seed448850269,ba,200,1536,greedy_rr,greedy_rr,0,15,15.0,0.000579,True,,,{}
e1/ba_m8_n200.npz,6,ba_m8_n200_seed448850269,ba,200,1536,greedy_rr_ls,greedy_rr_ls,0,15,15.0,0.076266,True,,,{}
e1/ba_m8_n200.npz,6,ba_m8_n200_seed448850269,ba,200,1536,ilp,ilp,0,15,15.0,0.236025,True,True,15.0,"{""gap"": 0.0, ""status"": ""OPTIMAL"", ""time_limit"": 60.0}"
e1/ba_m8_n200.npz,7,ba_m8_n200_seed559195083,ba,200,1536,greedy,greedy,0,15,15.0,0.000446,True,,,{}
e1/ba_m8_n200.npz,7,ba_m8_n200_seed559195083,ba,200,1536,greedy_rr,greedy_rr,0,14,14.0,0.000496,True,,,{}
e1/ba_m8_n200.npz,7,ba_m8_n200_seed559195083,ba,200,1536,greedy_rr_ls,greedy_rr_ls,0,13,13.0,0.011199,True,,,{}
e1/ba_m8_n200.npz,7,ba_m8_n200_seed559195083,ba,200,1536,ilp,ilp,0,13,13.0,0.159166,True,True,13.0,"{""gap"": 0.0, ""status"": ""OPTIMAL"", ""time_limit"": 60.0}"
e1/ba_m8_n200.npz,8,ba_m8_n200_seed986578010,ba,200,1536,greedy,greedy,0,17,17.0,0.000439,True,,,{}
e1/ba_m8_n200.npz,8,ba_m8_n200_seed986578010,ba,200,1536,greedy_rr,greedy_rr,0,17,17.0,0.000556,True,,,{}
e1/ba_m8_n200.npz,8,ba_m8_n200_seed986578010,ba,200,1536,greedy_rr_ls,greedy_rr_ls,0,16,16.0,0.321992,True,,,{}
e1/ba_m8_n200.npz,8,ba_m8_n200_seed986578010,ba,200,1536,ilp,ilp,0,15,15.0,0.751660,True,True,15.0,"{""gap"": 0.0, ""status"": ""OPTIMAL"", ""time_limit"": 60.0}"
e1/ba_m8_n200.npz,9,ba_m8_n200_seed338453196,ba,200,1536,greedy,greedy,0,16,16.0,0.000467,True,,,{}
e1/ba_m8_n200.npz,9,ba_m8_n200_seed338453196,ba,200,1536,greedy_rr,greedy_rr,0,16,16.0,0.000521,True,,,{}
e1/ba_m8_n200.npz,9,ba_m8_n200_seed338453196,ba,200,1536,greedy_rr_ls,greedy_rr_ls,0,14,14.0,1.000740,True,,,{}
e1/ba_m8_n200.npz,9,ba_m8_n200_seed338453196,ba,200,1536,ilp,ilp,0,14,14.0,0.230914,True,True,14.0,"{""gap"": 0.0, ""status"": ""OPTIMAL"", ""time_limit"": 60.0}"
e1/ba_m8_n200.npz,10,ba_m8_n200_seed642127767,ba,200,1536,greedy,greedy,0,15,15.0,0.000451,True,,,{}
e1/ba_m8_n200.npz,10,ba_m8_n200_seed642127767,ba,200,1536,greedy_rr,greedy_rr,0,15,15.0,0.000520,True,,,{}
e1/ba_m8_n200.npz,10,ba_m8_n200_seed642127767,ba,200,1536,greedy_rr_ls,greedy_rr_ls,0,14,14.0,0.140341,True,,,{}
e1/ba_m8_n200.npz,10,ba_m8_n200_seed642127767,ba,200,1536,ilp,ilp,0,14,14.0,0.217160,True,True,14.0,"{""gap"": 0.0, ""status"": ""OPTIMAL"", ""time_limit"": 60.0}"
e1/ba_m8_n200.npz,11,ba_m8_n200_seed954454529,ba,200,1536,greedy,greedy,0,15,15.0,0.000422,True,,,{}
e1/ba_m8_n200.npz,11,ba_m8_n200_seed954454529,ba,200,1536,greedy_rr,greedy_rr,0,15,15.0,0.000470,True,,,{}
e1/ba_m8_n200.npz,11,ba_m8_n200_seed954454529,ba,200,1536,greedy_rr_ls,greedy_rr_ls,0,14,14.0,0.077477,True,,,{}
e1/ba_m8_n200.npz,11,ba_m8_n200_seed954454529,ba,200,1536,ilp,ilp,0,14,14.0,0.169174,True,True,14.0,"{""gap"": 0.0, ""status"": ""OPTIMAL"", ""time_limit"": 60.0}"
e1/ba_m8_n200.npz,12,ba_m8_n200_seed923834043,ba,200,1536,greedy,greedy,0,14,14.0,0.000501,True,,,{}
e1/ba_m8_n200.npz,12,ba_m8_n200_seed923834043,ba,200,1536,greedy_rr,greedy_rr,0,13,13.0,0.000550,True,,,{}
e1/ba_m8_n200.npz,12,ba_m8_n200_seed923834043,ba,200,1536,greedy_rr_ls,greedy_rr_ls,0,13,13.0,0.043846,True,,,{}
e1/ba_m8_n200.npz,12,ba_m8_n200_seed923834043,ba,200,1536,ilp,ilp,0,13,13.0,0.126742,True,True,13.0,"{""gap"": 0.0, ""status"": ""OPTIMAL"", ""time_limit"": 60.0}"
e1/ba_m8_n200.npz,13,ba_m8_n200_seed108330285,ba,200,1536,greedy,greedy,0,14,14.0,0.000558,True,,,{}
e1/ba_m8_n200.npz,13,ba_m8_n200_seed108330285,ba,200,1536,greedy_rr,greedy_rr,0,14,14.0,0.000463,True,,,{}
e1/ba_m8_n200.npz,13,ba_m8_n200_seed108330285,ba,200,1536,greedy_rr_ls,greedy_rr_ls,0,14,14.0,0.044854,True,,,{}
e1/ba_m8_n200.npz,13,ba_m8_n200_seed108330285,ba,200,1536,ilp,ilp,0,14,14.0,0.187162,True,True,14.0,"{""gap"": 0.0, ""status"": ""OPTIMAL"", ""time_limit"": 60.0}"
e1/ba_m8_n200.npz,14,ba_m8_n200_seed757324686,ba,200,1536,greedy,greedy,0,16,16.0,0.000465,True,,,{}
e1/ba_m8_n200.npz,14,ba_m8_n200_seed757324686,ba,200,1536,greedy_rr,greedy_rr,0,16,16.0,0.000540,True,,,{}
e1/ba_m8_n200.npz,14,ba_m8_n200_seed757324686,ba,200,1536,greedy_rr_ls,greedy_rr_ls,0,15,15.0,0.168773,True,,,{}
e1/ba_m8_n200.npz,14,ba_m8_n200_seed757324686,ba,200,1536,ilp,ilp,0,15,15.0,0.410675,True,True,15.0,"{""gap"": 0.0, ""status"": ""OPTIMAL"", ""time_limit"": 60.0}"
e1/ba_m8_n200.npz,15,ba_m8_n200_seed834115096,ba,200,1536,greedy,greedy,0,15,15.0,0.000452,True,,,{}
e1/ba_m8_n200.npz,15,ba_m8_n200_seed834115096,ba,200,1536,greedy_rr,greedy_rr,0,15,15.0,0.000509,True,,,{}
e1/ba_m8_n200.npz,15,ba_m8_n200_seed834115096,ba,200,1536,greedy_rr_ls,greedy_rr_ls,0,15,15.0,0.182193,True,,,{}
e1/ba_m8_n200.npz,15,ba_m8_n200_seed834115096,ba,200,1536,ilp,ilp,0,14,14.0,0.095881,True,True,14.0,"{""gap"": 0.0, ""status"": ""OPTIMAL"", ""time_limit"": 60.0}"
e1/ba_m8_n200.npz,16,ba_m8_n200_seed838195874,ba,200,1536,greedy,greedy,0,16,16.0,0.000512,True,,,{}
e1/ba_m8_n200.npz,16,ba_m8_n200_seed838195874,ba,200,1536,greedy_rr,greedy_rr,0,16,16.0,0.000509,True,,,{}
e1/ba_m8_n200.npz,16,ba_m8_n200_seed838195874,ba,200,1536,greedy_rr_ls,greedy_rr_ls,0,14,14.0,0.239037,True,,,{}
e1/ba_m8_n200.npz,16,ba_m8_n200_seed838195874,ba,200,1536,ilp,ilp,0,14,14.0,0.384927,True,True,14.0,"{""gap"": 0.0, ""status"": ""OPTIMAL"", ""time_limit"": 60.0}"
e1/ba_m8_n200.npz,17,ba_m8_n200_seed190857524,ba,200,1536,greedy,greedy,0,14,14.0,0.000622,True,,,{}
e1/ba_m8_n200.npz,17,ba_m8_n200_seed190857524,ba,200,1536,greedy_rr,greedy_rr,0,14,14.0,0.000657,True,,,{}
e1/ba_m8_n200.npz,17,ba_m8_n200_seed190857524,ba,200,1536,greedy_rr_ls,greedy_rr_ls,0,13,13.0,0.006956,True,,,{}
e1/ba_m8_n200.npz,17,ba_m8_n200_seed190857524,ba,200,1536,ilp,ilp,0,13,13.0,0.115293,True,True,13.0,"{""gap"": 0.0, ""status"": ""OPTIMAL"", ""time_limit"": 60.0}"
e1/ba_m8_n200.npz,18,ba_m8_n200_seed596479909,ba,200,1536,greedy,greedy,0,15,15.0,0.000475,True,,,{}
e1/ba_m8_n200.npz,18,ba_m8_n200_seed596479909,ba,200,1536,greedy_rr,greedy_rr,0,15,15.0,0.000554,True,,,{}
e1/ba_m8_n200.npz,18,ba_m8_n200_seed596479909,ba,200,1536,greedy_rr_ls,greedy_rr_ls,0,15,15.0,0.045444,True,,,{}
e1/ba_m8_n200.npz,18,ba_m8_n200_seed596479909,ba,200,1536,ilp,ilp,0,15,15.0,0.388627,True,True,15.0,"{""gap"": 0.0, ""status"": ""OPTIMAL"", ""time_limit"": 60.0}"
e1/ba_m8_n200.npz,19,ba_m8_n200_seed707611187,ba,200,1536,greedy,greedy,0,14,14.0,0.000462,True,,,{}
e1/ba_m8_n200.npz,19,ba_m8_n200_seed707611187,ba,200,1536,greedy_rr,greedy_rr,0,14,14.0,0.000521,True,,,{}
e1/ba_m8_n200.npz,19,ba_m8_n200_seed707611187,ba,200,1536,greedy_rr_ls,greedy_rr_ls,0,14,14.0,0.142641,True,,,{}
e1/ba_m8_n200.npz,19,ba_m8_n200_seed707611187,ba,200,1536,ilp,ilp,0,13,13.0,0.244600,True,True,13.0,"{""gap"": 0.0, ""status"": ""OPTIMAL"", ""time_limit"": 60.0}"
e1/ba_m8_n200.npz,20,ba_m8_n200_seed97033428,ba,200,1536,greedy,greedy,0,15,15.0,0.000425,True,,,{}
e1/ba_m8_n200.npz,20,ba_m8_n200_seed97033428,ba,200,1536,greedy_rr,greedy_rr,0,15,15.0,0.000484,True,,,{}
e1/ba_m8_n200.npz,20,ba_m8_n200_seed97033428,ba,200,1536,greedy_rr_ls,greedy_rr_ls,0,14,14.0,0.110010,True,,,{}
e1/ba_m8_n200.npz,20,ba_m8_n200_seed97033428,ba,200,1536,ilp,ilp,0,14,14.0,0.199309,True,True,14.0,"{""gap"": 0.0, ""status"": ""OPTIMAL"", ""time_limit"": 60.0}"
e1/ba_m8_n200.npz,21,ba_m8_n200_seed234291266,ba,200,1536,greedy,greedy,0,15,15.0,0.000416,True,,,{}
e1/ba_m8_n200.npz,21,ba_m8_n200_seed234291266,ba,200,1536,greedy_rr,greedy_rr,0,15,15.0,0.000481,True,,,{}
e1/ba_m8_n200.npz,21,ba_m8_n200_seed234291266,ba,200,1536,greedy_rr_ls,greedy_rr_ls,0,14,14.0,0.046095,True,,,{}
e1/ba_m8_n200.npz,21,ba_m8_n200_seed234291266,ba,200,1536,ilp,ilp,0,14,14.0,0.186484,True,True,14.0,"{""gap"": 0.0, ""status"": ""OPTIMAL"", ""time_limit"": 60.0}"
e1/ba_m8_n200.npz,22,ba_m8_n200_seed506815480,ba,200,1536,greedy,greedy,0,15,15.0,0.003711,True,,,{}
e1/ba_m8_n200.npz,22,ba_m8_n200_seed506815480,ba,200,1536,greedy_rr,greedy_rr,0,15,15.0,0.000521,True,,,{}
e1/ba_m8_n200.npz,22,ba_m8_n200_seed506815480,ba,200,1536,greedy_rr_ls,greedy_rr_ls,0,14,14.0,0.072243,True,,,{}
e1/ba_m8_n200.npz,22,ba_m8_n200_seed506815480,ba,200,1536,ilp,ilp,0,14,14.0,0.295004,True,True,14.0,"{""gap"": 0.0, ""status"": ""OPTIMAL"", ""time_limit"": 60.0}"
e1/ba_m8_n200.npz,23,ba_m8_n200_seed798992750,ba,200,1536,greedy,greedy,0,15,15.0,0.000463,True,,,{}
e1/ba_m8_n200.npz,23,ba_m8_n200_seed798992750,ba,200,1536,greedy_rr,greedy_rr,0,14,14.0,0.000561,True,,,{}
e1/ba_m8_n200.npz,23,ba_m8_n200_seed798992750,ba,200,1536,greedy_rr_ls,greedy_rr_ls,0,13,13.0,0.020107,True,,,{}
e1/ba_m8_n200.npz,23,ba_m8_n200_seed798992750,ba,200,1536,ilp,ilp,0,13,13.0,0.301905,True,True,13.0,"{""gap"": 0.0, ""status"": ""OPTIMAL"", ""time_limit"": 60.0}"
e1/ba_m8_n200.npz,24,ba_m8_n200_seed107733197,ba,200,1536,greedy,greedy,0,14,14.0,0.000455,True,,,{}
e1/ba_m8_n200.npz,24,ba_m8_n200_seed107733197,ba,200,1536,greedy_rr,greedy_rr,0,14,14.0,0.000520,True,,,{}
e1/ba_m8_n200.npz,24,ba_m8_n200_seed107733197,ba,200,1536,greedy_rr_ls,greedy_rr_ls,0,14,14.0,0.117585,True,,,{}
e1/ba_m8_n200.npz,24,ba_m8_n200_seed107733197,ba,200,1536,ilp,ilp,0,13,13.0,0.315728,True,True,13.0,"{""gap"": 0.0, ""status"": ""OPTIMAL"", ""time_limit"": 60.0}"
e1/ba_m8_n200.npz,25,ba_m8_n200_seed212091995,ba,200,1536,greedy,greedy,0,14,14.0,0.000444,True,,,{}
e1/ba_m8_n200.npz,25,ba_m8_n200_seed212091995,ba,200,1536,greedy_rr,greedy_rr,0,14,14.0,0.000508,True,,,{}
e1/ba_m8_n200.npz,25,ba_m8_n200_seed212091995,ba,200,1536,greedy_rr_ls,greedy_rr_ls,0,13,13.0,0.021865,True,,,{}
e1/ba_m8_n200.npz,25,ba_m8_n200_seed212091995,ba,200,1536,ilp,ilp,0,13,13.0,0.160672,True,True,13.0,"{""gap"": 0.0, ""status"": ""OPTIMAL"", ""time_limit"": 60.0}"
e1/ba_m8_n200.npz,26,ba_m8_n200_seed449914849,ba,200,1536,greedy,greedy,0,17,17.0,0.000487,True,,,{}
e1/ba_m8_n200.npz,26,ba_m8_n200_seed449914849,ba,200,1536,greedy_rr,greedy_rr,0,17,17.0,0.000541,True,,,{}
e1/ba_m8_n200.npz,26,ba_m8_n200_seed449914849,ba,200,1536,greedy_rr_ls,greedy_rr_ls,0,17,17.0,0.047222,True,,,{}
e1/ba_m8_n200.npz,26,ba_m8_n200_seed449914849,ba,200,1536,ilp,ilp,0,16,16.0,1.444350,True,True,16.0,"{""gap"": 0.0, ""status"": ""OPTIMAL"", ""time_limit"": 60.0}"
e1/ba_m8_n200.npz,27,ba_m8_n200_seed842362231,ba,200,1536,greedy,greedy,0,14,14.0,0.000651,True,,,{}
e1/ba_m8_n200.npz,27,ba_m8_n200_seed842362231,ba,200,1536,greedy_rr,greedy_rr,0,14,14.0,0.000455,True,,,{}
e1/ba_m8_n200.npz,27,ba_m8_n200_seed842362231,ba,200,1536,greedy_rr_ls,greedy_rr_ls,0,13,13.0,0.021022,True,,,{}
e1/ba_m8_n200.npz,27,ba_m8_n200_seed842362231,ba,200,1536,ilp,ilp,0,13,13.0,0.135335,True,True,13.0,"{""gap"": 0.0, ""status"": ""OPTIMAL"", ""time_limit"": 60.0}"
e1/ba_m8_n200.npz,28,ba_m8_n200_seed253629670,ba,200,1536,greedy,greedy,0,15,15.0,0.000429,True,,,{}
e1/ba_m8_n200.npz,28,ba_m8_n200_seed253629670,ba,200,1536,greedy_rr,greedy_rr,0,14,14.0,0.000493,True,,,{}
e1/ba_m8_n200.npz,28,ba_m8_n200_seed253629670,ba,200,1536,greedy_rr_ls,greedy_rr_ls,0,13,13.0,0.221210,True,,,{}
e1/ba_m8_n200.npz,28,ba_m8_n200_seed253629670,ba,200,1536,ilp,ilp,0,13,13.0,0.227012,True,True,13.0,"{""gap"": 0.0, ""status"": ""OPTIMAL"", ""time_limit"": 60.0}"
e1/ba_m8_n200.npz,29,ba_m8_n200_seed324171888,ba,200,1536,greedy,greedy,0,15,15.0,0.000496,True,,,{}
e1/ba_m8_n200.npz,29,ba_m8_n200_seed324171888,ba,200,1536,greedy_rr,greedy_rr,0,15,15.0,0.000508,True,,,{}
e1/ba_m8_n200.npz,29,ba_m8_n200_seed324171888,ba,200,1536,greedy_rr_ls,greedy_rr_ls,0,15,15.0,0.249680,True,,,{}
e1/ba_m8_n200.npz,29,ba_m8_n200_seed324171888,ba,200,1536,ilp,ilp,0,14,14.0,0.565500,True,True,14.0,"{""gap"": 0.0, ""status"": ""OPTIMAL"", ""time_limit"": 60.0}"
e1/ba_m8_n200.npz,30,ba_m8_n200_seed947402261,ba,200,1536,greedy,greedy,0,15,15.0,0.000435,True,,,{}
e1/ba_m8_n200.npz,30,ba_m8_n200_seed947402261,ba,200,1536,greedy_rr,greedy_rr,0,15,15.0,0.000485,True,,,{}
e1/ba_m8_n200.npz,30,ba_m8_n200_seed947402261,ba,200,1536,greedy_rr_ls,greedy_rr_ls,0,15,15.0,0.016998,True,,,{}
e1/ba_m8_n200.npz,30,ba_m8_n200_seed947402261,ba,200,1536,ilp,ilp,0,14,14.0,0.209784,True,True,14.0,"{""gap"": 0.0, ""status"": ""OPTIMAL"", ""time_limit"": 60.0}"
e1/ba_m8_n200.npz,31,ba_m8_n200_seed655503235,ba,200,1536,greedy,greedy,0,15,15.0,0.001035,True,,,{}
e1/ba_m8_n200.npz,31,ba_m8_n200_seed655503235,ba,200,1536,greedy_rr,greedy_rr,0,15,15.0,0.000507,True,,,{}
e1/ba_m8_n200.npz,31,ba_m8_n200_seed655503235,ba,200,1536,greedy_rr_ls,greedy_rr_ls,0,14,14.0,0.011155,True,,,{}
e1/ba_m8_n200.npz,31,ba_m8_n200_seed655503235,ba,200,1536,ilp,ilp,0,14,14.0,0.189790,True,True,14.0,"{""gap"": 0.0, ""status"": ""OPTIMAL"", ""time_limit"": 60.0}"
e1/ba_m8_n200.npz,32,ba_m8_n200_seed87979321,ba,200,1536,greedy,greedy,0,15,15.0,0.000581,True,,,{}
e1/ba_m8_n200.npz,32,ba_m8_n200_seed87979321,ba,200,1536,greedy_rr,greedy_rr,0,15,15.0,0.000511,True,,,{}
e1/ba_m8_n200.npz,32,ba_m8_n200_seed87979321,ba,200,1536,greedy_rr_ls,greedy_rr_ls,0,14,14.0,0.071126,True,,,{}
e1/ba_m8_n200.npz,32,ba_m8_n200_seed87979321,ba,200,1536,ilp,ilp,0,14,14.0,0.377666,True,True,14.0,"{""gap"": 0.0, ""status"": ""OPTIMAL"", ""time_limit"": 60.0}"
e1/ba_m8_n200.npz,33,ba_m8_n200_seed950442671,ba,200,1536,greedy,greedy,0,17,17.0,0.000426,True,,,{}
e1/ba_m8_n200.npz,33,ba_m8_n200_seed950442671,ba,200,1536,greedy_rr,greedy_rr,0,17,17.0,0.000490,True,,,{}
e1/ba_m8_n200.npz,33,ba_m8_n200_seed950442671,ba,200,1536,greedy_rr_ls,greedy_rr_ls,0,15,15.0,0.008086,True,,,{}
e1/ba_m8_n200.npz,33,ba_m8_n200_seed950442671,ba,200,1536,ilp,ilp,0,15,15.0,0.242766,True,True,15.0,"{""gap"": 0.0, ""status"": ""OPTIMAL"", ""time_limit"": 60.0}"
e1/ba_m8_n200.npz,34,ba_m8_n200_seed990738956,ba,200,1536,greedy,greedy,0,16,16.0,0.000444,True,,,{}
e1/ba_m8_n200.npz,34,ba_m8_n200_seed990738956,ba,200,1536,greedy_rr,greedy_rr,0,16,16.0,0.000523,True,,,{}
e1/ba_m8_n200.npz,34,ba_m8_n200_seed990738956,ba,200,1536,greedy_rr_ls,greedy_rr_ls,0,15,15.0,0.035654,True,,,{}
e1/ba_m8_n200.npz,34,ba_m8_n200_seed990738956,ba,200,1536,ilp,ilp,0,14,14.0,0.441506,True,True,14.0,"{""gap"": 0.0, ""status"": ""OPTIMAL"", ""time_limit"": 60.0}"
e1/ba_m8_n200.npz,35,ba_m8_n200_seed598569882,ba,200,1536,greedy,greedy,0,17,17.0,0.000637,True,,,{}
e1/ba_m8_n200.npz,35,ba_m8_n200_seed598569882,ba,200,1536,greedy_rr,greedy_rr,0,16,16.0,0.000852,True,,,{}
e1/ba_m8_n200.npz,35,ba_m8_n200_seed598569882,ba,200,1536,greedy_rr_ls,greedy_rr_ls,0,16,16.0,0.080457,True,,,{}
e1/ba_m8_n200.npz,35,ba_m8_n200_seed598569882,ba,200,1536,ilp,ilp,0,15,15.0,0.418019,True,True,15.0,"{""gap"": 0.0, ""status"": ""OPTIMAL"", ""time_limit"": 60.0}"
e1/ba_m8_n200.npz,36,ba_m8_n200_seed65812768,ba,200,1536,greedy,greedy,0,15,15.0,0.000483,True,,,{}
e1/ba_m8_n200.npz,36,ba_m8_n200_seed65812768,ba,200,1536,greedy_rr,greedy_rr,0,15,15.0,0.000520,True,,,{}
e1/ba_m8_n200.npz,36,ba_m8_n200_seed65812768,ba,200,1536,greedy_rr_ls,greedy_rr_ls,0,14,14.0,0.064550,True,,,{}
e1/ba_m8_n200.npz,36,ba_m8_n200_seed65812768,ba,200,1536,ilp,ilp,0,14,14.0,0.169714,True,True,14.0,"{""gap"": 0.0, ""status"": ""OPTIMAL"", ""time_limit"": 60.0}"
e1/ba_m8_n200.npz,37,ba_m8_n200_seed961175222,ba,200,1536,greedy,greedy,0,16,16.0,0.000580,True,,,{}
e1/ba_m8_n200.npz,37,ba_m8_n200_seed961175222,ba,200,1536,greedy_rr,greedy_rr,0,16,16.0,0.000578,True,,,{}
e1/ba_m8_n200.npz,37,ba_m8_n200_seed961175222,ba,200,1536,greedy_rr_ls,greedy_rr_ls,0,15,15.0,0.030404,True,,,{}
e1/ba_m8_n200.npz,37,ba_m8_n200_seed961175222,ba,200,1536,ilp,ilp,0,14,14.0,0.122608,True,True,14.0,"{""gap"": 0.0, ""status"": ""OPTIMAL"", ""time_limit"": 60.0}"
e1/ba_m8_n200.npz,38,ba_m8_n200_seed832810535,ba,200,1536,greedy,greedy,0,14,14.0,0.000509,True,,,{}
e1/ba_m8_n200.npz,38,ba_m8_n200_seed832810535,ba,200,1536,greedy_rr,greedy_rr,0,14,14.0,0.000573,True,,,{}
e1/ba_m8_n200.npz,38,ba_m8_n200_seed832810535,ba,200,1536,greedy_rr_ls,greedy_rr_ls,0,13,13.0,0.043391,True,,,{}
e1/ba_m8_n200.npz,38,ba_m8_n200_seed832810535,ba,200,1536,ilp,ilp,0,13,13.0,0.094579,True,True,13.0,"{""gap"": 0.0, ""status"": ""OPTIMAL"", ""time_limit"": 60.0}"
e1/ba_m8_n200.npz,39,ba_m8_n200_seed473409457,ba,200,1536,greedy,greedy,0,16,16.0,0.000506,True,,,{}
e1/ba_m8_n200.npz,39,ba_m8_n200_seed473409457,ba,200,1536,greedy_rr,greedy_rr,0,16,16.0,0.000590,True,,,{}
e1/ba_m8_n200.npz,39,ba_m8_n200_seed473409457,ba,200,1536,greedy_rr_ls,greedy_rr_ls,0,15,15.0,0.073061,True,,,{}
e1/ba_m8_n200.npz,39,ba_m8_n200_seed473409457,ba,200,1536,ilp,ilp,0,15,15.0,0.737855,True,True,15.0,"{""gap"": 0.0, ""status"": ""OPTIMAL"", ""time_limit"": 60.0}"
e1/ba_m8_n200.npz,40,ba_m8_n200_seed785683794,ba,200,1536,greedy,greedy,0,14,14.0,0.001597,True,,,{}
e1/ba_m8_n200.npz,40,ba_m8_n200_seed785683794,ba,200,1536,greedy_rr,greedy_rr,0,14,14.0,0.000846,True,,,{}
e1/ba_m8_n200.npz,40,ba_m8_n200_seed785683794,ba,200,1536,greedy_rr_ls,greedy_rr_ls,0,13,13.0,0.012415,True,,,{}
e1/ba_m8_n200.npz,40,ba_m8_n200_seed785683794,ba,200,1536,ilp,ilp,0,13,13.0,0.061660,True,True,13.0,"{""gap"": 0.0, ""status"": ""OPTIMAL"", ""time_limit"": 60.0}"
e1/ba_m8_n200.npz,41,ba_m8_n200_seed540466116,ba,200,1536,greedy,greedy,0,15,15.0,0.000490,True,,,{}
e1/ba_m8_n200.npz,41,ba_m8_n200_seed540466116,ba,200,1536,greedy_rr,greedy_rr,0,15,15.0,0.000554,True,,,{}
e1/ba_m8_n200.npz,41,ba_m8_n200_seed540466116,ba,200,1536,greedy_rr_ls,greedy_rr_ls,0,15,15.0,0.048797,True,,,{}
e1/ba_m8_n200.npz,41,ba_m8_n200_seed540466116,ba,200,1536,ilp,ilp,0,14,14.0,0.343172,True,True,14.0,"{""gap"": 0.0, ""status"": ""OPTIMAL"", ""time_limit"": 60.0}"
e1/ba_m8_n200.npz,42,ba_m8_n200_seed275071102,ba,200,1536,greedy,greedy,0,17,17.0,0.000491,True,,,{}
e1/ba_m8_n200.npz,42,ba_m8_n200_seed275071102,ba,200,1536,greedy_rr,greedy_rr,0,17,17.0,0.000554,True,,,{}
e1/ba_m8_n200.npz,42,ba_m8_n200_seed275071102,ba,200,1536,greedy_rr_ls,greedy_rr_ls,0,15,15.0,0.032795,True,,,{}
e1/ba_m8_n200.npz,42,ba_m8_n200_seed275071102,ba,200,1536,ilp,ilp,0,14,14.0,0.261012,True,True,14.0,"{""gap"": 0.0, ""status"": ""OPTIMAL"", ""time_limit"": 60.0}"
e1/ba_m8_n200.npz,43,ba_m8_n200_seed23466216,ba,200,1536,greedy,greedy,0,14,14.0,0.000457,True,,,{}
e1/ba_m8_n200.npz,43,ba_m8_n200_seed23466216,ba,200,1536,greedy_rr,greedy_rr,0,13,13.0,0.000521,True,,,{}
e1/ba_m8_n200.npz,43,ba_m8_n200_seed23466216,ba,200,1536,greedy_rr_ls,greedy_rr_ls,0,13,13.0,0.049016,True,,,{}
e1/ba_m8_n200.npz,43,ba_m8_n200_seed23466216,ba,200,1536,ilp,ilp,0,13,13.0,0.073374,True,True,13.0,"{""gap"": 0.0, ""status"": ""OPTIMAL"", ""time_limit"": 60.0}"
e1/ba_m8_n200.npz,44,ba_m8_n200_seed736547147,ba,200,1536,greedy,greedy,0,13,13.0,0.000478,True,,,{}
e1/ba_m8_n200.npz,44,ba_m8_n200_seed736547147,ba,200,1536,greedy_rr,greedy_rr,0,13,13.0,0.000544,True,,,{}
e1/ba_m8_n200.npz,44,ba_m8_n200_seed736547147,ba,200,1536,greedy_rr_ls,greedy_rr_ls,0,13,13.0,0.025843,True,,,{}
e1/ba_m8_n200.npz,44,ba_m8_n200_seed736547147,ba,200,1536,ilp,ilp,0,13,13.0,0.048136,True,True,13.0,"{""gap"": 0.0, ""status"": ""OPTIMAL"", ""time_limit"": 60.0}"
e1/ba_m8_n200.npz,45,ba_m8_n200_seed592648157,ba,200,1536,greedy,greedy,0,16,16.0,0.000514,True,,,{}
e1/ba_m8_n200.npz,45,ba_m8_n200_seed592648157,ba,200,1536,greedy_rr,greedy_rr,0,16,16.0,0.000596,True,,,{}
e1/ba_m8_n200.npz,45,ba_m8_n200_seed592648157,ba,200,1536,greedy_rr_ls,greedy_rr_ls,0,14,14.0,0.081398,True,,,{}
e1/ba_m8_n200.npz,45,ba_m8_n200_seed592648157,ba,200,1536,ilp,ilp,0,14,14.0,0.168878,True,True,14.0,"{""gap"": 0.0, ""status"": ""OPTIMAL"", ""time_limit"": 60.0}"
e1/ba_m8_n200.npz,46,ba_m8_n200_seed294648935,ba,200,1536,greedy,greedy,0,15,15.0,0.000789,True,,,{}
e1/ba_m8_n200.npz,46,ba_m8_n200_seed294648935,ba,200,1536,greedy_rr,greedy_rr,0,15,15.0,0.000538,True,,,{}
e1/ba_m8_n200.npz,46,ba_m8_n200_seed294648935,ba,200,1536,greedy_rr_ls,greedy_rr_ls,0,15,15.0,0.505988,True,,,{}
e1/ba_m8_n200.npz,46,ba_m8_n200_seed294648935,ba,200,1536,ilp,ilp,0,14,14.0,0.356620,True,True,14.0,"{""gap"": 0.0, ""status"": ""OPTIMAL"", ""time_limit"": 60.0}"
e1/ba_m8_n200.npz,47,ba_m8_n200_seed9096433,ba,200,1536,greedy,greedy,0,16,16.0,0.000441,True,,,{}
e1/ba_m8_n200.npz,47,ba_m8_n200_seed9096433,ba,200,1536,greedy_rr,greedy_rr,0,16,16.0,0.000498,True,,,{}
e1/ba_m8_n200.npz,47,ba_m8_n200_seed9096433,ba,200,1536,greedy_rr_ls,greedy_rr_ls,0,15,15.0,0.034298,True,,,{}
e1/ba_m8_n200.npz,47,ba_m8_n200_seed9096433,ba,200,1536,ilp,ilp,0,15,15.0,0.456995,True,True,15.0,"{""gap"": 0.0, ""status"": ""OPTIMAL"", ""time_limit"": 60.0}"
e1/ba_m8_n200.npz,48,ba_m8_n200_seed880610656,ba,200,1536,greedy,greedy,0,15,15.0,0.000440,True,,,{}
e1/ba_m8_n200.npz,48,ba_m8_n200_seed880610656,ba,200,1536,greedy_rr,greedy_rr,0,15,15.0,0.000489,True,,,{}
e1/ba_m8_n200.npz,48,ba_m8_n200_seed880610656,ba,200,1536,greedy_rr_ls,greedy_rr_ls,0,14,14.0,0.043708,True,,,{}
e1/ba_m8_n200.npz,48,ba_m8_n200_seed880610656,ba,200,1536,ilp,ilp,0,14,14.0,0.500115,True,True,14.0,"{""gap"": 0.0, ""status"": ""OPTIMAL"", ""time_limit"": 60.0}"
e1/ba_m8_n200.npz,49,ba_m8_n200_seed702370806,ba,200,1536,greedy,greedy,0,16,16.0,0.001024,True,,,{}
e1/ba_m8_n200.npz,49,ba_m8_n200_seed702370806,ba,200,1536,greedy_rr,greedy_rr,0,16,16.0,0.000511,True,,,{}
e1/ba_m8_n200.npz,49,ba_m8_n200_seed702370806,ba,200,1536,greedy_rr_ls,greedy_rr_ls,0,14,14.0,0.078206,True,,,{}
e1/ba_m8_n200.npz,49,ba_m8_n200_seed702370806,ba,200,1536,ilp,ilp,0,14,14.0,0.226975,True,True,14.0,"{""gap"": 0.0, ""status"": ""OPTIMAL"", ""time_limit"": 60.0}"
e1/ba_m8_n50.npz,0,ba_m8_n50_seed235128430,ba,50,336,greedy,greedy,0,5,5.0,0.000173,True,,,{}
e1/ba_m8_n50.npz,0,ba_m8_n50_seed235128430,ba,50,336,greedy_rr,greedy_rr,0,5,5.0,0.000181,True,,,{}
e1/ba_m8_n50.npz,0,ba_m8_n50_seed235128430,ba,50,336,greedy_rr_ls,greedy_rr_ls,0,5,5.0,0.001175,True,,,{}
e1/ba_m8_n50.npz,0,ba_m8_n50_seed235128430,ba,50,336,ilp,ilp,0,5,5.0,0.019291,True,True,5.0,"{""gap"": 0.0, ""status"": ""OPTIMAL"", ""time_limit"": 60.0}"
e1/ba_m8_n50.npz,1,ba_m8_n50_seed63374072,ba,50,336,greedy,greedy,0,4,4.0,0.000155,True,,,{}
e1/ba_m8_n50.npz,1,ba_m8_n50_seed63374072,ba,50,336,greedy_rr,greedy_rr,0,4,4.0,0.000161,True,,,{}
e1/ba_m8_n50.npz,1,ba_m8_n50_seed63374072,ba,50,336,greedy_rr_ls,greedy_rr_ls,0,4,4.0,0.001599,True,,,{}
e1/ba_m8_n50.npz,1,ba_m8_n50_seed63374072,ba,50,336,ilp,ilp,0,4,4.0,0.011468,True,True,4.0,"{""gap"": 0.0, ""status"": ""OPTIMAL"", ""time_limit"": 60.0}"
e1/ba_m8_n50.npz,2,ba_m8_n50_seed825558850,ba,50,336,greedy,greedy,0,5,5.0,0.000196,True,,,{}
e1/ba_m8_n50.npz,2,ba_m8_n50_seed825558850,ba,50,336,greedy_rr,greedy_rr,0,5,5.0,0.000164,True,,,{}
e1/ba_m8_n50.npz,2,ba_m8_n50_seed825558850,ba,50,336,greedy_rr_ls,greedy_rr_ls,0,5,5.0,0.004004,True,,,{}
e1/ba_m8_n50.npz,2,ba_m8_n50_seed825558850,ba,50,336,ilp,ilp,0,5,5.0,0.027574,True,True,5.0,"{""gap"": 0.0, ""status"": ""OPTIMAL"", ""time_limit"": 60.0}"
e1/ba_m8_n50.npz,3,ba_m8_n50_seed500490708,ba,50,336,greedy,greedy,0,4,4.0,0.000149,True,,,{}
e1/ba_m8_n50.npz,3,ba_m8_n50_seed500490708,ba,50,336,greedy_rr,greedy_rr,0,4,4.0,0.000162,True,,,{}
e1/ba_m8_n50.npz,3,ba_m8_n50_seed500490708,ba,50,336,greedy_rr_ls,greedy_rr_ls,0,4,4.0,0.003367,True,,,{}
e1/ba_m8_n50.npz,3,ba_m8_n50_seed500490708,ba,50,336,ilp,ilp,0,4,4.0,0.025853,True,True,4.0,"{""gap"": 0.0, ""status"": ""OPTIMAL"", ""time_limit"": 60.0}"
e1/ba_m8_n50.npz,4,ba_m8_n50_seed187107959,ba,50,336,greedy,greedy,0,4,4.0,0.000135,True,,,{}
e1/ba_m8_n50.npz,4,ba_m8_n50_seed187107959,ba,50,336,greedy_rr,greedy_rr,0,4,4.0,0.000299,True,,,{}
e1/ba_m8_n50.npz,4,ba_m8_n50_seed187107959,ba,50,336,greedy_rr_ls,greedy_rr_ls,0,4,4.0,0.002216,True,,,{}
e1/ba_m8_n50.npz,4,ba_m8_n50_seed187107959,ba,50,336,ilp,ilp,0,4,4.0,0.011920,True,True,4.0,"{""gap"": 0.0, ""status"": ""OPTIMAL"", ""time_limit"": 60.0}"
e1/ba_m8_n50.npz,5,ba_m8_n50_seed116672225,ba,50,336,greedy,greedy,0,5,5.0,0.000176,True,,,{}
e1/ba_m8_n50.npz,5,ba_m8_n50_seed116672225,ba,50,336,greedy_rr,greedy_rr,0,5,5.0,0.000177,True,,,{}
e1/ba_m8_n50.npz,5,ba_m8_n50_seed116672225,ba,50,336,greedy_rr_ls,greedy_rr_ls,0,5,5.0,0.008105,True,,,{}
e1/ba_m8_n50.npz,5,ba_m8_n50_seed116672225,ba,50,336,ilp,ilp,0,5,5.0,0.021670,True,True,5.0,"{""gap"": 0.0, ""status"": ""OPTIMAL"", ""time_limit"": 60.0}"
e1/ba_m8_n50.npz,6,ba_m8_n50_seed844155739,ba,50,336,greedy,greedy,0,5,5.0,0.000164,True,,,{}
e1/ba_m8_n50.npz,6,ba_m8_n50_seed844155739,ba,50,336,greedy_rr,greedy_rr,0,5,5.0,0.000174,True,,,{}
e1/ba_m8_n50.npz,6,ba_m8_n50_seed844155739,ba,50,336,greedy_rr_ls,greedy_rr_ls,0,4,4.0,0.000823,True,,,{}
e1/ba_m8_n50.npz,6,ba_m8_n50_seed844155739,ba,50,336,ilp,ilp,0,4,4.0,0.014073,True,True,4.0,"{""gap"": 0.0, ""status"": ""OPTIMAL"", ""time_limit"": 60.0}"
e1/ba_m8_n50.npz,7,ba_m8_n50_seed485139917,ba,50,336,greedy,greedy,0,5,5.0,0.000194,True,,,{}
e1/ba_m8_n50.npz,7,ba_m8_n50_seed485139917,ba,50,336,greedy_rr,greedy_rr,0,5,5.0,0.000162,True,,,{}
e1/ba_m8_n50.npz,7,ba_m8_n50_seed485139917,ba,50,336,greedy_rr_ls,greedy_rr_ls,0,5,5.0,0.002135,True,,,{}
e1/ba_m8_n50.npz,7,ba_m8_n50_seed485139917,ba,50,336,ilp,ilp,0,5,5.0,0.011331,True,True,5.0,"{""gap"": 0.0, ""status"": ""OPTIMAL"", ""time_limit"": 60.0}"
e1/ba_m8_n50.npz,8,ba_m8_n50_seed62471772,ba,50,336,greedy,greedy,0,4,4.0,0.000147,True,,,{}
e1/ba_m8_n50.npz,8,ba_m8_n50_seed62471772,ba,50,336,greedy_rr,greedy_rr,0,4,4.0,0.000167,True,,,{}
e1/ba_m8_n50.npz,8,ba_m8_n50_seed62471772,ba,50,336,greedy_rr_ls,greedy_rr_ls,0,4,4.0,0.001263,True,,,{}
e1/ba_m8_n50.npz,8,ba_m8_n50_seed62471772,ba,50,336,ilp,ilp,0,4,4.0,0.014333,True,True,4.0,"{""gap"": 0.0, ""status"": ""OPTIMAL"", ""time_limit"": 60.0}"
e1/ba_m8_n50.npz,9,ba_m8_n50_seed958219466,ba,50,336,greedy,greedy,0,5,5.0,0.000189,True,,,{}
e1/ba_m8_n50.npz,9,ba_m8_n50_seed958219466,ba,50,336,greedy_rr,greedy_rr,0,5,5.0,0.000163,True,,,{}
e1/ba_m8_n50.npz,9,ba_m8_n50_seed958219466,ba,50,336,greedy_rr_ls,greedy_rr_ls,0,5,5.0,0.008759,True,,,{}
e1/ba_m8_n50.npz,9,ba_m8_n50_seed958219466,ba,50,336,ilp,ilp,0,4,4.0,0.022410,True,True,4.0,"{""gap"": 0.0, ""status"": ""OPTIMAL"", ""time_limit"": 60.0}"
e1/ba_m8_n50.npz,10,ba_m8_n50_seed828874772,ba,50,336,greedy,greedy,0,4,4.0,0.000136,True,,,{}
e1/ba_m8_n50.npz,10,ba_m8_n50_seed828874772,ba,50,336,greedy_rr,greedy_rr,0,3,3.0,0.000162,True,,,{}
e1/ba_m8_n50.npz,10,ba_m8_n50_seed828874772,ba,50,336,greedy_rr_ls,greedy_rr_ls,0,3,3.0,0.000634,True,,,{}
e1/ba_m8_n50.npz,10,ba_m8_n50_seed828874772,ba,50,336,ilp,ilp,0,3,3.0,0.013749,True,True,3.0,"{""gap"": 0.0, ""status"": ""OPTIMAL"", ""time_limit"": 60.0}"
e1/ba_m8_n50.npz,11,ba_m8_n50_seed181265794,ba,50,336,greedy,greedy,0,5,5.0,0.000150,True,,,{}
e1/ba_m8_n50.npz,11,ba_m8_n50_seed181265794,ba,50,336,greedy_rr,greedy_rr,0,5,5.0,0.000174,True,,,{}
e1/ba_m8_n50.npz,11,ba_m8_n50_seed181265794,ba,50,336,greedy_rr_ls,greedy_rr_ls,0,5,5.0,0.005320,True,,,{}
e1/ba_m8_n50.npz,11,ba_m8_n50_seed181265794,ba,50,336,ilp,ilp,0,5,5.0,0.027303,True,True,5.0,"{""gap"": 0.0, ""status"": ""OPTIMAL"", ""time_limit"": 60.0}"
e1/ba_m8_n50.npz,12,ba_m8_n50_seed747709240,ba,50,336,greedy,greedy,0,5,5.0,0.000214,True,,,{}
e1/ba_m8_n50.npz,12,ba_m8_n50_seed747709240,ba,50,336,greedy_rr,greedy_rr,0,5,5.0,0.000198,True,,,{}
e1/ba_m8_n50.npz,12,ba_m8_n50_seed747709240,ba,50,336,greedy_rr_ls,greedy_rr_ls,0,5,5.0,0.003180,True,,,{}
e1/ba_m8_n50.npz,12,ba_m8_n50_seed747709240,ba,50,336,ilp,ilp,0,5,5.0,0.026331,True,True,5.0,"{""gap"": 0.0, ""status"": ""OPTIMAL"", ""time_limit"": 60.0}"
e1/ba_m8_n50.npz,13,ba_m8_n50_seed824753326,ba,50,336,greedy,greedy,0,5,5.0,0.000147,True,,,{}
e1/ba_m8_n50.npz,13,ba_m8_n50_seed824753326,ba,50,336,greedy_rr,greedy_rr,0,5,5.0,0.000175,True,,,{}
e1/ba_m8_n50.npz,13,ba_m8_n50_seed824753326,ba,50,336,greedy_rr_ls,greedy_rr_ls,0,5,5.0,0.009600,True,,,{}
e1/ba_m8_n50.npz,13,ba_m8_n50_seed824753326,ba,50,336,ilp,ilp,0,5,5.0,0.019411,True,True,5.0,"{""gap"": 0.0, ""status"": ""OPTIMAL"", ""time_limit"": 60.0}"
e1/ba_m8_n50.npz,14,ba_m8_n50_seed918739981,ba,50,336,greedy,greedy,0,4,4.0,0.000147,True,,,{}
e1/ba_m8_n50.npz,14,ba_m8_n50_seed918739981,ba,50,336,greedy_rr,greedy_rr,0,4,4.0,0.000152,True,,,{}
e1/ba_m8_n50.npz,14,ba_m8_n50_seed918739981,ba,50,336,greedy_rr_ls,greedy_rr_ls,0,4,4.0,0.000658,True,,,{}
e1/ba_m8_n50.npz,14,ba_m8_n50_seed918739981,ba,50,336,ilp,ilp,0,4,4.0,0.013261,True,True,4.0,"{""gap"": 0.0, ""status"": ""OPTIMAL"", ""time_limit"": 60.0}"
e1/ba_m8_n50.npz,15,ba_m8_n50_seed102965659,ba,50,336,greedy,greedy,0,4,4.0,0.000185,True,,,{}
e1/ba_m8_n50.npz,15,ba_m8_n50_seed102965659,ba,50,336,greedy_rr,greedy_rr,0,4,4.0,0.000219,True,,,{}
e1/ba_m8_n50.npz,15,ba_m8_n50_seed102965659,ba,50,336,greedy_rr_ls,greedy_rr_ls,0,4,4.0,0.001984,True,,,{}
e1/ba_m8_n50.npz,15,ba_m8_n50_seed102965659,ba,50,336,ilp,ilp,0,4,4.0,0.013135,True,True,4.0,"{""gap"": 0.0, ""status"": ""OPTIMAL"", ""time_limit"": 60.0}"
e1/ba_m8_n50.npz,16,ba_m8_n50_seed636804897,ba,50,336,greedy,greedy,0,4,4.0,0.000153,True,,,{}
e1/ba_m8_n50.npz,16,ba_m8_n50_seed636804897,ba,50,336,greedy_rr,greedy_rr,0,4,4.0,0.000186,True,,,{}
e1/ba_m8_n50.npz,16,ba_m8_n50_seed636804897,ba,50,336,greedy_rr_ls,greedy_rr_ls,0,4,4.0,0.001202,True,,,{}
e1/ba_m8_n50.npz,16,ba_m8_n50_seed636804897,ba,50,336,ilp,ilp,0,4,4.0,0.013504,True,True,4.0,"{""gap"": 0.0, ""status"": ""OPTIMAL"", ""time_limit"": 60.0}"
e1/ba_m8_n50.npz,17,ba_m8_n50_seed949385399,ba,50,336,greedy,greedy,0,4,4.0,0.000190,True,,,{}
e1/ba_m8_n50.npz,17,ba_m8_n50_seed949385399,ba,50,336,greedy_rr,greedy_rr,0,4,4.0,0.000152,True,,,{}
e1/ba_m8_n50.npz,17,ba_m8_n50_seed949385399,ba,50,336,greedy_rr_ls,greedy_rr_ls,0,4,4.0,0.000685,True,,,{}
e1/ba_m8_n50.npz,17,ba_m8_n50_seed949385399,ba,50,336,ilp,ilp,0,4,4.0,0.013972,True,True,4.0,"{""gap"": 0.0, ""status"": ""OPTIMAL"", ""time_limit"": 60.0}"
e1/ba_m8_n50.npz,18,ba_m8_n50_seed74604070,ba,50,336,greedy,greedy,0,4,4.0,0.000157,True,,,{}
e1/ba_m8_n50.npz,18,ba_m8_n50_seed74604070,ba,50,336,greedy_rr,greedy_rr,0,4,4.0,0.000155,True,,,{}
e1/ba_m8_n50.npz,18,ba_m8_n50_seed74604070,ba,50,336,greedy_rr_ls,greedy_rr_ls,0,4,4.0,0.001172,True,,,{}
e1/ba_m8_n50.npz,18,ba_m8_n50_seed74604070,ba,50,336,ilp,ilp,0,4,4.0,0.014272,True,True,4.0,"{""gap"": 0.0, ""status"": ""OPTIMAL"", ""time_limit"": 60.0}"
e1/ba_m8_n50.npz,19,ba_m8_n50_seed226061744,ba,50,336,greedy,greedy,0,5,5.0,0.000143,True,,,{}
e1/ba_m8_n50.npz,19,ba_m8_n50_seed226061744,ba,50,336,greedy_rr,greedy_rr,0,4,4.0,0.000171,True,,,{}
e1/ba_m8_n50.npz,19,ba_m8_n50_seed226061744,ba,50,336,greedy_rr_ls,greedy_rr_ls,0,4,4.0,0.001437,True,,,{}
e1/ba_m8_n50.npz,19,ba_m8_n50_seed226061744,ba,50,336,ilp,ilp,0,4,4.0,0.014337,True,True,4.0,"{""gap"": 0.0, ""status"": ""OPTIMAL"", ""time_limit"": 60.0}"
e1/ba_m8_n50.npz,20,ba_m8_n50_seed444748375,ba,50,336,greedy,greedy,0,4,4.0,0.000142,True,,,{}
e1/ba_m8_n50.npz,20,ba_m8_n50_seed444748375,ba,50,336,greedy_rr,greedy_rr,0,4,4.0,0.000159,True,,,{}
e1/ba_m8_n50.npz,20,ba_m8_n50_seed444748375,ba,50,336,greedy_rr_ls,greedy_rr_ls,0,4,4.0,0.005023,True,,,{}
e1/ba_m8_n50.npz,20,ba_m8_n50_seed444748375,ba,50,336,ilp,ilp,0,4,4.0,0.025561,True,True,4.0,"{""gap"": 0.0, ""status"": ""OPTIMAL"", ""time_limit"": 60.0}"
e1/ba_m8_n50.npz,21,ba_m8_n50_seed836942017,ba,50,336,greedy,greedy,0,4,4.0,0.000198,True,,,{}
e1/ba_m8_n50.npz,21,ba_m8_n50_seed836942017,ba,50,336,greedy_rr,greedy_rr,0,4,4.0,0.000235,True,,,{}
e1/ba_m8_n50.npz,21,ba_m8_n50_seed836942017,ba,50,336,greedy_rr_ls,greedy_rr_ls,0,4,4.0,0.001695,True,,,{}
e1/ba_m8_n50.npz,21,ba_m8_n50_seed836942017,ba,50,336,ilp,ilp,0,4,4.0,0.028254,True,True,4.0,"{""gap"": 0.0, ""status"": ""OPTIMAL"", ""time_limit"": 60.0}"
e1/ba_m8_n50.npz,22,ba_m8_n50_seed102336891,ba,50,336,greedy,greedy,0,4,4.0,0.000138,True,,,{}
e1/ba_m8_n50.npz,22,ba_m8_n50_seed102336891,ba,50,336,greedy_rr,greedy_rr,0,4,4.0,0.000152,True,,,{}
e1/ba_m8_n50.npz,22,ba_m8_n50_seed102336891,ba,50,336,greedy_rr_ls,greedy_rr_ls,0,4,4.0,0.004328,True,,,{}
e1/ba_m8_n50.npz,22,ba_m8_n50_seed102336891,ba,50,336,ilp,ilp,0,4,4.0,0.024896,True,True,4.0,"{""gap"": 0.0, ""status"": ""OPTIMAL"", ""time_limit"": 60.0}"
e1/ba_m8_n50.npz,23,ba_m8_n50_seed206966253,ba,50,336,greedy,greedy,0,4,4.0,0.000146,True,,,{}
e1/ba_m8_n50.npz,23,ba_m8_n50_seed206966253,ba,50,336,greedy_rr,greedy_rr,0,4,4.0,0.000149,True,,,{}
e1/ba_m8_n50.npz,23,ba_m8_n50_seed206966253,ba,50,336,greedy_rr_ls,greedy_rr_ls,0,4,4.0,0.003354,True,,,{}
e1/ba_m8_n50.npz,23,ba_m8_n50_seed206966253,ba,50,336,ilp,ilp,0,4,4.0,0.011261,True,True,4.0,"{""gap"": 0.0, ""status"": ""OPTIMAL"", ""time_limit"": 60.0}"
e1/ba_m8_n50.npz,24,ba_m8_n50_seed497552974,ba,50,336,greedy,greedy,0,5,5.0,0.000191,True,,,{}
e1/ba_m8_n50.npz,24,ba_m8_n50_seed497552974,ba,50,336,greedy_rr,greedy_rr,0,5,5.0,0.000168,True,,,{}
e1/ba_m8_n50.npz,24,ba_m8_n50_seed497552974,ba,50,336,greedy_rr_ls,greedy_rr_ls,0,5,5.0,0.004454,True,,,{}
e1/ba_m8_n50.npz,24,ba_m8_n50_seed497552974,ba,50,336,ilp,ilp,0,5,5.0,0.027603,True,True,5.0,"{""gap"": 0.0, ""status"": ""OPTIMAL"", ""time_limit"": 60.0}"
e1/ba_m8_n50.npz,25,ba_m8_n50_seed789476568,ba,50,336,greedy,greedy,0,4,4.0,0.000143,True,,,{}
e1/ba_m8_n50.npz,25,ba_m8_n50_seed789476568,ba,50,336,greedy_rr,greedy_rr,0,4,4.0,0.000159,True,,,{}
e1/ba_m8_n50.npz,25,ba_m8_n50_seed789476568,ba,50,336,greedy_rr_ls,greedy_rr_ls,0,4,4.0,0.001746,True,,,{}
e1/ba_m8_n50.npz,25,ba_m8_n50_seed789476568,ba,50,336,ilp,ilp,0,4,4.0,0.011522,True,True,4.0,"{""gap"": 0.0, ""status"": ""OPTIMAL"", ""time_limit"": 60.0}"
e1/ba_m8_n50.npz,26,ba_m8_n50_seed87475554,ba,50,336,greedy,greedy,0,5,5.0,0.000155,True,,,{}
e1/ba_m8_n50.npz,26,ba_m8_n50_seed87475554,ba,50,336,greedy_rr,greedy_rr,0,5,5.0,0.000161,True,,,{}
e1/ba_m8_n50.npz,26,ba_m8_n50_seed87475554,ba,50,336,greedy_rr_ls,greedy_rr_ls,0,5,5.0,0.015819,True,,,{}
e1/ba_m8_n50.npz,26,ba_m8_n50_seed87475554,ba,50,336,ilp,ilp,0,5,5.0,0.030750,True,True,5.0,"{""gap"": 0.0, ""status"": ""OPTIMAL"", ""time_limit"": 60.0}"
e1/ba_m8_n50.npz,27,ba_m8_n50_seed225004020,ba,50,336,greedy,greedy,0,3,3.0,0.000139,True,,,{}
e1/ba_m8_n50.npz,27,ba_m8_n50_seed225004020,ba,50,336,greedy_rr,greedy_rr,0,3,3.0,0.000147,True,,,{}
e1/ba_m8_n50.npz,27,ba_m8_n50_seed225004020,ba,50,336,greedy_rr_ls,greedy_rr_ls,0,3,3.0,0.000682,True,,,{}
e1/ba_m8_n50.npz,27,ba_m8_n50_seed225004020,ba,50,336,ilp,ilp,0,3,3.0,0.013068,True,True,3.0,"{""gap"": 0.0, ""status"": ""OPTIMAL"", ""time_limit"": 60.0}"
e1/ba_m8_n50.npz,28,ba_m8_n50_seed356112997,ba,50,336,greedy,greedy,0,4,4.0,0.000140,True,,,{}
e1/ba_m8_n50.npz,28,ba_m8_n50_seed356112997,ba,50,336,greedy_rr,greedy_rr,0,4,4.0,0.000156,True,,,{}
e1/ba_m8_n50.npz,28,ba_m8_n50_seed356112997,ba,50,336,greedy_rr_ls,greedy_rr_ls,0,4,4.0,0.001104,True,,,{}
e1/ba_m8_n50.npz,28,ba_m8_n50_seed356112997,ba,50,336,ilp,ilp,0,4,4.0,0.015050,True,True,4.0,"{""gap"": 0.0, ""status"": ""OPTIMAL"", ""time_limit"": 60.0}"
e1/ba_m8_n50.npz,29,ba_m8_n50_seed681328883,ba,50,336,greedy,greedy,0,5,5.0,0.000144,True,,,{}
e1/ba_m8_n50.npz,29,ba_m8_n50_seed681328883,ba,50,336,greedy_rr,greedy_rr,0,5,5.0,0.000165,True,,,{}
e1/ba_m8_n50.npz,29,ba_m8_n50_seed681328883,ba,50,336,greedy_rr_ls,greedy_rr_ls,0,5,5.0,0.004337,True,,,{}
e1/ba_m8_n50.npz,29,ba_m8_n50_seed681328883,ba,50,336,ilp,ilp,0,5,5.0,0.026551,True,True,5.0,"{""gap"": 0.0, ""status"": ""OPTIMAL"", ""time_limit"": 60.0}"
e1/ba_m8_n50.npz,30,ba_m8_n50_seed58294678,ba,50,336,greedy,greedy,0,6,6.0,0.000157,True,,,{}
e1/ba_m8_n50.npz,30,ba_m8_n50_seed58294678,ba,50,336,greedy_rr,greedy_rr,0,5,5.0,0.000245,True,,,{}
e1/ba_m8_n50.npz,30,ba_m8_n50_seed58294678,ba,50,336,greedy_rr_ls,greedy_rr_ls,0,5,5.0,0.011555,True,,,{}
e1/ba_m8_n50.npz,30,ba_m8_n50_seed58294678,ba,50,336,ilp,ilp,0,5,5.0,0.018726,True,True,5.0,"{""gap"": 0.0, ""status"": ""OPTIMAL"", ""time_limit"": 60.0}"
e1/ba_m8_n50.npz,31,ba_m8_n50_seed953911296,ba,50,336,greedy,greedy,0,4,4.0,0.000140,True,,,{}
e1/ba_m8_n50.npz,31,ba_m8_n50_seed953911296,ba,50,336,greedy_rr,greedy_rr,0,4,4.0,0.000165,True,,,{}
e1/ba_m8_n50.npz,31,ba_m8_n50_seed953911296,ba,50,336,greedy_rr_ls,greedy_rr_ls,0,4,4.0,0.000726,True,,,{}
e1/ba_m8_n50.npz,31,ba_m8_n50_seed953911296,ba,50,336,ilp,ilp,0,4,4.0,0.012950,True,True,4.0,"{""gap"": 0.0, ""status"": ""OPTIMAL"", ""time_limit"": 60.0}"
e1/ba_m8_n50.npz,32,ba_m8_n50_seed983516346,ba,50,336,greedy,greedy,0,5,5.0,0.000176,True,,,{}
e1/ba_m8_n50.npz,32,ba_m8_n50_seed983516346,ba,50,336,greedy_rr,greedy_rr,0,4,4.0,0.000173,True,,,{}
e1/ba_m8_n50.npz,32,ba_m8_n50_seed983516346,ba,50,336,greedy_rr_ls,greedy_rr_ls,0,4,4.0,0.004458,True,,,{}
e1/ba_m8_n50.npz,32,ba_m8_n50_seed983516346,ba,50,336,ilp,ilp,0,4,4.0,0.026073,True,True,4.0,"{""gap"": 0.0, ""status"": ""OPTIMAL"", ""time_limit"": 60.0}"
e1/ba_m8_n50.npz,33,ba_m8_n50_seed591077164,ba,50,336,greedy,greedy,0,5,5.0,0.000143,True,,,{}
e1/ba_m8_n50.npz,33,ba_m8_n50_seed591077164,ba,50,336,greedy_rr,greedy_rr,0,5,5.0,0.000161,True,,,{}
e1/ba_m8_n50.npz,33,ba_m8_n50_seed591077164,ba,50,336,greedy_rr_ls,greedy_rr_ls,0,5,5.0,0.003155,True,,,{}
e1/ba_m8_n50.npz,33,ba_m8_n50_seed591077164,ba,50,336,ilp,ilp,0,5,5.0,0.027253,True,True,5.0,"{""gap"": 0.0, ""status"": ""OPTIMAL"", ""time_limit"": 60.0}"
e1/ba_m8_n50.npz,34,ba_m8_n50_seed76365199,ba,50,336,greedy,greedy,0,4,4.0,0.000158,True,,,{}
e1/ba_m8_n50.npz,34,ba_m8_n50_seed76365199,ba,50,336,greedy_rr,greedy_rr,0,4,4.0,0.000159,True,,,{}
e1/ba_m8_n50.npz,34,ba_m8_n50_seed76365199,ba,50,336,greedy_rr_ls,greedy_rr_ls,0,4,4.0,0.002549,True,,,{}
e1/ba_m8_n50.npz,34,ba_m8_n50_seed76365199,ba,50,336,ilp,ilp,0,4,4.0,0.012528,True,True,4.0,"{""gap"": 0.0, ""status"": ""OPTIMAL"", ""time_limit"": 60.0}"
e1/ba_m8_n50.npz,35,ba_m8_n50_seed939082777,ba,50,336,greedy,greedy,0,4,4.0,0.000141,True,,,{}
e1/ba_m8_n50.npz,35,ba_m8_n50_seed939082777,ba,50,336,greedy_rr,greedy_rr,0,4,4.0,0.000147,True,,,{}
e1/ba_m8_n50.npz,35,ba_m8_n50_seed939082777,ba,50,336,greedy_rr_ls,greedy_rr_ls,0,4,4.0,0.004838,True,,,{}
e1/ba_m8_n50.npz,35,ba_m8_n50_seed939082777,ba,50,336,ilp,ilp,0,4,4.0,0.025431,True,True,4.0,"{""gap"": 0.0, ""status"": ""OPTIMAL"", ""time_limit"": 60.0}"
e1/ba_m8_n50.npz,36,ba_m8_n50_seed936018083,ba,50,336,greedy,greedy,0,5,5.0,0.000141,True,,,{}
e1/ba_m8_n50.npz,36,ba_m8_n50_seed936018083,ba,50,336,greedy_rr,greedy_rr,0,5,5.0,0.000151,True,,,{}
e1/ba_m8_n50.npz,36,ba_m8_n50_seed936018083,ba,50,336,greedy_rr_ls,greedy_rr_ls,0,4,4.0,0.000786,True,,,{}
e1/ba_m8_n50.npz,36,ba_m8_n50_seed936018083,ba,50,336,ilp,ilp,0,4,4.0,0.015475,True,True,4.0,"{""gap"": 0.0, ""status"": ""OPTIMAL"", ""time_limit"": 60.0}"
e1/ba_m8_n50.npz,37,ba_m8_n50_seed643849013,ba,50,336,greedy,greedy,0,5,5.0,0.000160,True,,,{}
e1/ba_m8_n50.npz,37,ba_m8_n50_seed643849013,ba,50,336,greedy_rr,greedy_rr,0,5,5.0,0.000159,True,,,{}
e1/ba_m8_n50.npz,37,ba_m8_n50_seed643849013,ba,50,336,greedy_rr_ls,greedy_rr_ls,0,4,4.0,0.000786,True,,,{}
e1/ba_m8_n50.npz,37,ba_m8_n50_seed643849013,ba,50,336,ilp,ilp,0,4,4.0,0.013146,True,True,4.0,"{""gap"": 0.0, ""status"": ""OPTIMAL"", ""time_limit"": 60.0}"
e1/ba_m8_n50.npz,38,ba_m8_n50_seed239274404,ba,50,336,greedy,greedy,0,5,5.0,0.000141,True,,,{}
e1/ba_m8_n50.npz,38,ba_m8_n50_seed239274404,ba,50,336,greedy_rr,greedy_rr,0,5,5.0,0.000158,True,,,{}
e1/ba_m8_n50.npz,38,ba_m8_n50_seed239274404,ba,50,336,greedy_rr_ls,greedy_rr_ls,0,5,5.0,0.003079,True,,,{}
e1/ba_m8_n50.npz,38,ba_m8_n50_seed239274404,ba,50,336,ilp,ilp,0,5,5.0,0.028228,True,True,5.0,"{""gap"": 0.0, ""status"": ""OPTIMAL"", ""time_limit"": 60.0}"
e1/ba_m8_n50.npz,39,ba_m8_n50_seed67651122,ba,50,336,greedy,greedy,0,3,3.0,0.000130,True,,,{}
e1/ba_m8_n50.npz,39,ba_m8_n50_seed67651122,ba,50,336,greedy_rr,greedy_rr,0,3,3.0,0.000139,True,,,{}
e1/ba_m8_n50.npz,39,ba_m8_n50_seed67651122,ba,50,336,greedy_rr_ls,greedy_rr_ls,0,3,3.0,0.000579,True,,,{}
e1/ba_m8_n50.npz,39,ba_m8_n50_seed67651122,ba,50,336,ilp,ilp,0,3,3.0,0.013838,True,True,3.0,"{""gap"": 0.0, ""status"": ""OPTIMAL"", ""time_limit"": 60.0}"
e1/ba_m8_n50.npz,40,ba_m8_n50_seed287187409,ba,50,336,greedy,greedy,0,5,5.0,0.000153,True,,,{}
e1/ba_m8_n50.npz,40,ba_m8_n50_seed287187409,ba,50,336,greedy_rr,greedy_rr,0,5,5.0,0.000163,True,,,{}
e1/ba_m8_n50.npz,40,ba_m8_n50_seed287187409,ba,50,336,greedy_rr_ls,greedy_rr_ls,0,5,5.0,0.005929,True,,,{}
e1/ba_m8_n50.npz,40,ba_m8_n50_seed287187409,ba,50,336,ilp,ilp,0,5,5.0,0.026193,True,True,5.0,"{""gap"": 0.0, ""status"": ""OPTIMAL"", ""time_limit"": 60.0}"
e1/ba_m8_n50.npz,41,ba_m8_n50_seed1001904967,ba,50,336,greedy,greedy,0,4,4.0,0.000146,True,,,{}
e1/ba_m8_n50.npz,41,ba_m8_n50_seed1001904967,ba,50,336,greedy_rr,greedy_rr,0,4,4.0,0.000154,True,,,{}
e1/ba_m8_n50.npz,41,ba_m8_n50_seed1001904967,ba,50,336,greedy_rr_ls,greedy_rr_ls,0,4,4.0,0.003885,True,,,{}
e1/ba_m8_n50.npz,41,ba_m8_n50_seed1001904967,ba,50,336,ilp,ilp,0,4,4.0,0.024813,True,True,4.0,"{""gap"": 0.0, ""status"": ""OPTIMAL"", ""time_limit"": 60.0}"
e1/ba_m8_n50.npz,42,ba_m8_n50_seed729381117,ba,50,336,greedy,greedy,0,5,5.0,0.000147,True,,,{}
e1/ba_m8_n50.npz,42,ba_m8_n50_seed729381117,ba,50,336,greedy_rr,greedy_rr,0,5,5.0,0.000162,True,,,{}
e1/ba_m8_n50.npz,42,ba_m8_n50_seed729381117,ba,50,336,greedy_rr_ls,greedy_rr_ls,0,4,4.0,0.003178,True,,,{}
e1/ba_m8_n50.npz,42,ba_m8_n50_seed729381117,ba,50,336,ilp,ilp,0,4,4.0,0.027286,True,True,4.0,"{""gap"": 0.0, ""status"": ""OPTIMAL"", ""time_limit"": 60.0}"
e1/ba_m8_n50.npz,43,ba_m8_n50_seed585227883,ba,50,336,greedy,greedy,0,4,4.0,0.000144,True,,,{}
e1/ba_m8_n50.npz,43,ba_m8_n50_seed585227883,ba,50,336,greedy_rr,greedy_rr,0,4,4.0,0.000168,True,,,{}
e1/ba_m8_n50.npz,43,ba_m8_n50_seed585227883,ba,50,336,greedy_rr_ls,greedy_rr_ls,0,4,4.0,0.002998,True,,,{}
e1/ba_m8_n50.npz,43,ba_m8_n50_seed585227883,ba,50,336,ilp,ilp,0,4,4.0,0.011640,True,True,4.0,"{""gap"": 0.0, ""status"": ""OPTIMAL"", ""time_limit"": 60.0}"
e1/ba_m8_n50.npz,44,ba_m8_n50_seed263382472,ba,50,336,greedy,greedy,0,5,5.0,0.000151,True,,,{}
e1/ba_m8_n50.npz,44,ba_m8_n50_seed263382472,ba,50,336,greedy_rr,greedy_rr,0,5,5.0,0.000172,True,,,{}
e1/ba_m8_n50.npz,44,ba_m8_n50_seed263382472,ba,50,336,greedy_rr_ls,greedy_rr_ls,0,5,5.0,0.004572,True,,,{}
e1/ba_m8_n50.npz,44,ba_m8_n50_seed263382472,ba,50,336,ilp,ilp,0,5,5.0,0.029046,True,True,5.0,"{""gap"": 0.0, ""status"": ""OPTIMAL"", ""time_limit"": 60.0}"
e1/ba_m8_n50.npz,45,ba_m8_n50_seed12047710,ba,50,336,greedy,greedy,0,5,5.0,0.000153,True,,,{}
e1/ba_m8_n50.npz,45,ba_m8_n50_seed12047710,ba,50,336,greedy_rr,greedy_rr,0,5,5.0,0.000167,True,,,{}
e1/ba_m8_n50.npz,45,ba_m8_n50_seed12047710,ba,50,336,greedy_rr_ls,greedy_rr_ls,0,5,5.0,0.007084,True,,,{}
e1/ba_m8_n50.npz,45,ba_m8_n50_seed12047710,ba,50,336,ilp,ilp,0,5,5.0,0.021417,True,True,5.0,"{""gap"": 0.0, ""status"": ""OPTIMAL"", ""time_limit"": 60.0}"
e1/ba_m8_n50.npz,46,ba_m8_n50_seed774225124,ba,50,336,greedy,greedy,0,5,5.0,0.000177,True,,,{}
e1/ba_m8_n50.npz,46,ba_m8_n50_seed774225124,ba,50,336,greedy_rr,greedy_rr,0,5,5.0,0.000163,True,,,{}
e1/ba_m8_n50.npz,46,ba_m8_n50_seed774225124,ba,50,336,greedy_rr_ls,greedy_rr_ls,0,5,5.0,0.001144,True,,,{}
e1/ba_m8_n50.npz,46,ba_m8_n50_seed774225124,ba,50,336,ilp,ilp,0,5,5.0,0.013432,True,True,5.0,"{""gap"": 0.0, ""status"": ""OPTIMAL"", ""time_limit"": 60.0}"
e1/ba_m8_n50.npz,47,ba_m8_n50_seed528753266,ba,50,336,greedy,greedy,0,3,3.0,0.000134,True,,,{}
e1/ba_m8_n50.npz,47,ba_m8_n50_seed528753266,ba,50,336,greedy_rr,greedy_rr,0,3,3.0,0.000146,True,,,{}
e1/ba_m8_n50.npz,47,ba_m8_n50_seed528753266,ba,50,336,greedy_rr_ls,greedy_rr_ls,0,3,3.0,0.000646,True,,,{}
e1/ba_m8_n50.npz,47,ba_m8_n50_seed528753266,ba,50,336,ilp,ilp,0,3,3.0,0.013789,True,True,3.0,"{""gap"": 0.0, ""status"": ""OPTIMAL"", ""time_limit"": 60.0}"
e1/ba_m8_n50.npz,48,ba_m8_n50_seed124299747,ba,50,336,greedy,greedy,0,5,5.0,0.000143,True,,,{}
e1/ba_m8_n50.npz,48,ba_m8_n50_seed124299747,ba,50,336,greedy_rr,greedy_rr,0,5,5.0,0.000153,True,,,{}
e1/ba_m8_n50.npz,48,ba_m8_n50_seed124299747,ba,50,336,greedy_rr_ls,greedy_rr_ls,0,5,5.0,0.003083,True,,,{}
e1/ba_m8_n50.npz,48,ba_m8_n50_seed124299747,ba,50,336,ilp,ilp,0,5,5.0,0.012366,True,True,5.0,"{""gap"": 0.0, ""status"": ""OPTIMAL"", ""time_limit"": 60.0}"
e1/ba_m8_n50.npz,49,ba_m8_n50_seed905732981,ba,50,336,greedy,greedy,0,4,4.0,0.000150,True,,,{}
e1/ba_m8_n50.npz,49,ba_m8_n50_seed905732981,ba,50,336,greedy_rr,greedy_rr,0,4,4.0,0.000157,True,,,{}
e1/ba_m8_n50.npz,49,ba_m8_n50_seed905732981,ba,50,336,greedy_rr_ls,greedy_rr_ls,0,4,4.0,0.001759,True,,,{}
e1/ba_m8_n50.npz,49,ba_m8_n50_seed905732981,ba,50,336,ilp,ilp,0,4,4.0,0.012948,True,True,4.0,"{""gap"": 0.0, ""status"": ""OPTIMAL"", ""time_limit"": 60.0}"
e1/ba_m8_n500.npz,0,ba_m8_n500_seed228088952,ba,500,3936,greedy,greedy,0,33,33.0,0.001103,True,,,{}
e1/ba_m8_n500.npz,0,ba_m8_n500_seed228088952,ba,500,3936,greedy_rr,greedy_rr,0,33,33.0,0.001238,True,,,{}
e1/ba_m8_n500.npz,0,ba_m8_n500_seed228088952,ba,500,3936,greedy_rr_ls,greedy_rr_ls,0,31,31.0,0.466203,True,,,{}
e1/ba_m8_n500.npz,0,ba_m8_n500_seed228088952,ba,500,3936,ilp,ilp,0,31,31.0,5.038101,True,True,31.0,"{""gap"": 0.0, ""status"": ""OPTIMAL"", ""time_limit"": 60.0}"
e1/ba_m8_n500.npz,1,ba_m8_n500_seed56744174,ba,500,3936,greedy,greedy,0,37,37.0,0.001111,True,,,{}
e1/ba_m8_n500.npz,1,ba_m8_n500_seed56744174,ba,500,3936,greedy_rr,greedy_rr,0,36,36.0,0.001240,True,,,{}
e1/ba_m8_n500.npz,1,ba_m8_n500_seed56744174,ba,500,3936,greedy_rr_ls,greedy_rr_ls,0,34,34.0,1.001600,True,,,{}
e1/ba_m8_n500.npz,1,ba_m8_n500_seed56744174,ba,500,3936,ilp,ilp,0,33,33.0,24.251668,True,True,33.0,"{""gap"": 0.0, ""status"": ""OPTIMAL"", ""time_limit"": 60.0}"
e1/ba_m8_n500.npz,2,ba_m8_n500_seed817782100,ba,500,3936,greedy,greedy,0,37,37.0,0.001874,True,,,{}
e1/ba_m8_n500.npz,2,ba_m8_n500_seed817782100,ba,500,3936,greedy_rr,greedy_rr,0,35,35.0,0.002117,True,,,{}
e1/ba_m8_n500.npz,2,ba_m8_n500_seed817782100,ba,500,3936,greedy_rr_ls,greedy_rr_ls,0,34,34.0,1.002091,True,,,{}
e1/ba_m8_n500.npz,2,ba_m8_n500_seed817782100,ba,500,3936,ilp,ilp,0,33,33.0,28.720339,True,True,33.0,"{""gap"": 0.0, ""status"": ""OPTIMAL"", ""time_limit"": 60.0}"
e1/ba_m8_n500.npz,3,ba_m8_n500_seed492566466,ba,500,3936,greedy,greedy,0,33,33.0,0.001128,True,,,{}
e1/ba_m8_n500.npz,3,ba_m8_n500_seed492566466,ba,500,3936,greedy_rr,greedy_rr,0,33,33.0,0.001181,True,,,{}
e1/ba_m8_n500.npz,3,ba_m8_n500_seed492566466,ba,500,3936,greedy_rr_ls,greedy_rr_ls,0,32,32.0,1.001542,True,,,{}
e1/ba_m8_n500.npz,3,ba_m8_n500_seed492566466,ba,500,3936,ilp,ilp,0,31,31.0,7.109491,True,True,31.0,"{""gap"": 0.0, ""status"": ""OPTIMAL"", ""time_limit"": 60.0}"
e1/ba_m8_n500.npz,4,ba_m8_n500_seed174989409,ba,500,3936,greedy,greedy,0,35,35.0,0.001091,True,,,{}
e1/ba_m8_n500.npz,4,ba_m8_n500_seed174989409,ba,500,3936,greedy_rr,greedy_rr,0,34,34.0,0.001222,True,,,{}
e1/ba_m8_n500.npz,4,ba_m8_n500_seed174989409,ba,500,3936,greedy_rr_ls,greedy_rr_ls,0,34,34.0,1.001633,True,,,{}
e1/ba_m8_n500.npz,4,ba_m8_n500_seed174989409,ba,500,3936,ilp,ilp,0,33,33.0,14.707202,True,True,33.0,"{""gap"": 0.0, ""status"": ""OPTIMAL"", ""time_limit"": 60.0}"
e1/ba_m8_n500.npz,5,ba_m8_n500_seed104701175,ba,500,3936,greedy,greedy,0,36,36.0,0.001790,True,,,{}
e1/ba_m8_n500.npz,5,ba_m8_n500_seed104701175,ba,500,3936,greedy_rr,greedy_rr,0,36,36.0,0.001209,True,,,{}
e1/ba_m8_n500.npz,5,ba_m8_n500_seed104701175,ba,500,3936,greedy_rr_ls,greedy_rr_ls,0,36,36.0,1.001658,True,,,{}
e1/ba_m8_n500.npz,5,ba_m8_n500_seed104701175,ba,500,3936,ilp,ilp,0,35,35.0,60.042449,True,False,30.0,"{""gap"": 0.14285714285714285, ""status"": ""FEASIBLE"", ""time_limit"": 60.0}"
e1/ba_m8_n500.npz,6,ba_m8_n500_seed833331533,ba,500,3936,greedy,greedy,0,34,34.0,0.001074,True,,,{}
e1/ba_m8_n500.npz,6,ba_m8_n500_seed833331533,ba,500,3936,greedy_rr,greedy_rr,0,34,34.0,0.001445,True,,,{}
e1/ba_m8_n500.npz,6,ba_m8_n500_seed833331533,ba,500,3936,greedy_rr_ls,greedy_rr_ls,0,32,32.0,0.440459,True,,,{}
e1/ba_m8_n500.npz,6,ba_m8_n500_seed833331533,ba,500,3936,ilp,ilp,0,31,31.0,4.457523,True,True,31.0,"{""gap"": 0.0, ""status"": ""OPTIMAL"", ""time_limit"": 60.0}"
e1/ba_m8_n500.npz,7,ba_m8_n500_seed473906139,ba,500,3936,greedy,greedy,0,36,36.0,0.001095,True,,,{}
e1/ba_m8_n500.npz,7,ba_m8_n500_seed473906139,ba,500,3936,greedy_rr,greedy_rr,0,35,35.0,0.001332,True,,,{}
e1/ba_m8_n500.npz,7,ba_m8_n500_seed473906139,ba,500,3936,greedy_rr_ls,greedy_rr_ls,0,33,33.0,0.986490,True,,,{}
e1/ba_m8_n500.npz,7,ba_m8_n500_seed473906139,ba,500,3936,ilp,ilp,0,32,32.0,21.037232,True,True,32.0,"{""gap"": 0.0, ""status"": ""OPTIMAL"", ""time_limit"": 60.0}"
e1/ba_m8_n500.npz,8,ba_m8_n500_seed65266762,ba,500,3936,greedy,greedy,0,32,32.0,0.001943,True,,,{}
e1/ba_m8_n500.npz,8,ba_m8_n500_seed65266762,ba,500,3936,greedy_rr,greedy_rr,0,32,32.0,0.001239,True,,,{}
e1/ba_m8_n500.npz,8,ba_m8_n500_seed65266762,ba,500,3936,greedy_rr_ls,greedy_rr_ls,0,32,32.0,1.002070,True,,,{}
e1/ba_m8_n500.npz,8,ba_m8_n500_seed65266762,ba,500,3936,ilp,ilp,0,31,31.0,13.321427,True,True,31.0,"{""gap"": 0.0, ""status"": ""OPTIMAL"", ""time_limit"": 60.0}"
e1/ba_m8_n500.npz,9,ba_m8_n500_seed960637660,ba,500,3936,greedy,greedy,0,34,34.0,0.001509,True,,,{}
e1/ba_m8_n500.npz,9,ba_m8_n500_seed960637660,ba,500,3936,greedy_rr,greedy_rr,0,34,34.0,0.001143,True,,,{}
e1/ba_m8_n500.npz,9,ba_m8_n500_seed960637660,ba,500,3936,greedy_rr_ls,greedy_rr_ls,0,32,32.0,1.001508,True,,,{}
e1/ba_m8_n500.npz,9,ba_m8_n500_seed960637660,ba,500,3936,ilp,ilp,0,31,31.0,8.002142,True,True,31.0,"{""gap"": 0.0, ""status"": ""OPTIMAL"", ""time_limit"": 60.0}"
e1/ba_m8_n500.npz,10,ba_m8_n500_seed323684399,ba,500,3936,greedy,greedy,0,38,38.0,0.001593,True,,,{}
e1/ba_m8_n500.npz,10,ba_m8_n500_seed323684399,ba,500,3936,greedy_rr,greedy_rr,0,37,37.0,0.001543,True,,,{}
e1/ba_m8_n500.npz,10,ba_m8_n500_seed323684399,ba,500,3936,greedy_rr_ls,greedy_rr_ls,0,35,35.0,1.001843,True,,,{}
e1/ba_m8_n500.npz,10,ba_m8_n500_seed323684399,ba,500,3936,ilp,ilp,0,34,34.0,51.370439,True,True,34.0,"{""gap"": 0.0, ""status"": ""OPTIMAL"", ""time_limit"": 60.0}"
e1/ba_m8_n500.npz,11,ba_m8_n500_seed1004462521,ba,500,3936,greedy,greedy,0,35,35.0,0.001324,True,,,{}
e1/ba_m8_n500.npz,11,ba_m8_n500_seed1004462521,ba,500,3936,greedy_rr,greedy_rr,0,35,35.0,0.001175,True,,,{}
e1/ba_m8_n500.npz,11,ba_m8_n500_seed1004462521,ba,500,3936,greedy_rr_ls,greedy_rr_ls,0,34,34.0,1.001504,True,,,{}
e1/ba_m8_n500.npz,11,ba_m8_n500_seed1004462521,ba,500,3936,ilp,ilp,0,32,32.0,29.641026,True,True,32.0,"{""gap"": 0.0, ""status"": ""OPTIMAL"", ""time_limit"": 60.0}"
e1/ba_m8_n500.npz,12,ba_m8_n500_seed739100419,ba,500,3936,greedy,greedy,0,38,38.0,0.001240,True,,,{}
e1/ba_m8_n500.npz,12,ba_m8_n500_seed739100419,ba,500,3936,greedy_rr,greedy_rr,0,38,38.0,0.001384,True,,,{}
e1/ba_m8_n500.npz,12,ba_m8_n500_seed739100419,ba,500,3936,greedy_rr_ls,greedy_rr_ls,0,36,36.0,0.943507,True,,,{}
e1/ba_m8_n500.npz,12,ba_m8_n500_seed739100419,ba,500,3936,ilp,ilp,0,33,33.0,34.477314,True,True,33.0,"{""gap"": 0.0, ""status"": ""OPTIMAL"", ""time_limit"": 60.0}"
e1/ba_m8_n500.npz,13,ba_m8_n500_seed561499285,ba,500,3936,greedy,greedy,0,30,30.0,0.001798,True,,,{}
e1/ba_m8_n500.npz,13,ba_m8_n500_seed561499285,ba,500,3936,greedy_rr,greedy_rr,0,30,30.0,0.001109,True,,,{}
e1/ba_m8_n500.npz,13,ba_m8_n500_seed561499285,ba,500,3936,greedy_rr_ls,greedy_rr_ls,0,30,30.0,0.118458,True,,,{}
e1/ba_m8_n500.npz,13,ba_m8_n500_seed561499285,ba,500,3936,ilp,ilp,0,29,29.0,2.714610,True,True,29.0,"{""gap"": 0.0, ""status"": ""OPTIMAL"", ""time_limit"": 60.0}"
e1/ba_m8_n500.npz,14,ba_m8_n500_seed270453814,ba,500,3936,greedy,greedy,0,34,34.0,0.001386,True,,,{}
e1/ba_m8_n500.npz,14,ba_m8_n500_seed270453814,ba,500,3936,greedy_rr,greedy_rr,0,33,33.0,0.001622,True,,,{}
e1/ba_m8_n500.npz,14,ba_m8_n500_seed270453814,ba,500,3936,greedy_rr_ls,greedy_rr_ls,0,31,31.0,0.669710,True,,,{}
e1/ba_m8_n500.npz,14,ba_m8_n500_seed270453814,ba,500,3936,ilp,ilp,0,31,31.0,10.248421,True,True,31.0,"{""gap"": 0.0, ""status"": ""OPTIMAL"", ""time_limit"": 60.0}"
e1/ba_m8_n500.npz,15,ba_m8_n500_seed52550560,ba,500,3936,greedy,greedy,0,36,36.0,0.001107,True,,,{}
e1/ba_m8_n500.npz,15,ba_m8_n500_seed52550560,ba,500,3936,greedy_rr,greedy_rr,0,36,36.0,0.001181,True,,,{}
e1/ba_m8_n500.npz,15,ba_m8_n500_seed52550560,ba,500,3936,greedy_rr_ls,greedy_rr_ls,0,35,35.0,0.637893,True,,,{}
e1/ba_m8_n500.npz,15,ba_m8_n500_seed52550560,ba,500,3936,ilp,ilp,0,34,34.0,60.082758,True,False,29.0,"{""gap"": 0.14705882352941177, ""status"": ""FEASIBLE"", ""time_limit"": 60.0}"
e1/ba_m8_n500.npz,16,ba_m8_n500_seed754518810,ba,500,3936,greedy,greedy,0,33,33.0,0.002263,True,,,{}
e1/ba_m8_n500.npz,16,ba_m8_n500_seed754518810,ba,500,3936,greedy_rr,greedy_rr,0,33,33.0,0.001325,True,,,{}
e1/ba_m8_n500.npz,16,ba_m8_n500_seed754518810,ba,500,3936,greedy_rr_ls,greedy_rr_ls,0,31,31.0,1.001634,True,,,{}
e1/ba_m8_n500.npz,16,ba_m8_n500_seed754518810,ba,500,3936,ilp,ilp,0,30,30.0,13.069093,True,True,30.0,"{""gap"": 0.0, ""status"": ""OPTIMAL"", ""time_limit"": 60.0}"
e1/ba_m8_n500.npz,17,ba_m8_n500_seed542969996,ba,500,3936,greedy,greedy,0,33,33.0,0.001093,True,,,{}
e1/ba_m8_n500.npz,17,ba_m8_n500_seed542969996,ba,500,3936,greedy_rr,greedy_rr,0,33,33.0,0.001206,True,,,{}
e1/ba_m8_n500.npz,17,ba_m8_n500_seed542969996,ba,500,3936,greedy_rr_ls,greedy_rr_ls,0,32,32.0,0.532644,True,,,{}
e1/ba_m8_n500.npz,17,ba_m8_n500_seed542969996,ba,500,3936,ilp,ilp,0,31,31.0,6.518817,True,True,31.0,"{""gap"": 0.0, ""status"": ""OPTIMAL"", ""time_limit"": 60.0}"
e1/ba_m8_n500.npz,18,ba_m8_n500_seed412123165,ba,500,3936,greedy,greedy,0,34,34.0,0.001276,True,,,{}
e1/ba_m8_n500.npz,18,ba_m8_n500_seed412123165,ba,500,3936,greedy_rr,greedy_rr,0,34,34.0,0.001367,True,,,{}
e1/ba_m8_n500.npz,18,ba_m8_n500_seed412123165,ba,500,3936,greedy_rr_ls,greedy_rr_ls,0,34,34.0,1.001878,True,,,{}
e1/ba_m8_n500.npz,18,ba_m8_n500_seed412123165,ba,500,3936,ilp,ilp,0,32,32.0,15.634820,True,True,32.0,"{""gap"": 0.0, ""status"": ""OPTIMAL"", ""time_limit"": 60.0}"
e1/ba_m8_n500.npz,19,ba_m8_n500_seed160403339,ba,500,3936,greedy,greedy,0,33,33.0,0.001107,True,,,{}
e1/ba_m8_n500.npz,19,ba_m8_n500_seed160403339,ba,500,3936,greedy_rr,greedy_rr,0,32,32.0,0.001192,True,,,{}
e1/ba_m8_n500.npz,19,ba_m8_n500_seed160403339,ba,500,3936,greedy_rr_ls,greedy_rr_ls,0,31,31.0,0.115024,True,,,{}
e1/ba_m8_n500.npz,19,ba_m8_n500_seed160403339,ba,500,3936,ilp,ilp,0,31,31.0,8.448650,True,True,31.0,"{""gap"": 0.0, ""status"": ""OPTIMAL"", ""time_limit"": 60.0}"
e1/er_d16_n100.npz,0,er_avg_deg16_n100_seed244712533,er,100,794,greedy,greedy,0,10,10.0,0.000420,True,,,{}
e1/er_d16_n100.npz,0,er_avg_deg16_n100_seed244712533,er,100,794,greedy_rr,greedy_rr,0,10,10.0,0.000357,True,,,{}
e1/er_d16_n100.npz,0,er_avg_deg16_n100_seed244712533,er,100,794,greedy_rr_ls,greedy_rr_ls,0,10,10.0,0.008978,True,,,{}
e1/er_d16_n100.npz,0,er_avg_deg16_n100_seed244712533,er,100,794,ilp,ilp,0,9,9.0,0.758315,True,True,9.0,"{""gap"": 0.0, ""status"": ""OPTIMAL"", ""time_limit"": 60.0}"
e1/er_d16_n100.npz,1,er_avg_deg16_n100_seed348817603,er,100,792,greedy,greedy,0,10,10.0,0.000374,True,,,{}
e1/er_d16_n100.npz,1,er_avg_deg16_n100_seed348817603,er,100,792,greedy_rr,greedy_rr,0,10,10.0,0.000370,True,,,{}
e1/er_d16_n100.npz,1,er_avg_deg16_n100_seed348817603,er,100,792,greedy_rr_ls,greedy_rr_ls,0,10,10.0,0.003971,True,,,{}
e1/er_d16_n100.npz,1,er_avg_deg16_n100_seed348817603,er,100,792,ilp,ilp,0,9,9.0,0.881040,True,True,9.0,"{""gap"": 0.0, ""status"": ""OPTIMAL"", ""time_limit"": 60.0}"
e1/er_d16_n100.npz,2,er_avg_deg16_n100_seed319212409,er,100,831,greedy,greedy,0,10,10.0,0.000378,True,,,{}
e1/er_d16_n100.npz,2,er_avg_deg16_n100_seed319212409,er,100,831,greedy_rr,greedy_rr,0,10,10.0,0.000348,True,,,{}
e1/er_d16_n100.npz,2,er_avg_deg16_n100_seed319212409,er,100,831,greedy_rr_ls,greedy_rr_ls,0,9,9.0,0.027253,True,,,{}
e1/er_d16_n100.npz,2,er_avg_deg16_n100_seed319212409,er,100,831,ilp,ilp,0,9,9.0,1.370750,True,True,9.0,"{""gap"": 0.0, ""status"": ""OPTIMAL"", ""time_limit"": 60.0}"
e1/er_d16_n100.npz,3,er_avg_deg16_n100_seed711930351,er,100,849,greedy,greedy,0,10,10.0,0.000292,True,,,{}
e1/er_d16_n100.npz,3,er_avg_deg16_n100_seed711930351,er,100,849,greedy_rr,greedy_rr,0,10,10.0,0.000367,True,,,{}
e1/er_d16_n100.npz,3,er_avg_deg16_n100_seed711930351,er,100,849,greedy_rr_ls,greedy_rr_ls,0,9,9.0,0.004402,True,,,{}
e1/er_d16_n100.npz,3,er_avg_deg16_n100_seed711930351,er,100,849,ilp,ilp,0,9,9.0,2.066618,True,True,9.0,"{""gap"": 0.0, ""status"": ""OPTIMAL"", ""time_limit"": 60.0}"
e1/er_d16_n100.npz,4,er_avg_deg16_n100_seed230312012,er,100,773,greedy,greedy,0,11,11.0,0.000314,True,,,{}
e1/er_d16_n100.npz,4,er_avg_deg16_n100_seed230312012,er,100,773,greedy_rr,greedy_rr,0,11,11.0,0.000393,True,,,{}
e1/er_d16_n100.npz,4,er_avg_deg16_n100_seed230312012,er,100,773,greedy_rr_ls,greedy_rr_ls,0,10,10.0,0.003772,True,,,{}
e1/er_d16_n100.npz,4,er_avg_deg16_n100_seed230312012,er,100,773,ilp,ilp,0,9,9.0,0.168362,True,True,9.0,"{""gap"": 0.0, ""status"": ""OPTIMAL"", ""time_limit"": 60.0}"
e1/er_d16_n100.npz,5,er_avg_deg16_n100_seed368364762,er,100,811,greedy,greedy,0,10,10.0,0.000324,True,,,{}
e1/er_d16_n100.npz,5,er_avg_deg16_n100_seed368364762,er,100,811,greedy_rr,greedy_rr,0,10,10.0,0.000313,True,,,{}
e1/er_d16_n100.npz,5,er_avg_deg16_n100_seed368364762,er,100,811,greedy_rr_ls,greedy_rr_ls,0,10,10.0,0.029923,True,,,{}
e1/er_d16_n100.npz,5,er_avg_deg16_n100_seed368364762,er,100,811,ilp,ilp,0,9,9.0,1.191317,True,True,9.0,"{""gap"": 0.0, ""status"": ""OPTIMAL"", ""time_limit"": 60.0}"
e1/er_d16_n100.npz,6,er_avg_deg16_n100_seed371429216,er,100,775,greedy,greedy,0,10,10.0,0.000356,True,,,{}
e1/er_d16_n100.npz,6,er_avg_deg16_n100_seed371429216,er,100,775,greedy_rr,greedy_rr,0,10,10.0,0.000329,True,,,{}
e1/er_d16_n100.npz,6,er_avg_deg16_n100_seed371429216,er,100,775,greedy_rr_ls,greedy_rr_ls,0,9,9.0,0.014662,True,,,{}
e1/er_d16_n100.npz,6,er_avg_deg16_n100_seed371429216,er,100,775,ilp,ilp,0,9,9.0,0.389020,True,True,9.0,"{""gap"": 0.0, ""status"": ""OPTIMAL"", ""time_limit"": 60.0}"
e1/er_d16_n100.npz,7,er_avg_deg16_n100_seed662828534,er,100,836,greedy,greedy,0,10,10.0,0.000302,True,,,{}
e1/er_d16_n100.npz,7,er_avg_deg16_n100_seed662828534,er,100,836,greedy_rr,greedy_rr,0,10,10.0,0.000361,True,,,{}
e1/er_d16_n100.npz,7,er_avg_deg16_n100_seed662828534,er,100,836,greedy_rr_ls,greedy_rr_ls,0,10,10.0,0.014292,True,,,{}
e1/er_d16_n100.npz,7,er_avg_deg16_n100_seed662828534,er,100,836,ilp,ilp,0,9,9.0,0.968513,True,True,9.0,"{""gap"": 0.0, ""status"": ""OPTIMAL"", ""time_limit"": 60.0}"
e1/er_d16_n100.npz,8,er_avg_deg16_n100_seed72387687,er,100,756,greedy,greedy,0,10,10.0,0.000398,True,,,{}
e1/er_d16_n100.npz,8,er_avg_deg16_n100_seed72387687,er,100,756,greedy_rr,greedy_rr,0,10,10.0,0.000336,True,,,{}
e1/er_d16_n100.npz,8,er_avg_deg16_n100_seed72387687,er,100,756,greedy_rr_ls,greedy_rr_ls,0,10,10.0,0.002551,True,,,{}
e1/er_d16_n100.npz,8,er_avg_deg16_n100_seed72387687,er,100,756,ilp,ilp,0,10,10.0,1.223633,True,True,10.0,"{""gap"": 0.0, ""status"": ""OPTIMAL"", ""time_limit"": 60.0}"
e1/er_d16_n100.npz,9,er_avg_deg16_n100_seed243208433,er,100,816,greedy,greedy,0,10,10.0,0.000300,True,,,{}
e1/er_d16_n100.npz,9,er_avg_deg16_n100_seed243208433,er,100,816,greedy_rr,greedy_rr,0,10,10.0,0.000317,True,,,{}
e1/er_d16_n100.npz,9,er_avg_deg16_n100_seed243208433,er,100,816,greedy_rr_ls,greedy_rr_ls,0,9,9.0,0.003748,True,,,{}
e1/er_d16_n100.npz,9,er_avg_deg16_n100_seed243208433,er,100,816,ilp,ilp,0,9,9.0,0.506669,True,True,9.0,"{""gap"": 0.0, ""status"": ""OPTIMAL"", ""time_limit"": 60.0}"
e1/er_d16_n100.npz,10,er_avg_deg16_n100_seed167277994,er,100,771,greedy,greedy,0,11,11.0,0.000283,True,,,{}
e1/er_d16_n100.npz,10,er_avg_deg16_n100_seed167277994,er,100,771,greedy_rr,greedy_rr,0,11,11.0,0.000332,True,,,{}
e1/er_d16_n100.npz,10,er_avg_deg16_n100_seed167277994,er,100,771,greedy_rr_ls,greedy_rr_ls,0,9,9.0,0.002741,True,,,{}
e1/er_d16_n100.npz,10,er_avg_deg16_n100_seed167277994,er,100,771,ilp,ilp,0,9,9.0,0.374808,True,True,9.0,"{""gap"": 0.0, ""status"": ""OPTIMAL"", ""time_limit"": 60.0}"
e1/er_d16_n100.npz,11,er_avg_deg16_n100_seed164082236,er,100,825,greedy,greedy,0,10,10.0,0.000425,True,,,{}
e1/er_d16_n100.npz,11,er_avg_deg16_n100_seed164082236,er,100,825,greedy_rr,greedy_rr,0,10,10.0,0.000533,True,,,{}
e1/er_d16_n100.npz,11,er_avg_deg16_n100_seed164082236,er,100,825,greedy_rr_ls,greedy_rr_ls,0,9,9.0,0.002980,True,,,{}
e1/er_d16_n100.npz,11,er_avg_deg16_n100_seed164082236,er,100,825,ilp,ilp,0,9,9.0,0.834709,True,True,9.0,"{""gap"": 0.0, ""status"": ""OPTIMAL"", ""time_limit"": 60.0}"
e1/er_d16_n100.npz,12,er_avg_deg16_n100_seed866214022,er,100,793,greedy,greedy,0,11,11.0,0.000326,True,,,{}
e1/er_d16_n100.npz,12,er_avg_deg16_n100_seed866214022,er,100,793,greedy_rr,greedy_rr,0,11,11.0,0.000372,True,,,{}
e1/er_d16_n100.npz,12,er_avg_deg16_n100_seed866214022,er,100,793,greedy_rr_ls,greedy_rr_ls,0,10,10.0,0.005580,True,,,{}
e1/er_d16_n100.npz,12,er_avg_deg16_n100_seed866214022,er,100,793,ilp,ilp,0,9,9.0,0.496434,True,True,9.0,"{""gap"": 0.0, ""status"": ""OPTIMAL"", ""time_limit"": 60.0}"
e1/er_d16_n100.npz,13,er_avg_deg16_n100_seed439696144,er,100,770,greedy,greedy,0,11,11.0,0.000343,True,,,{}
e1/er_d16_n100.npz,13,er_avg_deg16_n100_seed439696144,er,100,770,greedy_rr,greedy_rr,0,11,11.0,0.000339,True,,,{}
e1/er_d16_n100.npz,13,er_avg_deg16_n100_seed439696144,er,100,770,greedy_rr_ls,greedy_rr_ls,0,10,10.0,0.007501,True,,,{}
e1/er_d16_n100.npz,13,er_avg_deg16_n100_seed439696144,er,100,770,ilp,ilp,0,9,9.0,0.783823,True,True,9.0,"{""gap"": 0.0, ""status"": ""OPTIMAL"", ""time_limit"": 60.0}"
e1/er_d16_n100.npz,14,er_avg_deg16_n100_seed279130547,er,100,807,greedy,greedy,0,10,10.0,0.000293,True,,,{}
e1/er_d16_n100.npz,14,er_avg_deg16_n100_seed279130547,er,100,807,greedy_rr,greedy_rr,0,10,10.0,0.000333,True,,,{}
e1/er_d16_n100.npz,14,er_avg_deg16_n100_seed279130547,er,100,807,greedy_rr_ls,greedy_rr_ls,0,9,9.0,0.017629,True,,,{}
e1/er_d16_n100.npz,14,er_avg_deg16_n100_seed279130547,er,100,807,ilp,ilp,0,9,9.0,0.648632,True,True,9.0,"{""gap"": 0.0, ""status"": ""OPTIMAL"", ""time_limit"": 60.0}"
e1/er_d16_n100.npz,15,er_avg_deg16_n100_seed40660517,er,100,808,greedy,greedy,0,10,10.0,0.000326,True,,,{}
e1/er_d16_n100.npz,15,er_avg_deg16_n100_seed40660517,er,100,808,greedy_rr,greedy_rr,0,10,10.0,0.000393,True,,,{}
e1/er_d16_n100.npz,15,er_avg_deg16_n100_seed40660517,er,100,808,greedy_rr_ls,greedy_rr_ls,0,10,10.0,0.001686,True,,,{}
e1/er_d16_n100.npz,15,er_avg_deg16_n100_seed40660517,er,100,808,ilp,ilp,0,9,9.0,0.996284,True,True,9.0,"{""gap"": 0.0, ""status"": ""OPTIMAL"", ""time_limit"": 60.0}"
e1/er_d16_n100.npz,16,er_avg_deg16_n100_seed775134367,er,100,828,greedy,greedy,0,10,10.0,0.000376,True,,,{}
e1/er_d16_n100.npz,16,er_avg_deg16_n100_seed775134367,er,100,828,greedy_rr,greedy_rr,0,10,10.0,0.000335,True,,,{}
e1/er_d16_n100.npz,16,er_avg_deg16_n100_seed775134367,er,100,828,greedy_rr_ls,greedy_rr_ls,0,9,9.0,0.022775,True,,,{}
e1/er_d16_n100.npz,16,er_avg_deg16_n100_seed775134367,er,100,828,ilp,ilp,0,9,9.0,2.431213,True,True,9.0,"{""gap"": 0.0, ""status"": ""OPTIMAL"", ""time_limit"": 60.0}"
e1/er_d16_n100.npz,17,er_avg_deg16_n100_seed517043977,er,100,804,greedy,greedy,0,9,9.0,0.000277,True,,,{}
e1/er_d16_n100.npz,17,er_avg_deg16_n100_seed517043977,er,100,804,greedy_rr,greedy_rr,0,8,8.0,0.000334,True,,,{}
e1/er_d16_n100.npz,17,er_avg_deg16_n100_seed517043977,er,100,804,greedy_rr_ls,greedy_rr_ls,0,8,8.0,0.002129,True,,,{}
e1/er_d16_n100.npz,17,er_avg_deg16_n100_seed517043977,er,100,804,ilp,ilp,0,8,8.0,0.151119,True,True,8.0,"{""gap"": 0.0, ""status"": ""OPTIMAL"", ""time_limit"": 60.0}"
e1/er_d16_n100.npz,18,er_avg_deg16_n100_seed391179672,er,100,776,greedy,greedy,0,10,10.0,0.000293,True,,,{}
e1/er_d16_n100.npz,18,er_avg_deg16_n100_seed391179672,er,100,776,greedy_rr,greedy_rr,0,10,10.0,0.000335,True,,,{}
e1/er_d16_n100.npz,18,er_avg_deg16_n100_seed391179672,er,100,776,greedy_rr_ls,greedy_rr_ls,0,10,10.0,0.017518,True,,,{}
e1/er_d16_n100.npz,18,er_avg_deg16_n100_seed391179672,er,100,776,ilp,ilp,0,9,9.0,0.915949,True,True,9.0,"{""gap"": 0.0, ""status"": ""OPTIMAL"", ""time_limit"": 60.0}"
e1/er_d16_n100.npz,19,er_avg_deg16_n100_seed186526222,er,100,746,greedy,greedy,0,11,11.0,0.000316,True,,,{}
e1/er_d16_n100.npz,19,er_avg_deg16_n100_seed186526222,er,100,746,greedy_rr,greedy_rr,0,11,11.0,0.000355,True,,,{}
e1/er_d16_n100.npz,19,er_avg_deg16_n100_seed186526222,er,100,746,greedy_rr_ls,greedy_rr_ls,0,10,10.0,0.007834,True,,,{}
e1/er_d16_n100.npz,19,er_avg_deg16_n100_seed186526222,er,100,746,ilp,ilp,0,10,10.0,3.407491,True,True,10.0,"{""gap"": 0.0, ""status"": ""OPTIMAL"", ""time_limit"": 60.0}"
e1/er_d16_n100.npz,20,er_avg_deg16_n100_seed887334121,er,100,847,greedy,greedy,0,9,9.0,0.000304,True,,,{}
e1/er_d16_n100.npz,20,er_avg_deg16_n100_seed887334121,er,100,847,greedy_rr,greedy_rr,0,9,9.0,0.000357,True,,,{}
e1/er_d16_n100.npz,20,er_avg_deg16_n100_seed887334121,er,100,847,greedy_rr_ls,greedy_rr_ls,0,9,9.0,0.089118,True,,,{}
e1/er_d16_n100.npz,20,er_avg_deg16_n100_seed887334121,er,100,847,ilp,ilp,0,9,9.0,0.983489,True,True,9.0,"{""gap"": 0.0, ""status"": ""OPTIMAL"", ""time_limit"": 60.0}"
e1/er_d16_n100.npz,21,er_avg_deg16_n100_seed709347967,er,100,819,greedy,greedy,0,9,9.0,0.000275,True,,,{}
e1/er_d16_n100.npz,21,er_avg_deg16_n100_seed709347967,er,100,819,greedy_rr,greedy_rr,0,9,9.0,0.000332,True,,,{}
e1/er_d16_n100.npz,21,er_avg_deg16_n100_seed709347967,er,100,819,greedy_rr_ls,greedy_rr_ls,0,9,9.0,0.001769,True,,,{}
e1/er_d16_n100.npz,21,er_avg_deg16_n100_seed709347967,er,100,819,ilp,ilp,0,9,9.0,0.527989,True,True,9.0,"{""gap"": 0.0, ""status"": ""OPTIMAL"", ""time_limit"": 60.0}"
e1/er_d16_n100.npz,22,er_avg_deg16_n100_seed175377861,er,100,798,greedy,greedy,0,10,10.0,0.000332,True,,,{}
e1/er_d16_n100.npz,22,er_avg_deg16_n100_seed175377861,er,100,798,greedy_rr,greedy_rr,0,10,10.0,0.000493,True,,,{}
e1/er_d16_n100.npz,22,er_avg_deg16_n100_seed175377861,er,100,798,greedy_rr_ls,greedy_rr_ls,0,9,9.0,0.002234,True,,,{}
e1/er_d16_n100.npz,22,er_avg_deg16_n100_seed175377861,er,100,798,ilp,ilp,0,9,9.0,0.603805,True,True,9.0,"{""gap"": 0.0, ""status"": ""OPTIMAL"", ""time_limit"": 60.0}"
e1/er_d16_n100.npz,23,er_avg_deg16_n100_seed856819539,er,100,779,greedy,greedy,0,10,10.0,0.000278,True,,,{}
e1/er_d16_n100.npz,23,er_avg_deg16_n100_seed856819539,er,100,779,greedy_rr,greedy_rr,0,10,10.0,0.000341,True,,,{}
e1/er_d16_n100.npz,23,er_avg_deg16_n100_seed856819539,er,100,779,greedy_rr_ls,greedy_rr_ls,0,9,9.0,0.002889,True,,,{}
e1/er_d16_n100.npz,23,er_avg_deg16_n100_seed856819539,er,100,779,ilp,ilp,0,9,9.0,0.694858,True,True,9.0,"{""gap"": 0.0, ""status"": ""OPTIMAL"", ""time_limit"": 60.0}"
e1/er_d16_n100.npz,24,er_avg_deg16_n100_seed901243120,er,100,818,greedy,greedy,0,10,10.0,0.000273,True,,,{}
e1/er_d16_n100.npz,24,er_avg_deg16_n100_seed901243120,er,100,818,greedy_rr,greedy_rr,0,10,10.0,0.000316,True,,,{}
e1/er_d16_n100.npz,24,er_avg_deg16_n100_seed901243120,er,100,818,greedy_rr_ls,greedy_rr_ls,0,10,10.0,0.012776,True,,,{}
e1/er_d16_n100.npz,24,er_avg_deg16_n100_seed901243120,er,100,818,ilp,ilp,0,9,9.0,0.579156,True,True,9.0,"{""gap"": 0.0, ""status"": ""OPTIMAL"", ""time_limit"": 60.0}"
e1/er_d16_n100.npz,25,er_avg_deg16_n100_seed690095718,er,100,824,greedy,greedy,0,10,10.0,0.000326,True,,,{}
e1/er_d16_n100.npz,25,er_avg_deg16_n100_seed690095718,er,100,824,greedy_rr,greedy_rr,0,10,10.0,0.000348,True,,,{}
e1/er_d16_n100.npz,25,er_avg_deg16_n100_seed690095718,er,100,824,greedy_rr_ls,greedy_rr_ls,0,10,10.0,0.056105,True,,,{}
e1/er_d16_n100.npz,25,er_avg_deg16_n100_seed690095718,er,100,824,ilp,ilp,0,9,9.0,0.983237,True,True,9.0,"{""gap"": 0.0, ""status"": ""OPTIMAL"", ""time_limit"": 60.0}"
e1/er_d16_n100.npz,26,er_avg_deg16_n100_seed123783644,er,100,781,greedy,greedy,0,10,10.0,0.000282,True,,,{}
e1/er_d16_n100.npz,26,er_avg_deg16_n100_seed123783644,er,100,781,greedy_rr,greedy_rr,0,10,10.0,0.000340,True,,,{}
e1/er_d16_n100.npz,26,er_avg_deg16_n100_seed123783644,er,100,781,greedy_rr_ls,greedy_rr_ls,0,9,9.0,0.011694,True,,,{}
e1/er_d16_n100.npz,26,er_avg_deg16_n100_seed123783644,er,100,781,ilp,ilp,0,9,9.0,0.437714,True,True,9.0,"{""gap"": 0.0, ""status"": ""OPTIMAL"", ""time_limit"": 60.0}"
e1/er_d16_n100.npz,27,er_avg_deg16_n100_seed905233226,er,100,793,greedy,greedy,0,10,10.0,0.000322,True,,,{}
e1/er_d16_n100.npz,27,er_avg_deg16_n100_seed905233226,er,100,793,greedy_rr,greedy_rr,0,10,10.0,0.000375,True,,,{}
e1/er_d16_n100.npz,27,er_avg_deg16_n100_seed905233226,er,100,793,greedy_rr_ls,greedy_rr_ls,0,10,10.0,0.013557,True,,,{}
e1/er_d16_n100.npz,27,er_avg_deg16_n100_seed905233226,er,100,793,ilp,ilp,0,9,9.0,1.140289,True,True,9.0,"{""gap"": 0.0, ""status"": ""OPTIMAL"", ""time_limit"": 60.0}"
e1/er_d16_n100.npz,28,er_avg_deg16_n100_seed774773979,er,100,788,greedy,greedy,0,10,10.0,0.000292,True,,,{}
e1/er_d16_n100.npz,28,er_avg_deg16_n100_seed774773979,er,100,788,greedy_rr,greedy_rr,0,10,10.0,0.000352,True,,,{}
e1/er_d16_n100.npz,28,er_avg_deg16_n100_seed774773979,er,100,788,greedy_rr_ls,greedy_rr_ls,0,10,10.0,0.004944,True,,,{}
e1/er_d16_n100.npz,28,er_avg_deg16_n100_seed774773979,er,100,788,ilp,ilp,0,9,9.0,0.742403,True,True,9.0,"{""gap"": 0.0, ""status"": ""OPTIMAL"", ""time_limit"": 60.0}"
e1/er_d16_n100.npz,29,er_avg_deg16_n100_seed529285709,er,100,806,greedy,greedy,0,10,10.0,0.000331,True,,,{}
e1/er_d16_n100.npz,29,er_avg_deg16_n100_seed529285709,er,100,806,greedy_rr,greedy_rr,0,10,10.0,0.000362,True,,,{}
e1/er_d16_n100.npz,29,er_avg_deg16_n100_seed529285709,er,100,806,greedy_rr_ls,greedy_rr_ls,0,9,9.0,0.001817,True,,,{}
e1/er_d16_n100.npz,29,er_avg_deg16_n100_seed529285709,er,100,806,ilp,ilp,0,9,9.0,0.617783,True,True,9.0,"{""gap"": 0.0, ""status"": ""OPTIMAL"", ""time_limit"": 60.0}"
e1/er_d16_n100.npz,30,er_avg_deg16_n100_seed5491240,er,100,808,greedy,greedy,0,10,10.0,0.000328,True,,,{}
e1/er_d16_n100.npz,30,er_avg_deg16_n100_seed5491240,er,100,808,greedy_rr,greedy_rr,0,10,10.0,0.000375,True,,,{}
e1/er_d16_n100.npz,30,er_avg_deg16_n100_seed5491240,er,100,808,greedy_rr_ls,greedy_rr_ls,0,9,9.0,0.018167,True,,,{}
e1/er_d16_n100.npz,30,er_avg_deg16_n100_seed5491240,er,100,808,ilp,ilp,0,9,9.0,1.174963,True,True,9.0,"{""gap"": 0.0, ""status"": ""OPTIMAL"", ""time_limit"": 60.0}"
e1/er_d16_n100.npz,31,er_avg_deg16_n100_seed323803582,er,100,766,greedy,greedy,0,11,11.0,0.000370,True,,,{}
e1/er_d16_n100.npz,31,er_avg_deg16_n100_seed323803582,er,100,766,greedy_rr,greedy_rr,0,11,11.0,0.000373,True,,,{}
e1/er_d16_n100.npz,31,er_avg_deg16_n100_seed323803582,er,100,766,greedy_rr_ls,greedy_rr_ls,0,10,10.0,0.010071,True,,,{}
e1/er_d16_n100.npz,31,er_avg_deg16_n100_seed323803582,er,100,766,ilp,ilp,0,10,10.0,5.002508,True,True,10.0,"{""gap"": 0.0, ""status"": ""OPTIMAL"", ""time_limit"": 60.0}"
e1/er_d16_n100.npz,32,er_avg_deg16_n100_seed562773764,er,100,799,greedy,greedy,0,10,10.0,0.000283,True,,,{}
e1/er_d16_n100.npz,32,er_avg_deg16_n100_seed562773764,er,100,799,greedy_rr,greedy_rr,0,10,10.0,0.000333,True,,,{}
e1/er_d16_n100.npz,32,er_avg_deg16_n100_seed562773764,er,100,799,greedy_rr_ls,greedy_rr_ls,0,9,9.0,0.010546,True,,,{}
e1/er_d16_n100.npz,32,er_avg_deg16_n100_seed562773764,er,100,799,ilp,ilp,0,9,9.0,0.657450,True,True,9.0,"{""gap"": 0.0, ""status"": ""OPTIMAL"", ""time_limit"": 60.0}"
e1/er_d16_n100.npz,33,er_avg_deg16_n100_seed741005458,er,100,775,greedy,greedy,0,10,10.0,0.000378,True,,,{}
e1/er_d16_n100.npz,33,er_avg_deg16_n100_seed741005458,er,100,775,greedy_rr,greedy_rr,0,10,10.0,0.000370,True,,,{}
e1/er_d16_n100.npz,33,er_avg_deg16_n100_seed741005458,er,100,775,greedy_rr_ls,greedy_rr_ls,0,10,10.0,0.016809,True,,,{}
e1/er_d16_n100.npz,33,er_avg_deg16_n100_seed741005458,er,100,775,ilp,ilp,0,9,9.0,0.450881,True,True,9.0,"{""gap"": 0.0, ""status"": ""OPTIMAL"", ""time_limit"": 60.0}"
e1/er_d16_n100.npz,34,er_avg_deg16_n100_seed53872177,er,100,811,greedy,greedy,0,10,10.0,0.000329,True,,,{}
e1/er_d16_n100.npz,34,er_avg_deg16_n100_seed53872177,er,100,811,greedy_rr,greedy_rr,0,10,10.0,0.000345,True,,,{}
e1/er_d16_n100.npz,34,er_avg_deg16_n100_seed53872177,er,100,811,greedy_rr_ls,greedy_rr_ls,0,9,9.0,0.011097,True,,,{}
e1/er_d16_n100.npz,34,er_avg_deg16_n100_seed53872177,er,100,811,ilp,ilp,0,9,9.0,0.548357,True,True,9.0,"{""gap"": 0.0, ""status"": ""OPTIMAL"", ""time_limit"": 60.0}"
e1/er_d16_n100.npz,35,er_avg_deg16_n100_seed272176551,er,100,792,greedy,greedy,0,10,10.0,0.000321,True,,,{}
e1/er_d16_n100.npz,35,er_avg_deg16_n100_seed272176551,er,100,792,greedy_rr,greedy_rr,0,10,10.0,0.000382,True,,,{}
e1/er_d16_n100.npz,35,er_avg_deg16_n100_seed272176551,er,100,792,greedy_rr_ls,greedy_rr_ls,0,9,9.0,0.005033,True,,,{}
e1/er_d16_n100.npz,35,er_avg_deg16_n100_seed272176551,er,100,792,ilp,ilp,0,9,9.0,0.381242,True,True,9.0,"{""gap"": 0.0, ""status"": ""OPTIMAL"", ""time_limit"": 60.0}"
e1/er_d16_n100.npz,36,er_avg_deg16_n100_seed543554333,er,100,789,greedy,greedy,0,10,10.0,0.000271,True,,,{}
e1/er_d16_n100.npz,36,er_avg_deg16_n100_seed543554333,er,100,789,greedy_rr,greedy_rr,0,10,10.0,0.000345,True,,,{}
e1/er_d16_n100.npz,36,er_avg_deg16_n100_seed543554333,er,100,789,greedy_rr_ls,greedy_rr_ls,0,9,9.0,0.009458,True,,,{}
e1/er_d16_n100.npz,36,er_avg_deg16_n100_seed543554333,er,100,789,ilp,ilp,0,9,9.0,0.691889,True,True,9.0,"{""gap"": 0.0, ""status"": ""OPTIMAL"", ""time_limit"": 60.0}"
e1/er_d16_n100.npz,37,er_avg_deg16_n100_seed754947211,er,100,808,greedy,greedy,0,10,10.0,0.000309,True,,,{}
e1/er_d16_n100.npz,37,er_avg_deg16_n100_seed754947211,er,100,808,greedy_rr,greedy_rr,0,10,10.0,0.000373,True,,,{}
e1/er_d16_n100.npz,37,er_avg_deg16_n100_seed754947211,er,100,808,greedy_rr_ls,greedy_rr_ls,0,9,9.0,0.003648,True,,,{}
e1/er_d16_n100.npz,37,er_avg_deg16_n100_seed754947211,er,100,808,ilp,ilp,0,9,9.0,0.823158,True,True,9.0,"{""gap"": 0.0, ""status"": ""OPTIMAL"", ""time_limit"": 60.0}"
e1/er_d16_n100.npz,38,er_avg_deg16_n100_seed159924762,er,100,774,greedy,greedy,0,9,9.0,0.000275,True,,,{}
e1/er_d16_n100.npz,38,er_avg_deg16_n100_seed159924762,er,100,774,greedy_rr,greedy_rr,0,9,9.0,0.000321,True,,,{}
e1/er_d16_n100.npz,38,er_avg_deg16_n100_seed159924762,er,100,774,greedy_rr_ls,greedy_rr_ls,0,9,9.0,0.003606,True,,,{}
e1/er_d16_n100.npz,38,er_avg_deg16_n100_seed159924762,er,100,774,ilp,ilp,0,9,9.0,0.495162,True,True,9.0,"{""gap"": 0.0, ""status"": ""OPTIMAL"", ""time_limit"": 60.0}"
e1/er_d16_n100.npz,39,er_avg_deg16_n100_seed411521420,er,100,817,greedy,greedy,0,10,10.0,0.000306,True,,,{}
e1/er_d16_n100.npz,39,er_avg_deg16_n100_seed411521420,er,100,817,greedy_rr,greedy_rr,0,10,10.0,0.000353,True,,,{}
e1/er_d16_n100.npz,39,er_avg_deg16_n100_seed411521420,er,100,817,greedy_rr_ls,greedy_rr_ls,0,9,9.0,0.002934,True,,,{}
e1/er_d16_n100.npz,39,er_avg_deg16_n100_seed411521420,er,100,817,ilp,ilp,0,9,9.0,0.713546,True,True,9.0,"{""gap"": 0.0, ""status"": ""OPTIMAL"", ""time_limit"": 60.0}"
e1/er_d16_n100.npz,40,er_avg_deg16_n100_seed259485039,er,100,788,greedy,greedy,0,10,10.0,0.000279,True,,,{}
e1/er_d16_n100.npz,40,er_avg_deg16_n100_seed259485039,er,100,788,greedy_rr,greedy_rr,0,10,10.0,0.000842,True,,,{}
e1/er_d16_n100.npz,40,er_avg_deg16_n100_seed259485039,er,100,788,greedy_rr_ls,greedy_rr_ls,0,10,10.0,0.007023,True,,,{}
e1/er_d16_n100.npz,40,er_avg_deg16_n100_seed259485039,er,100,788,ilp,ilp,0,10,10.0,6.665010,True,True,10.0,"{""gap"": 0.0, ""status"": ""OPTIMAL"", ""time_limit"": 60.0}"
e1/er_d16_n100.npz,41,er_avg_deg16_n100_seed329789945,er,100,797,greedy,greedy,0,9,9.0,0.000303,True,,,{}
e1/er_d16_n100.npz,41,er_avg_deg16_n100_seed329789945,er,100,797,greedy_rr,greedy_rr,0,9,9.0,0.000349,True,,,{}
e1/er_d16_n100.npz,41,er_avg_deg16_n100_seed329789945,er,100,797,greedy_rr_ls,greedy_rr_ls,0,9,9.0,0.005871,True,,,{}
e1/er_d16_n100.npz,41,er_avg_deg16_n100_seed329789945,er,100,797,ilp,ilp,0,9,9.0,1.051199,True,True,9.0,"{""gap"": 0.0, ""status"": ""OPTIMAL"", ""time_limit"": 60.0}"
e1/er_d16_n100.npz,42,er_avg_deg16_n100_seed333739587,er,100,817,greedy,greedy,0,9,9.0,0.000315,True,,,{}
e1/er_d16_n100.npz,42,er_avg_deg16_n100_seed333739587,er,100,817,greedy_rr,greedy_rr,0,9,9.0,0.000333,True,,,{}
e1/er_d16_n100.npz,42,er_avg_deg16_n100_seed333739587,er,100,817,greedy_rr_ls,greedy_rr_ls,0,9,9.0,0.011642,True,,,{}
e1/er_d16_n100.npz,42,er_avg_deg16_n100_seed333739587,er,100,817,ilp,ilp,0,9,9.0,0.620927,True,True,9.0,"{""gap"": 0.0, ""status"": ""OPTIMAL"", ""time_limit"": 60.0}"
e1/er_d16_n100.npz,43,er_avg_deg16_n100_seed693148885,er,100,804,greedy,greedy,0,10,10.0,0.000280,True,,,{}
e1/er_d16_n100.npz,43,er_avg_deg16_n100_seed693148885,er,100,804,greedy_rr,greedy_rr,0,10,10.0,0.000343,True,,,{}
e1/er_d16_n100.npz,43,er_avg_deg16_n100_seed693148885,er,100,804,greedy_rr_ls,greedy_rr_ls,0,9,9.0,0.006513,True,,,{}
e1/er_d16_n100.npz,43,er_avg_deg16_n100_seed693148885,er,100,804,ilp,ilp,0,9,9.0,0.552037,True,True,9.0,"{""gap"": 0.0, ""status"": ""OPTIMAL"", ""time_limit"": 60.0}"
e1/er_d16_n100.npz,44,er_avg_deg16_n100_seed215789942,er,100,764,greedy,greedy,0,11,11.0,0.000295,True,,,{}
e1/er_d16_n100.npz,44,er_avg_deg16_n100_seed215789942,er,100,764,greedy_rr,greedy_rr,0,10,10.0,0.000350,True,,,{}
e1/er_d16_n100.npz,44,er_avg_deg16_n100_seed215789942,er,100,764,greedy_rr_ls,greedy_rr_ls,0,10,10.0,0.003704,True,,,{}
e1/er_d16_n100.npz,44,er_avg_deg16_n100_seed215789942,er,100,764,ilp,ilp,0,10,10.0,3.410913,True,True,10.0,"{""gap"": 0.0, ""status"": ""OPTIMAL"", ""time_limit"": 60.0}"
e1/er_d16_n100.npz,45,er_avg_deg16_n100_seed387151328,er,100,788,greedy,greedy,0,10,10.0,0.000291,True,,,{}
e1/er_d16_n100.npz,45,er_avg_deg16_n100_seed387151328,er,100,788,greedy_rr,greedy_rr,0,10,10.0,0.000341,True,,,{}
e1/er_d16_n100.npz,45,er_avg_deg16_n100_seed387151328,er,100,788,greedy_rr_ls,greedy_rr_ls,0,10,10.0,0.006372,True,,,{}
e1/er_d16_n100.npz,45,er_avg_deg16_n100_seed387151328,er,100,788,ilp,ilp,0,9,9.0,0.914203,True,True,9.0,"{""gap"": 0.0, ""status"": ""OPTIMAL"", ""time_limit"": 60.0}"
e1/er_d16_n100.npz,46,er_avg_deg16_n100_seed356661850,er,100,797,greedy,greedy,0,11,11.0,0.000322,True,,,{}
e1/er_d16_n100.npz,46,er_avg_deg16_n100_seed356661850,er,100,797,greedy_rr,greedy_rr,0,11,11.0,0.000402,True,,,{}
e1/er_d16_n100.npz,46,er_avg_deg16_n100_seed356661850,er,100,797,greedy_rr_ls,greedy_rr_ls,0,10,10.0,0.010844,True,,,{}
e1/er_d16_n100.npz,46,er_avg_deg16_n100_seed356661850,er,100,797,ilp,ilp,0,10,10.0,7.688509,True,True,10.0,"{""gap"": 0.0, ""status"": ""OPTIMAL"", ""time_limit"": 60.0}"
e1/er_d16_n100.npz,47,er_avg_deg16_n100_seed681861324,er,100,804,greedy,greedy,0,10,10.0,0.000294,True,,,{}
e1/er_d16_n100.npz,47,er_avg_deg16_n100_seed681861324,er,100,804,greedy_rr,greedy_rr,0,10,10.0,0.000344,True,,,{}
e1/er_d16_n100.npz,47,er_avg_deg16_n100_seed681861324,er,100,804,greedy_rr_ls,greedy_rr_ls,0,10,10.0,0.006256,True,,,{}
e1/er_d16_n100.npz,47,er_avg_deg16_n100_seed681861324,er,100,804,ilp,ilp,0,9,9.0,1.294788,True,True,9.0,"{""gap"": 0.0, ""status"": ""OPTIMAL"", ""time_limit"": 60.0}"
e1/er_d16_n100.npz,48,er_avg_deg16_n100_seed86959453,er,100,842,greedy,greedy,0,9,9.0,0.000285,True,,,{}
e1/er_d16_n100.npz,48,er_avg_deg16_n100_seed86959453,er,100,842,greedy_rr,greedy_rr,0,9,9.0,0.000320,True,,,{}
e1/er_d16_n100.npz,48,er_avg_deg16_n100_seed86959453,er,100,842,greedy_rr_ls,greedy_rr_ls,0,9,9.0,0.006125,True,,,{}
e1/er_d16_n100.npz,48,er_avg_deg16_n100_seed86959453,er,100,842,ilp,ilp,0,9,9.0,1.556842,True,True,9.0,"{""gap"": 0.0, ""status"": ""OPTIMAL"", ""time_limit"": 60.0}"
e1/er_d16_n100.npz,49,er_avg_deg16_n100_seed224504267,er,100,809,greedy,greedy,0,9,9.0,0.000288,True,,,{}
e1/er_d16_n100.npz,49,er_avg_deg16_n100_seed224504267,er,100,809,greedy_rr,greedy_rr,0,9,9.0,0.000333,True,,,{}
e1/er_d16_n100.npz,49,er_avg_deg16_n100_seed224504267,er,100,809,greedy_rr_ls,greedy_rr_ls,0,9,9.0,0.002585,True,,,{}
e1/er_d16_n100.npz,49,er_avg_deg16_n100_seed224504267,er,100,809,ilp,ilp,0,9,9.0,0.822983,True,True,9.0,"{""gap"": 0.0, ""status"": ""OPTIMAL"", ""time_limit"": 60.0}"
e1/er_d16_n1000.npz,0,er_avg_deg16_n1000_seed171108550,er,1000,8078,greedy,greedy,0,98,98.0,0.003317,True,,,{}
e1/er_d16_n1000.npz,0,er_avg_deg16_n1000_seed171108550,er,1000,8078,greedy_rr,greedy_rr,0,98,98.0,0.004768,True,,,{}
e1/er_d16_n1000.npz,0,er_avg_deg16_n1000_seed171108550,er,1000,8078,greedy_rr_ls,greedy_rr_ls,0,96,96.0,0.198971,True,,,{}
e1/er_d16_n1000.npz,0,er_avg_deg16_n1000_seed171108550,er,1000,8078,ilp,ilp,0,94,94.0,60.057237,True,False,65.0,"{""gap"": 0.30851063829787234, ""status"": ""FEASIBLE"", ""time_limit"": 60.0}"
e1/er_d16_n1000.npz,1,er_avg_deg16_n1000_seed422426704,er,1000,8006,greedy,greedy,0,103,103.0,0.005513,True,,,{}
e1/er_d16_n1000.npz,1,er_avg_deg16_n1000_seed422426704,er,1000,8006,greedy_rr,greedy_rr,0,102,102.0,0.003421,True,,,{}
e1/er_d16_n1000.npz,1,er_avg_deg16_n1000_seed422426704,er,1000,8006,greedy_rr_ls,greedy_rr_ls,0,99,99.0,0.175810,True,,,{}
e1/er_d16_n1000.npz,1,er_avg_deg16_n1000_seed422426704,er,1000,8006,ilp,ilp,0,95,95.0,60.072581,True,False,65.0,"{""gap"": 0.3157894736842105, ""status"": ""FEASIBLE"", ""time_limit"": 60.0}"
e1/er_d16_n1000.npz,2,er_avg_deg16_n1000_seed392829930,er,1000,7854,greedy,greedy,0,108,108.0,0.003142,True,,,{}
e1/er_d16_n1000.npz,2,er_avg_deg16_n1000_seed392829930,er,1000,7854,greedy_rr,greedy_rr,0,108,108.0,0.003675,True,,,{}
e1/er_d16_n1000.npz,2,er_avg_deg16_n1000_seed392829930,er,1000,7854,greedy_rr_ls,greedy_rr_ls,0,101,101.0,0.142920,True,,,{}
e1/er_d16_n1000.npz,2,er_avg_deg16_n1000_seed392829930,er,1000,7854,ilp,ilp,0,97,97.0,60.066823,True,False,68.0,"{""gap"": 0.29896907216494845, ""status"": ""FEASIBLE"", ""time_limit"": 60.0}"
e1/er_d16_n1000.npz,3,er_avg_deg16_n1000_seed638317948,er,1000,8117,greedy,greedy,0,103,103.0,0.004518,True,,,{}
e1/er_d16_n1000.npz,3,er_avg_deg16_n1000_seed638317948,er,1000,8117,greedy_rr,greedy_rr,0,103,103.0,0.003607,True,,,{}
e1/er_d16_n1000.npz,3,er_avg_deg16_n1000_seed638317948,er,1000,8117,greedy_rr_ls,greedy_rr_ls,0,101,101.0,0.476010,True,,,{}
e1/er_d16_n1000.npz,3,er_avg_deg16_n1000_seed638317948,er,1000,8117,ilp,ilp,0,95,95.0,60.088343,True,False,65.0,"{""gap"": 0.3157894736842105, ""status"": ""FEASIBLE"", ""time_limit"": 60.0}"
e1/er_d16_n1000.npz,4,er_avg_deg16_n1000_seed156708063,er,1000,7886,greedy,greedy,0,104,104.0,0.003044,True,,,{}
e1/er_d16_n1000.npz,4,er_avg_deg16_n1000_seed156708063,er,1000,7886,greedy_rr,greedy_rr,0,104,104.0,0.003922,True,,,{}
e1/er_d16_n1000.npz,4,er_avg_deg16_n1000_seed156708063,er,1000,7886,greedy_rr_ls,greedy_rr_ls,0,100,100.0,0.210843,True,,,{}
e1/er_d16_n1000.npz,4,er_avg_deg16_n1000_seed156708063,er,1000,7886,ilp,ilp,0,95,95.0,60.081564,True,False,67.0,"{""gap"": 0.29473684210526313, ""status"": ""FEASIBLE"", ""time_limit"": 60.0}"
e1/er_d16_n1000.npz,5,er_avg_deg16_n1000_seed441973833,er,1000,8027,greedy,greedy,0,103,103.0,0.003151,True,,,{}
e1/er_d16_n1000.npz,5,er_avg_deg16_n1000_seed441973833,er,1000,8027,greedy_rr,greedy_rr,0,103,103.0,0.003758,True,,,{}
e1/er_d16_n1000.npz,5,er_avg_deg16_n1000_seed441973833,er,1000,8027,greedy_rr_ls,greedy_rr_ls,0,100,100.0,0.119989,True,,,{}
e1/er_d16_n1000.npz,5,er_avg_deg16_n1000_seed441973833,er,1000,8027,ilp,ilp,0,95,95.0,60.113782,True,False,65.0,"{""gap"": 0.3157894736842105, ""status"": ""FEASIBLE"", ""time_limit"": 60.0}"
e1/er_d16_n1000.npz,6,er_avg_deg16_n1000_seed445046771,er,1000,7971,greedy,greedy,0,106,106.0,0.004242,True,,,{}
e1/er_d16_n1000.npz,6,er_avg_deg16_n1000_seed445046771,er,1000,7971,greedy_rr,greedy_rr,0,105,105.0,0.003669,True,,,{}
e1/er_d16_n1000.npz,6,er_avg_deg16_n1000_seed445046771,er,1000,7971,greedy_rr_ls,greedy_rr_ls,0,102,102.0,0.634938,True,,,{}
e1/er_d16_n1000.npz,6,er_avg_deg16_n1000_seed445046771,er,1000,7971,ilp,ilp,0,96,96.0,60.066105,True,False,66.0,"{""gap"": 0.3125, ""status"": ""FEASIBLE"", ""time_limit"": 60.0}"
e1/er_d16_n1000.npz,7,er_avg_deg16_n1000_seed589216101,er,1000,7918,greedy,greedy,0,105,105.0,0.002932,True,,,{}
e1/er_d16_n1000.npz,7,er_avg_deg16_n1000_seed589216101,er,1000,7918,greedy_rr,greedy_rr,0,103,103.0,0.003403,True,,,{}
e1/er_d16_n1000.npz,7,er_avg_deg16_n1000_seed589216101,er,1000,7918,greedy_rr_ls,greedy_rr_ls,0,100,100.0,0.404572,True,,,{}
e1/er_d16_n1000.npz,7,er_avg_deg16_n1000_seed589216101,er,1000,7918,ilp,ilp,0,97,97.0,60.052821,True,False,66.0,"{""gap"": 0.31958762886597936, ""status"": ""FEASIBLE"", ""time_limit"": 60.0}"
e1/er_d16_n1000.npz,8,er_avg_deg16_n1000_seed998517492,er,1000,8163,greedy,greedy,0,101,101.0,0.004589,True,,,{}
e1/er_d16_n1000.npz,8,er_avg_deg16_n1000_seed998517492,er,1000,8163,greedy_rr,greedy_rr,0,99,99.0,0.003981,True,,,{}
e1/er_d16_n1000.npz,8,er_avg_deg16_n1000_seed998517492,er,1000,8163,greedy_rr_ls,greedy_rr_ls,0,98,98.0,0.082941,True,,,{}
e1/er_d16_n1000.npz,8,er_avg_deg16_n1000_seed998517492,er,1000,8163,ilp,ilp,0,94,94.0,60.067990,True,False,65.0,"{""gap"": 0.30851063829787234, ""status"": ""FEASIBLE"", ""time_limit"": 60.0}"
e1/er_d16_n1000.npz,9,er_avg_deg16_n1000_seed317075554,er,1000,8141,greedy,greedy,0,103,103.0,0.003787,True,,,{}
e1/er_d16_n1000.npz,9,er_avg_deg16_n1000_seed317075554,er,1000,8141,greedy_rr,greedy_rr,0,102,102.0,0.004333,True,,,{}
e1/er_d16_n1000.npz,9,er_avg_deg16_n1000_seed317075554,er,1000,8141,greedy_rr_ls,greedy_rr_ls,0,100,100.0,0.403473,True,,,{}
e1/er_d16_n1000.npz,9,er_avg_deg16_n1000_seed317075554,er,1000,8141,ilp,ilp,0,95,95.0,60.062366,True,False,65.0,"{""gap"": 0.3157894736842105, ""status"": ""FEASIBLE"", ""time_limit"": 60.0}"
e1/er_d16_n1000.npz,10,er_avg_deg16_n1000_seed925068238,er,1000,8072,greedy,greedy,0,101,101.0,0.003141,True,,,{}
e1/er_d16_n1000.npz,10,er_avg_deg16_n1000_seed925068238,er,1000,8072,greedy_rr,greedy_rr,0,101,101.0,0.003924,True,,,{}
e1/er_d16_n1000.npz,10,er_avg_deg16_n1000_seed925068238,er,1000,8072,greedy_rr_ls,greedy_rr_ls,0,98,98.0,0.482374,True,,,{}
e1/er_d16_n1000.npz,10,er_avg_deg16_n1000_seed925068238,er,1000,8072,ilp,ilp,0,94,94.0,60.064521,True,False,65.0,"{""gap"": 0.30851063829787234, ""status"": ""FEASIBLE"", ""time_limit"": 60.0}"
e1/er_d16_n1000.npz,11,er_avg_deg16_n1000_seed666305880,er,1000,8067,greedy,greedy,0,101,101.0,0.004389,True,,,{}
e1/er_d16_n1000.npz,11,er_avg_deg16_n1000_seed666305880,er,1000,8067,greedy_rr,greedy_rr,0,101,101.0,0.003703,True,,,{}
e1/er_d16_n1000.npz,11,er_avg_deg16_n1000_seed666305880,er,1000,8067,greedy_rr_ls,greedy_rr_ls,0,98,98.0,0.138642,True,,,{}
e1/er_d16_n1000.npz,11,er_avg_deg16_n1000_seed666305880,er,1000,8067,ilp,ilp,0,95,95.0,60.076527,True,False,65.0,"{""gap"": 0.3157894736842105, ""status"": ""FEASIBLE"", ""time_limit"": 60.0}"
e1/er_d16_n1000.npz,12,er_avg_deg16_n1000_seed133524194,er,1000,8120,greedy,greedy,0,100,100.0,0.003660,True,,,{}
e1/er_d16_n1000.npz,12,er_avg_deg16_n1000_seed133524194,er,1000,8120,greedy_rr,greedy_rr,0,99,99.0,0.004120,True,,,{}
e1/er_d16_n1000.npz,12,er_avg_deg16_n1000_seed133524194,er,1000,8120,greedy_rr_ls,greedy_rr_ls,0,97,97.0,0.475956,True,,,{}
e1/er_d16_n1000.npz,12,er_avg_deg16_n1000_seed133524194,er,1000,8120,ilp,ilp,0,94,94.0,60.063244,True,False,65.0,"{""gap"": 0.30851063829787234, ""status"": ""FEASIBLE"", ""time_limit"": 60.0}"
e1/er_d16_n1000.npz,13,er_avg_deg16_n1000_seed895463540,er,1000,7895,greedy,greedy,0,101,101.0,0.003008,True,,,{}
e1/er_d16_n1000.npz,13,er_avg_deg16_n1000_seed895463540,er,1000,7895,greedy_rr,greedy_rr,0,101,101.0,0.003485,True,,,{}
e1/er_d16_n1000.npz,13,er_avg_deg16_n1000_seed895463540,er,1000,7895,greedy_rr_ls,greedy_rr_ls,0,100,100.0,0.141997,True,,,{}
e1/er_d16_n1000.npz,13,er_avg_deg16_n1000_seed895463540,er,1000,7895,ilp,ilp,0,97,97.0,60.060762,True,False,67.0,"{""gap"": 0.30927835051546393, ""status"": ""FEASIBLE"", ""time_limit"": 60.0}"
e1/er_d16_n1000.npz,14,er_avg_deg16_n1000_seed11263447,er,1000,8106,greedy,greedy,0,102,102.0,0.003908,True,,,{}
e1/er_d16_n1000.npz,14,er_avg_deg16_n1000_seed11263447,er,1000,8106,greedy_rr,greedy_rr,0,102,102.0,0.003795,True,,,{}
e1/er_d16_n1000.npz,14,er_avg_deg16_n1000_seed11263447,er,1000,8106,greedy_rr_ls,greedy_rr_ls,0,98,98.0,0.757017,True,,,{}
e1/er_d16_n1000.npz,14,er_avg_deg16_n1000_seed11263447,er,1000,8106,ilp,ilp,0,92,92.0,60.070582,True,False,66.0,"{""gap"": 0.2826086956521739, ""status"": ""FEASIBLE"", ""time_limit"": 60.0}"
e1/er_d16_n1000.npz,15,er_avg_deg16_n1000_seed585384257,er,1000,8132,greedy,greedy,0,101,101.0,0.003655,True,,,{}
e1/er_d16_n1000.npz,15,er_avg_deg16_n1000_seed585384257,er,1000,8132,greedy_rr,greedy_rr,0,101,101.0,0.003407,True,,,{}
e1/er_d16_n1000.npz,15,er_avg_deg16_n1000_seed585384257,er,1000,8132,greedy_rr_ls,greedy_rr_ls,0,99,99.0,0.545874,True,,,{}
e1/er_d16_n1000.npz,15,er_avg_deg16_n1000_seed585384257,er,1000,8132,ilp,ilp,0,95,95.0,60.066670,True,False,65.0,"{""gap"": 0.3157894736842105, ""status"": ""FEASIBLE"", ""time_limit"": 60.0}"
e1/er_d16_n1000.npz,16,er_avg_deg16_n1000_seed17901307,er,1000,8131,greedy,greedy,0,102,102.0,0.005368,True,,,{}
e1/er_d16_n1000.npz,16,er_avg_deg16_n1000_seed17901307,er,1000,8131,greedy_rr,greedy_rr,0,102,102.0,0.003592,True,,,{}
e1/er_d16_n1000.npz,16,er_avg_deg16_n1000_seed17901307,er,1000,8131,greedy_rr_ls,greedy_rr_ls,0,98,98.0,1.004860,True,,,{}
e1/er_d16_n1000.npz,16,er_avg_deg16_n1000_seed17901307,er,1000,8131,ilp,ilp,0,93,93.0,60.057836,True,False,64.0,"{""gap"": 0.3118279569892473, ""status"": ""FEASIBLE"", ""time_limit"": 60.0}"
e1/er_d16_n1000.npz,17,er_avg_deg16_n1000_seed14328429,er,1000,8045,greedy,greedy,0,103,103.0,0.003672,True,,,{}
e1/er_d16_n1000.npz,17,er_avg_deg16_n1000_seed14328429,er,1000,8045,greedy_rr,greedy_rr,0,102,102.0,0.003801,True,,,{}
e1/er_d16_n1000.npz,17,er_avg_deg16_n1000_seed14328429,er,1000,8045,greedy_rr_ls,greedy_rr_ls,0,101,101.0,0.566321,True,,,{}
e1/er_d16_n1000.npz,17,er_avg_deg16_n1000_seed14328429,er,1000,8045,ilp,ilp,0,96,96.0,60.075328,True,False,65.0,"{""gap"": 0.3229166666666667, ""status"": ""FEASIBLE"", ""time_limit"": 60.0}"
e1/er_d16_n1000.npz,18,er_avg_deg16_n1000_seed888726524,er,1000,8148,greedy,greedy,0,100,100.0,0.003425,True,,,{}
e1/er_d16_n1000.npz,18,er_avg_deg16_n1000_seed888726524,er,1000,8148,greedy_rr,greedy_rr,0,100,100.0,0.003640,True,,,{}
e1/er_d16_n1000.npz,18,er_avg_deg16_n1000_seed888726524,er,1000,8148,greedy_rr_ls,greedy_rr_ls,0,98,98.0,0.133580,True,,,{}
e1/er_d16_n1000.npz,18,er_avg_deg16_n1000_seed888726524,er,1000,8148,ilp,ilp,0,96,96.0,60.065302,True,False,64.0,"{""gap"": 0.3333333333333333, ""status"": ""FEASIBLE"", ""time_limit"": 60.0}"
e1/er_d16_n1000.npz,19,er_avg_deg16_n1000_seed429030762,er,1000,7893,greedy,greedy,0,101,101.0,0.009120,True,,,{}
e1/er_d16_n1000.npz,19,er_avg_deg16_n1000_seed429030762,er,1000,7893,greedy_rr,greedy_rr,0,101,101.0,0.003668,True,,,{}
e1/er_d16_n1000.npz,19,er_avg_deg16_n1000_seed429030762,er,1000,7893,greedy_rr_ls,greedy_rr_ls,0,98,98.0,0.340717,True,,,{}
e1/er_d16_n1000.npz,19,er_avg_deg16_n1000_seed429030762,er,1000,7893,ilp,ilp,0,96,96.0,60.131966,True,False,66.0,"{""gap"": 0.3125, ""status"": ""FEASIBLE"", ""time_limit"": 60.0}"
e1/er_d16_n20.npz,0,er_avg_deg16_n20_seed861734481,er,20,165,greedy,greedy,0,2,2.0,0.000122,True,,,{}
e1/er_d16_n20.npz,0,er_avg_deg16_n20_seed861734481,er,20,165,greedy_rr,greedy_rr,0,2,2.0,0.000102,True,,,{}
e1/er_d16_n20.npz,0,er_avg_deg16_n20_seed861734481,er,20,165,greedy_rr_ls,greedy_rr_ls,0,2,2.0,1.000215,True,,,{}
e1/er_d16_n20.npz,0,er_avg_deg16_n20_seed861734481,er,20,165,ilp,ilp,0,2,2.0,0.016389,True,True,2.0,"{""gap"": 0.0, ""status"": ""OPTIMAL"", ""time_limit"": 60.0}"
e1/er_d16_n20.npz,1,er_avg_deg16_n20_seed147393735,er,20,154,greedy,greedy,0,2,2.0,0.000115,True,,,{}
e1/er_d16_n20.npz,1,er_avg_deg16_n20_seed147393735,er,20,154,greedy_rr,greedy_rr,0,2,2.0,0.000098,True,,,{}
e1/er_d16_n20.npz,1,er_avg_deg16_n20_seed147393735,er,20,154,greedy_rr_ls,greedy_rr_ls,0,2,2.0,1.000190,True,,,{}
e1/er_d16_n20.npz,1,er_avg_deg16_n20_seed147393735,er,20,154,ilp,ilp,0,2,2.0,0.012744,True,True,2.0,"{""gap"": 0.0, ""status"": ""OPTIMAL"", ""time_limit"": 60.0}"
e1/er_d16_n20.npz,2,er_avg_deg16_n20_seed714786685,er,20,157,greedy,greedy,0,2,2.0,0.000084,True,,,{}
e1/er_d16_n20.npz,2,er_avg_deg16_n20_seed714786685,er,20,157,greedy_rr,greedy_rr,0,2,2.0,0.000089,True,,,{}
e1/er_d16_n20.npz,2,er_avg_deg16_n20_seed714786685,er,20,157,greedy_rr_ls,greedy_rr_ls,0,2,2.0,1.000202,True,,,{}
e1/er_d16_n20.npz,2,er_avg_deg16_n20_seed714786685,er,20,157,ilp,ilp,0,2,2.0,0.013376,True,True,2.0,"{""gap"": 0.0, ""status"": ""OPTIMAL"", ""time_limit"": 60.0}"
e1/er_d16_n20.npz,3,er_avg_deg16_n20_seed858825195,er,20,155,greedy,greedy,0,2,2.0,0.000090,True,,,{}
e1/er_d16_n20.npz,3,er_avg_deg16_n20_seed858825195,er,20,155,greedy_rr,greedy_rr,0,2,2.0,0.000090,True,,,{}
e1/er_d16_n20.npz,3,er_avg_deg16_n20_seed858825195,er,20,155,greedy_rr_ls,greedy_rr_ls,0,2,2.0,0.180930,True,,,{}
e1/er_d16_n20.npz,3,er_avg_deg16_n20_seed858825195,er,20,155,ilp,ilp,0,2,2.0,0.023033,True,True,2.0,"{""gap"": 0.0, ""status"": ""OPTIMAL"", ""time_limit"": 60.0}"
e1/er_d16_n20.npz,4,er_avg_deg16_n20_seed885639752,er,20,162,greedy,greedy,0,2,2.0,0.000112,True,,,{}
e1/er_d16_n20.npz,4,er_avg_deg16_n20_seed885639752,er,20,162,greedy_rr,greedy_rr,0,2,2.0,0.000139,True,,,{}
e1/er_d16_n20.npz,4,er_avg_deg16_n20_seed885639752,er,20,162,greedy_rr_ls,greedy_rr_ls,0,2,2.0,1.000293,True,,,{}
e1/er_d16_n20.npz,4,er_avg_deg16_n20_seed885639752,er,20,162,ilp,ilp,0,2,2.0,0.007336,True,True,2.0,"{""gap"": 0.0, ""status"": ""OPTIMAL"", ""time_limit"": 60.0}"
e1/er_d16_n20.npz,5,er_avg_deg16_n20_seed137089246,er,20,156,greedy,greedy,0,2,2.0,0.000102,True,,,{}
e1/er_d16_n20.npz,5,er_avg_deg16_n20_seed137089246,er,20,156,greedy_rr,greedy_rr,0,2,2.0,0.000094,True,,,{}
e1/er_d16_n20.npz,5,er_avg_deg16_n20_seed137089246,er,20,156,greedy_rr_ls,greedy_rr_ls,0,2,2.0,1.000185,True,,,{}
e1/er_d16_n20.npz,5,er_avg_deg16_n20_seed137089246,er,20,156,ilp,ilp,0,2,2.0,0.013461,True,True,2.0,"{""gap"": 0.0, ""status"": ""OPTIMAL"", ""time_limit"": 60.0}"
e1/er_d16_n20.npz,6,er_avg_deg16_n20_seed669977444,er,20,166,greedy,greedy,0,2,2.0,0.000092,True,,,{}
e1/er_d16_n20.npz,6,er_avg_deg16_n20_seed669977444,er,20,166,greedy_rr,greedy_rr,0,2,2.0,0.000090,True,,,{}
e1/er_d16_n20.npz,6,er_avg_deg16_n20_seed669977444,er,20,166,greedy_rr_ls,greedy_rr_ls,0,2,2.0,1.000186,True,,,{}
e1/er_d16_n20.npz,6,er_avg_deg16_n20_seed669977444,er,20,166,ilp,ilp,0,2,2.0,0.011161,True,True,2.0,"{""gap"": 0.0, ""status"": ""OPTIMAL"", ""time_limit"": 60.0}"
e1/er_d16_n20.npz,7,er_avg_deg16_n20_seed915072498,er,20,156,greedy,greedy,0,2,2.0,0.000094,True,,,{}
e1/er_d16_n20.npz,7,er_avg_deg16_n20_seed915072498,er,20,156,greedy_rr,greedy_rr,0,2,2.0,0.000095,True,,,{}
e1/er_d16_n20.npz,7,er_avg_deg16_n20_seed915072498,er,20,156,greedy_rr_ls,greedy_rr_ls,0,2,2.0,1.000194,True,,,{}
e1/er_d16_n20.npz,7,er_avg_deg16_n20_seed915072498,er,20,156,ilp,ilp,0,2,2.0,0.140193,True,True,2.0,"{""gap"": 0.0, ""status"": ""OPTIMAL"", ""time_limit"": 60.0}"
e1/er_d16_n20.npz,8,er_avg_deg16_n20_seed41727075,er,20,158,greedy,greedy,0,2,2.0,0.000106,True,,,{}
e1/er_d16_n20.npz,8,er_avg_deg16_n20_seed41727075,er,20,158,greedy_rr,greedy_rr,0,2,2.0,0.000099,True,,,{}
e1/er_d16_n20.npz,8,er_avg_deg16_n20_seed41727075,er,20,158,greedy_rr_ls,greedy_rr_ls,0,2,2.0,1.000191,True,,,{}
e1/er_d16_n20.npz,8,er_avg_deg16_n20_seed41727075,er,20,158,ilp,ilp,0,2,2.0,0.015238,True,True,2.0,"{""gap"": 0.0, ""status"": ""OPTIMAL"", ""time_limit"": 60.0}"
e1/er_d16_n20.npz,9,er_avg_deg16_n20_seed259884277,er,20,168,greedy,greedy,0,2,2.0,0.000094,True,,,{}
e1/er_d16_n20.npz,9,er_avg_deg16_n20_seed259884277,er,20,168,greedy_rr,greedy_rr,0,2,2.0,0.000097,True,,,{}
e1/er_d16_n20.npz,9,er_avg_deg16_n20_seed259884277,er,20,168,greedy_rr_ls,greedy_rr_ls,0,2,2.0,1.000240,True,,,{}
e1/er_d16_n20.npz,9,er_avg_deg16_n20_seed259884277,er,20,168,ilp,ilp,0,2,2.0,0.012463,True,True,2.0,"{""gap"": 0.0, ""status"": ""OPTIMAL"", ""time_limit"": 60.0}"
e1/er_d16_n20.npz,10,er_avg_deg16_n20_seed274371945,er,20,157,greedy,greedy,0,2,2.0,0.000103,True,,,{}
e1/er_d16_n20.npz,10,er_avg_deg16_n20_seed274371945,er,20,157,greedy_rr,greedy_rr,0,2,2.0,0.000087,True,,,{}
e1/er_d16_n20.npz,10,er_avg_deg16_n20_seed274371945,er,20,157,greedy_rr_ls,greedy_rr_ls,0,2,2.0,1.000191,True,,,{}
e1/er_d16_n20.npz,10,er_avg_deg16_n20_seed274371945,er,20,157,ilp,ilp,0,2,2.0,0.013088,True,True,2.0,"{""gap"": 0.0, ""status"": ""OPTIMAL"", ""time_limit"": 60.0}"
e1/er_d16_n20.npz,11,er_avg_deg16_n20_seed36049407,er,20,159,greedy,greedy,0,2,2.0,0.000090,True,,,{}
e1/er_d16_n20.npz,11,er_avg_deg16_n20_seed36049407,er,20,159,greedy_rr,greedy_rr,0,2,2.0,0.000093,True,,,{}
e1/er_d16_n20.npz,11,er_avg_deg16_n20_seed36049407,er,20,159,greedy_rr_ls,greedy_rr_ls,0,2,2.0,1.000229,True,,,{}
e1/er_d16_n20.npz,11,er_avg_deg16_n20_seed36049407,er,20,159,ilp,ilp,0,2,2.0,0.009957,True,True,2.0,"{""gap"": 0.0, ""status"": ""OPTIMAL"", ""time_limit"": 60.0}"
e1/er_d16_n20.npz,12,er_avg_deg16_n20_seed771702853,er,20,165,greedy,greedy,0,2,2.0,0.000088,True,,,{}
e1/er_d16_n20.npz,12,er_avg_deg16_n20_seed771702853,er,20,165,greedy_rr,greedy_rr,0,2,2.0,0.000104,True,,,{}
e1/er_d16_n20.npz,12,er_avg_deg16_n20_seed771702853,er,20,165,greedy_rr_ls,greedy_rr_ls,0,2,2.0,1.000267,True,,,{}
e1/er_d16_n20.npz,12,er_avg_deg16_n20_seed771702853,er,20,165,ilp,ilp,0,2,2.0,0.014655,True,True,2.0,"{""gap"": 0.0, ""status"": ""OPTIMAL"", ""time_limit"": 60.0}"
e1/er_d16_n20.npz,13,er_avg_deg16_n20_seed513202899,er,20,155,greedy,greedy,0,2,2.0,0.000103,True,,,{}
e1/er_d16_n20.npz,13,er_avg_deg16_n20_seed513202899,er,20,155,greedy_rr,greedy_rr,0,2,2.0,0.000095,True,,,{}
e1/er_d16_n20.npz,13,er_avg_deg16_n20_seed513202899,er,20,155,greedy_rr_ls,greedy_rr_ls,0,2,2.0,1.000175,True,,,{}
e1/er_d16_n20.npz,13,er_avg_deg16_n20_seed513202899,er,20,155,ilp,ilp,0,2,2.0,0.014074,True,True,2.0,"{""gap"": 0.0, ""status"": ""OPTIMAL"", ""time_limit"": 60.0}"
e1/er_d16_n20.npz,14,er_avg_deg16_n20_seed155505008,er,20,161,greedy,greedy,0,2,2.0,0.000094,True,,,{}
e1/er_d16_n20.npz,14,er_avg_deg16_n20_seed155505008,er,20,161,greedy_rr,greedy_rr,0,2,2.0,0.000104,True,,,{}
e1/er_d16_n20.npz,14,er_avg_deg16_n20_seed155505008,er,20,161,greedy_rr_ls,greedy_rr_ls,0,2,2.0,1.000176,True,,,{}
e1/er_d16_n20.npz,14,er_avg_deg16_n20_seed155505008,er,20,161,ilp,ilp,0,2,2.0,0.012835,True,True,2.0,"{""gap"": 0.0, ""status"": ""OPTIMAL"", ""time_limit"": 60.0}"
e1/er_d16_n20.npz,15,er_avg_deg16_n20_seed151670246,er,20,167,greedy,greedy,0,2,2.0,0.000104,True,,,{}
e1/er_d16_n20.npz,15,er_avg_deg16_n20_seed151670246,er,20,167,greedy_rr,greedy_rr,0,2,2.0,0.000105,True,,,{}
e1/er_d16_n20.npz,15,er_avg_deg16_n20_seed151670246,er,20,167,greedy_rr_ls,greedy_rr_ls,0,2,2.0,1.000178,True,,,{}
e1/er_d16_n20.npz,15,er_avg_deg16_n20_seed151670246,er,20,167,ilp,ilp,0,2,2.0,0.010047,True,True,2.0,"{""gap"": 0.0, ""status"": ""OPTIMAL"", ""time_limit"": 60.0}"
e1/er_d16_n20.npz,16,er_avg_deg16_n20_seed852622428,er,20,156,greedy,greedy,0,2,2.0,0.000094,True,,,{}
e1/er_d16_n20.npz,16,er_avg_deg16_n20_seed852622428,er,20,156,greedy_rr,greedy_rr,0,2,2.0,0.000092,True,,,{}
e1/er_d16_n20.npz,16,er_avg_deg16_n20_seed852622428,er,20,156,greedy_rr_ls,greedy_rr_ls,0,2,2.0,1.000195,True,,,{}
e1/er_d16_n20.npz,16,er_avg_deg16_n20_seed852622428,er,20,156,ilp,ilp,0,2,2.0,0.010301,True,True,2.0,"{""gap"": 0.0, ""status"": ""OPTIMAL"", ""time_limit"": 60.0}"
e1/er_d16_n20.npz,17,er_avg_deg16_n20_seed427005642,er,20,147,greedy,greedy,0,2,2.0,0.000094,True,,,{}
e1/er_d16_n20.npz,17,er_avg_deg16_n20_seed427005642,er,20,147,greedy_rr,greedy_rr,0,2,2.0,0.000106,True,,,{}
e1/er_d16_n20.npz,17,er_avg_deg16_n20_seed427005642,er,20,147,greedy_rr_ls,greedy_rr_ls,0,2,2.0,0.021981,True,,,{}
e1/er_d16_n20.npz,17,er_avg_deg16_n20_seed427005642,er,20,147,ilp,ilp,0,2,2.0,0.008060,True,True,2.0,"{""gap"": 0.0, ""status"": ""OPTIMAL"", ""time_limit"": 60.0}"
e1/er_d16_n20.npz,18,er_avg_deg16_n20_seed313462107,er,20,149,greedy,greedy,0,2,2.0,0.000086,True,,,{}
e1/er_d16_n20.npz,18,er_avg_deg16_n20_seed313462107,er,20,149,greedy_rr,greedy_rr,0,2,2.0,0.000093,True,,,{}
e1/er_d16_n20.npz,18,er_avg_deg16_n20_seed313462107,er,20,149,greedy_rr_ls,greedy_rr_ls,0,2,2.0,1.000187,True,,,{}
e1/er_d16_n20.npz,18,er_avg_deg16_n20_seed313462107,er,20,149,ilp,ilp,0,2,2.0,0.014312,True,True,2.0,"{""gap"": 0.0, ""status"": ""OPTIMAL"", ""time_limit"": 60.0}"
e1/er_d16_n20.npz,19,er_avg_deg16_n20_seed276859341,er,20,158,greedy,greedy,0,2,2.0,0.000112,True,,,{}
e1/er_d16_n20.npz,19,er_avg_deg16_n20_seed276859341,er,20,158,greedy_rr,greedy_rr,0,2,2.0,0.000140,True,,,{}
e1/er_d16_n20.npz,19,er_avg_deg16_n20_seed276859341,er,20,158,greedy_rr_ls,greedy_rr_ls,0,2,2.0,1.000231,True,,,{}
e1/er_d16_n20.npz,19,er_avg_deg16_n20_seed276859341,er,20,158,ilp,ilp,0,2,2.0,0.011390,True,True,2.0,"{""gap"": 0.0, ""status"": ""OPTIMAL"", ""time_limit"": 60.0}"
e1/er_d16_n20.npz,20,er_avg_deg16_n20_seed897926442,er,20,164,greedy,greedy,0,2,2.0,0.000102,True,,,{}
e1/er_d16_n20.npz,20,er_avg_deg16_n20_seed897926442,er,20,164,greedy_rr,greedy_rr,0,2,2.0,0.000134,True,,,{}
e1/er_d16_n20.npz,20,er_avg_deg16_n20_seed897926442,er,20,164,greedy_rr_ls,greedy_rr_ls,0,2,2.0,1.000229,True,,,{}
e1/er_d16_n20.npz,20,er_avg_deg16_n20_seed897926442,er,20,164,ilp,ilp,0,2,2.0,0.014364,True,True,2.0,"{""gap"": 0.0, ""status"": ""OPTIMAL"", ""time_limit"": 60.0}"
e1/er_d16_n20.npz,21,er_avg_deg16_n20_seed686140092,er,20,157,greedy,greedy,0,2,2.0,0.000156,True,,,{}
e1/er_d16_n20.npz,21,er_avg_deg16_n20_seed686140092,er,20,157,greedy_rr,greedy_rr,0,2,2.0,0.000241,True,,,{}
e1/er_d16_n20.npz,21,er_avg_deg16_n20_seed686140092,er,20,157,greedy_rr_ls,greedy_rr_ls,0,2,2.0,1.000390,True,,,{}
e1/er_d16_n20.npz,21,er_avg_deg16_n20_seed686140092,er,20,157,ilp,ilp,0,2,2.0,0.011768,True,True,2.0,"{""gap"": 0.0, ""status"": ""OPTIMAL"", ""time_limit"": 60.0}"
e1/er_d16_n20.npz,22,er_avg_deg16_n20_seed118648326,er,20,156,greedy,greedy,0,2,2.0,0.000107,True,,,{}
e1/er_d16_n20.npz,22,er_avg_deg16_n20_seed118648326,er,20,156,greedy_rr,greedy_rr,0,2,2.0,0.000138,True,,,{}
e1/er_d16_n20.npz,22,er_avg_deg16_n20_seed118648326,er,20,156,greedy_rr_ls,greedy_rr_ls,0,2,2.0,0.553266,True,,,{}
e1/er_d16_n20.npz,22,er_avg_deg16_n20_seed118648326,er,20,156,ilp,ilp,0,2,2.0,0.017960,True,True,2.0,"{""gap"": 0.0, ""status"": ""OPTIMAL"", ""time_limit"": 60.0}"
e1/er_d16_n20.npz,23,er_avg_deg16_n20_seed900999056,er,20,162,greedy,greedy,0,2,2.0,0.000140,True,,,{}
e1/er_d16_n20.npz,23,er_avg_deg16_n20_seed900999056,er,20,162,greedy_rr,greedy_rr,0,2,2.0,0.000188,True,,,{}
e1/er_d16_n20.npz,23,er_avg_deg16_n20_seed900999056,er,20,162,greedy_rr_ls,greedy_rr_ls,0,2,2.0,1.000296,True,,,{}
e1/er_d16_n20.npz,23,er_avg_deg16_n20_seed900999056,er,20,162,ilp,ilp,0,2,2.0,0.009085,True,True,2.0,"{""gap"": 0.0, ""status"": ""OPTIMAL"", ""time_limit"": 60.0}"
e1/er_d16_n20.npz,24,er_avg_deg16_n20_seed874119475,er,20,162,greedy,greedy,0,2,2.0,0.000105,True,,,{}
e1/er_d16_n20.npz,24,er_avg_deg16_n20_seed874119475,er,20,162,greedy_rr,greedy_rr,0,2,2.0,0.000131,True,,,{}
e1/er_d16_n20.npz,24,er_avg_deg16_n20_seed874119475,er,20,162,greedy_rr_ls,greedy_rr_ls,0,2,2.0,1.000214,True,,,{}
e1/er_d16_n20.npz,24,er_avg_deg16_n20_seed874119475,er,20,162,ilp,ilp,0,2,2.0,0.009703,True,True,2.0,"{""gap"": 0.0, ""status"": ""OPTIMAL"", ""time_limit"": 60.0}"
e1/er_d16_n20.npz,25,er_avg_deg16_n20_seed696280741,er,20,155,greedy,greedy,0,2,2.0,0.000104,True,,,{}
e1/er_d16_n20.npz,25,er_avg_deg16_n20_seed696280741,er,20,155,greedy_rr,greedy_rr,0,2,2.0,0.000129,True,,,{}
e1/er_d16_n20.npz,25,er_avg_deg16_n20_seed696280741,er,20,155,greedy_rr_ls,greedy_rr_ls,0,2,2.0,0.781415,True,,,{}
e1/er_d16_n20.npz,25,er_avg_deg16_n20_seed696280741,er,20,155,ilp,ilp,0,2,2.0,0.028524,True,True,2.0,"{""gap"": 0.0, ""status"": ""OPTIMAL"", ""time_limit"": 60.0}"
e1/er_d16_n20.npz,26,er_avg_deg16_n20_seed163490335,er,20,153,greedy,greedy,0,2,2.0,0.000141,True,,,{}
e1/er_d16_n20.npz,26,er_avg_deg16_n20_seed163490335,er,20,153,greedy_rr,greedy_rr,0,2,2.0,0.000193,True,,,{}
e1/er_d16_n20.npz,26,er_avg_deg16_n20_seed163490335,er,20,153,greedy_rr_ls,greedy_rr_ls,0,2,2.0,1.000821,True,,,{}
e1/er_d16_n20.npz,26,er_avg_deg16_n20_seed163490335,er,20,153,ilp,ilp,0,2,2.0,0.019978,True,True,2.0,"{""gap"": 0.0, ""status"": ""OPTIMAL"", ""time_limit"": 60.0}"
e1/er_d16_n20.npz,27,er_avg_deg16_n20_seed844522377,er,20,155,greedy,greedy,0,2,2.0,0.000105,True,,,{}
e1/er_d16_n20.npz,27,er_avg_deg16_n20_seed844522377,er,20,155,greedy_rr,greedy_rr,0,2,2.0,0.000130,True,,,{}
e1/er_d16_n20.npz,27,er_avg_deg16_n20_seed844522377,er,20,155,greedy_rr_ls,greedy_rr_ls,0,2,2.0,1.000244,True,,,{}
e1/er_d16_n20.npz,27,er_avg_deg16_n20_seed844522377,er,20,155,ilp,ilp,0,2,2.0,0.015077,True,True,2.0,"{""gap"": 0.0, ""status"": ""OPTIMAL"", ""time_limit"": 60.0}"
e1/er_d16_n20.npz,28,er_avg_deg16_n20_seed734772504,er,20,163,greedy,greedy,0,2,2.0,0.000179,True,,,{}
e1/er_d16_n20.npz,28,er_avg_deg16_n20_seed734772504,er,20,163,greedy_rr,greedy_rr,0,2,2.0,0.000221,True,,,{}
e1/er_d16_n20.npz,28,er_avg_deg16_n20_seed734772504,er,20,163,greedy_rr_ls,greedy_rr_ls,0,2,2.0,1.001224,True,,,{}
e1/er_d16_n20.npz,28,er_avg_deg16_n20_seed734772504,er,20,163,ilp,ilp,0,2,2.0,0.025482,True,True,2.0,"{""gap"": 0.0, ""status"": ""OPTIMAL"", ""time_limit"": 60.0}"
e1/er_d16_n20.npz,29,er_avg_deg16_n20_seed590226062,er,20,166,greedy,greedy,0,2,2.0,0.000153,True,,,{}
e1/er_d16_n20.npz,29,er_avg_deg16_n20_seed590226062,er,20,166,greedy_rr,greedy_rr,0,2,2.0,0.000222,True,,,{}
e1/er_d16_n20.npz,29,er_avg_deg16_n20_seed590226062,er,20,166,greedy_rr_ls,greedy_rr_ls,0,2,2.0,1.000333,True,,,{}
e1/er_d16_n20.npz,29,er_avg_deg16_n20_seed590226062,er,20,166,ilp,ilp,0,2,2.0,0.008033,True,True,2.0,"{""gap"": 0.0, ""status"": ""OPTIMAL"", ""time_limit"": 60.0}"
e1/er_d16_n20.npz,30,er_avg_deg16_n20_seed49392107,er,20,162,greedy,greedy,0,2,2.0,0.000164,True,,,{}
e1/er_d16_n20.npz,30,er_avg_deg16_n20_seed49392107,er,20,162,greedy_rr,greedy_rr,0,2,2.0,0.000259,True,,,{}
e1/er_d16_n20.npz,30,er_avg_deg16_n20_seed49392107,er,20,162,greedy_rr_ls,greedy_rr_ls,0,2,2.0,1.000406,True,,,{}
e1/er_d16_n20.npz,30,er_avg_deg16_n20_seed49392107,er,20,162,ilp,ilp,0,2,2.0,0.012042,True,True,2.0,"{""gap"": 0.0, ""status"": ""OPTIMAL"", ""time_limit"": 60.0}"
e1/er_d16_n20.npz,31,er_avg_deg16_n20_seed267286909,er,20,163,greedy,greedy,0,2,2.0,0.000105,True,,,{}
e1/er_d16_n20.npz,31,er_avg_deg16_n20_seed267286909,er,20,163,greedy_rr,greedy_rr,0,2,2.0,0.000125,True,,,{}
e1/er_d16_n20.npz,31,er_avg_deg16_n20_seed267286909,er,20,163,greedy_rr_ls,greedy_rr_ls,0,2,2.0,1.000244,True,,,{}
e1/er_d16_n20.npz,31,er_avg_deg16_n20_seed267286909,er,20,163,ilp,ilp,0,2,2.0,0.010618,True,True,2.0,"{""gap"": 0.0, ""status"": ""OPTIMAL"", ""time_limit"": 60.0}"
e1/er_d16_n20.npz,32,er_avg_deg16_n20_seed539844295,er,20,151,greedy,greedy,0,2,2.0,0.000108,True,,,{}
e1/er_d16_n20.npz,32,er_avg_deg16_n20_seed539844295,er,20,151,greedy_rr,greedy_rr,0,2,2.0,0.000615,True,,,{}
e1/er_d16_n20.npz,32,er_avg_deg16_n20_seed539844295,er,20,151,greedy_rr_ls,greedy_rr_ls,0,2,2.0,0.080701,True,,,{}
e1/er_d16_n20.npz,32,er_avg_deg16_n20_seed539844295,er,20,151,ilp,ilp,0,2,2.0,0.011473,True,True,2.0,"{""gap"": 0.0, ""status"": ""OPTIMAL"", ""time_limit"": 60.0}"
e1/er_d16_n20.npz,33,er_avg_deg16_n20_seed751384657,er,20,157,greedy,greedy,0,2,2.0,0.000141,True,,,{}
e1/er_d16_n20.npz,33,er_avg_deg16_n20_seed751384657,er,20,157,greedy_rr,greedy_rr,0,2,2.0,0.000179,True,,,{}
e1/er_d16_n20.npz,33,er_avg_deg16_n20_seed751384657,er,20,157,greedy_rr_ls,greedy_rr_ls,0,2,2.0,1.000291,True,,,{}
e1/er_d16_n20.npz,33,er_avg_deg16_n20_seed751384657,er,20,157,ilp,ilp,0,2,2.0,0.013876,True,True,2.0,"{""gap"": 0.0, ""status"": ""OPTIMAL"", ""time_limit"": 60.0}"
e1/er_d16_n20.npz,34,er_avg_deg16_n20_seed992948210,er,20,141,greedy,greedy,0,2,2.0,0.000140,True,,,{}
e1/er_d16_n20.npz,34,er_avg_deg16_n20_seed992948210,er,20,141,greedy_rr,greedy_rr,0,2,2.0,0.000182,True,,,{}
e1/er_d16_n20.npz,34,er_avg_deg16_n20_seed992948210,er,20,141,greedy_rr_ls,greedy_rr_ls,0,2,2.0,0.007334,True,,,{}
e1/er_d16_n20.npz,34,er_avg_deg16_n20_seed992948210,er,20,141,ilp,ilp,0,2,2.0,0.023024,True,True,2.0,"{""gap"": 0.0, ""status"": ""OPTIMAL"", ""time_limit"": 60.0}"
e1/er_d16_n20.npz,35,er_avg_deg16_n20_seed312161636,er,20,166,greedy,greedy,0,2,2.0,0.000141,True,,,{}
e1/er_d16_n20.npz,35,er_avg_deg16_n20_seed312161636,er,20,166,greedy_rr,greedy_rr,0,2,2.0,0.000183,True,,,{}
e1/er_d16_n20.npz,35,er_avg_deg16_n20_seed312161636,er,20,166,greedy_rr_ls,greedy_rr_ls,0,2,2.0,1.000471,True,,,{}
e1/er_d16_n20.npz,35,er_avg_deg16_n20_seed312161636,er,20,166,ilp,ilp,0,2,2.0,0.019997,True,True,2.0,"{""gap"": 0.0, ""status"": ""OPTIMAL"", ""time_limit"": 60.0}"
e1/er_d16_n20.npz,36,er_avg_deg16_n20_seed549952222,er,20,166,greedy,greedy,0,2,2.0,0.000161,True,,,{}
e1/er_d16_n20.npz,36,er_avg_deg16_n20_seed549952222,er,20,166,greedy_rr,greedy_rr,0,2,2.0,0.000227,True,,,{}
e1/er_d16_n20.npz,36,er_avg_deg16_n20_seed549952222,er,20,166,greedy_rr_ls,greedy_rr_ls,0,2,2.0,1.000381,True,,,{}
e1/er_d16_n20.npz,36,er_avg_deg16_n20_seed549952222,er,20,166,ilp,ilp,0,2,2.0,0.027832,True,True,2.0,"{""gap"": 0.0, ""status"": ""OPTIMAL"", ""time_limit"": 60.0}"
e1/er_d16_n20.npz,37,er_avg_deg16_n20_seed727544904,er,20,160,greedy,greedy,0,2,2.0,0.000468,True,,,{}
e1/er_d16_n20.npz,37,er_avg_deg16_n20_seed727544904,er,20,160,greedy_rr,greedy_rr,0,2,2.0,0.000389,True,,,{}
e1/er_d16_n20.npz,37,er_avg_deg16_n20_seed727544904,er,20,160,greedy_rr_ls,greedy_rr_ls,0,2,2.0,1.000807,True,,,{}
e1/er_d16_n20.npz,37,er_avg_deg16_n20_seed727544904,er,20,160,ilp,ilp,0,2,2.0,0.021332,True,True,2.0,"{""gap"": 0.0, ""status"": ""OPTIMAL"", ""time_limit"": 60.0}"
e1/er_d16_n20.npz,38,er_avg_deg16_n20_seed153756121,er,20,159,greedy,greedy,0,2,2.0,0.000131,True,,,{}
e1/er_d16_n20.npz,38,er_avg_deg16_n20_seed153756121,er,20,159,greedy_rr,greedy_rr,0,2,2.0,0.000169,True,,,{}
e1/er_d16_n20.npz,38,er_avg_deg16_n20_seed153756121,er,20,159,greedy_rr_ls,greedy_rr_ls,0,2,2.0,1.000258,True,,,{}
e1/er_d16_n20.npz,38,er_avg_deg16_n20_seed153756121,er,20,159,ilp,ilp,0,2,2.0,0.024147,True,True,2.0,"{""gap"": 0.0, ""status"": ""OPTIMAL"", ""time_limit"": 60.0}"
e1/er_d16_n20.npz,39,er_avg_deg16_n20_seed438628687,er,20,164,greedy,greedy,0,2,2.0,0.000143,True,,,{}
e1/er_d16_n20.npz,39,er_avg_deg16_n20_seed438628687,er,20,164,greedy_rr,greedy_rr,0,2,2.0,0.000227,True,,,{}
e1/er_d16_n20.npz,39,er_avg_deg16_n20_seed438628687,er,20,164,greedy_rr_ls,greedy_rr_ls,0,2,2.0,1.000397,True,,,{}
e1/er_d16_n20.npz,39,er_avg_deg16_n20_seed438628687,er,20,164,ilp,ilp,0,2,2.0,0.022066,True,True,2.0,"{""gap"": 0.0, ""status"": ""OPTIMAL"", ""time_limit"": 60.0}"
e1/er_d16_n20.npz,40,er_avg_deg16_n20_seed202722732,er,20,166,greedy,greedy,0,2,2.0,0.000164,True,,,{}
e1/er_d16_n20.npz,40,er_avg_deg16_n20_seed202722732,er,20,166,greedy_rr,greedy_rr,0,2,2.0,0.000227,True,,,{}
e1/er_d16_n20.npz,40,er_avg_deg16_n20_seed202722732,er,20,166,greedy_rr_ls,greedy_rr_ls,0,2,2.0,1.000326,True,,,{}
e1/er_d16_n20.npz,40,er_avg_deg16_n20_seed202722732,er,20,166,ilp,ilp,0,2,2.0,0.012092,True,True,2.0,"{""gap"": 0.0, ""status"": ""OPTIMAL"", ""time_limit"": 60.0}"
e1/er_d16_n20.npz,41,er_avg_deg16_n20_seed373936698,er,20,162,greedy,greedy,0,2,2.0,0.000114,True,,,{}
e1/er_d16_n20.npz,41,er_avg_deg16_n20_seed373936698,er,20,162,greedy_rr,greedy_rr,0,2,2.0,0.000122,True,,,{}
e1/er_d16_n20.npz,41,er_avg_deg16_n20_seed373936698,er,20,162,greedy_rr_ls,greedy_rr_ls,0,2,2.0,1.000244,True,,,{}
e1/er_d16_n20.npz,41,er_avg_deg16_n20_seed373936698,er,20,162,ilp,ilp,0,2,2.0,0.011350,True,True,2.0,"{""gap"": 0.0, ""status"": ""OPTIMAL"", ""time_limit"": 60.0}"
e1/er_d16_n20.npz,42,er_avg_deg16_n20_seed344364672,er,20,163,greedy,greedy,0,2,2.0,0.000163,True,,,{}
e1/er_d16_n20.npz,42,er_avg_deg16_n20_seed344364672,er,20,163,greedy_rr,greedy_rr,0,2,2.0,0.000214,True,,,{}
e1/er_d16_n20.npz,42,er_avg_deg16_n20_seed344364672,er,20,163,greedy_rr_ls,greedy_rr_ls,0,2,2.0,1.000300,True,,,{}
e1/er_d16_n20.npz,42,er_avg_deg16_n20_seed344364672,er,20,163,ilp,ilp,0,2,2.0,0.013516,True,True,2.0,"{""gap"": 0.0, ""status"": ""OPTIMAL"", ""time_limit"": 60.0}"
e1/er_d16_n20.npz,43,er_avg_deg16_n20_seed669973782,er,20,156,greedy,greedy,0,2,2.0,0.000181,True,,,{}
e1/er_d16_n20.npz,43,er_avg_deg16_n20_seed669973782,er,20,156,greedy_rr,greedy_rr,0,2,2.0,0.000213,True,,,{}
e1/er_d16_n20.npz,43,er_avg_deg16_n20_seed669973782,er,20,156,greedy_rr_ls,greedy_rr_ls,0,2,2.0,1.000343,True,,,{}
e1/er_d16_n20.npz,43,er_avg_deg16_n20_seed669973782,er,20,156,ilp,ilp,0,2,2.0,0.009932,True,True,2.0,"{""gap"": 0.0, ""status"": ""OPTIMAL"", ""time_limit"": 60.0}"
e1/er_d16_n20.npz,44,er_avg_deg16_n20_seed255529397,er,20,149,greedy,greedy,0,2,2.0,0.000133,True,,,{}
e1/er_d16_n20.npz,44,er_avg_deg16_n20_seed255529397,er,20,149,greedy_rr,greedy_rr,0,2,2.0,0.000189,True,,,{}
e1/er_d16_n20.npz,44,er_avg_deg16_n20_seed255529397,er,20,149,greedy_rr_ls,greedy_rr_ls,0,2,2.0,1.000369,True,,,{}
e1/er_d16_n20.npz,44,er_avg_deg16_n20_seed255529397,er,20,149,ilp,ilp,0,2,2.0,0.008819,True,True,2.0,"{""gap"": 0.0, ""status"": ""OPTIMAL"", ""time_limit"": 60.0}"
e1/er_d16_n20.npz,45,er_avg_deg16_n20_seed326473251,er,20,163,greedy,greedy,0,2,2.0,0.000169,True,,,{}
e1/er_d16_n20.npz,45,er_avg_deg16_n20_seed326473251,er,20,163,greedy_rr,greedy_rr,0,2,2.0,0.000236,True,,,{}
e1/er_d16_n20.npz,45,er_avg_deg16_n20_seed326473251,er,20,163,greedy_rr_ls,greedy_rr_ls,0,2,2.0,1.000376,True,,,{}
e1/er_d16_n20.npz,45,er_avg_deg16_n20_seed326473251,er,20,163,ilp,ilp,0,2,2.0,0.010826,True,True,2.0,"{""gap"": 0.0, ""status"": ""OPTIMAL"", ""time_limit"": 60.0}"
e1/er_d16_n20.npz,46,er_avg_deg16_n20_seed329505433,er,20,161,greedy,greedy,0,2,2.0,0.000161,True,,,{}
e1/er_d16_n20.npz,46,er_avg_deg16_n20_seed329505433,er,20,161,greedy_rr,greedy_rr,0,2,2.0,0.000227,True,,,{}
e1/er_d16_n20.npz,46,er_avg_deg16_n20_seed329505433,er,20,161,greedy_rr_ls,greedy_rr_ls,0,2,2.0,1.000943,True,,,{}
e1/er_d16_n20.npz,46,er_avg_deg16_n20_seed329505433,er,20,161,ilp,ilp,0,2,2.0,0.025947,True,True,2.0,"{""gap"": 0.0, ""status"": ""OPTIMAL"", ""time_limit"": 60.0}"
e1/er_d16_n20.npz,47,er_avg_deg16_n20_seed688013583,er,20,163,greedy,greedy,0,2,2.0,0.000120,True,,,{}
e1/er_d16_n20.npz,47,er_avg_deg16_n20_seed688013583,er,20,163,greedy_rr,greedy_rr,0,2,2.0,0.000146,True,,,{}
e1/er_d16_n20.npz,47,er_avg_deg16_n20_seed688013583,er,20,163,greedy_rr_ls,greedy_rr_ls,0,2,2.0,1.000481,True,,,{}
e1/er_d16_n20.npz,47,er_avg_deg16_n20_seed688013583,er,20,163,ilp,ilp,0,2,2.0,0.028069,True,True,2.0,"{""gap"": 0.0, ""status"": ""OPTIMAL"", ""time_limit"": 60.0}"
e1/er_d16_n20.npz,48,er_avg_deg16_n20_seed114345374,er,20,163,greedy,greedy,0,2,2.0,0.000105,True,,,{}
e1/er_d16_n20.npz,48,er_avg_deg16_n20_seed114345374,er,20,163,greedy_rr,greedy_rr,0,2,2.0,0.000138,True,,,{}
e1/er_d16_n20.npz,48,er_avg_deg16_n20_seed114345374,er,20,163,greedy_rr_ls,greedy_rr_ls,0,2,2.0,1.000249,True,,,{}
e1/er_d16_n20.npz,48,er_avg_deg16_n20_seed114345374,er,20,163,ilp,ilp,0,2,2.0,0.013200,True,True,2.0,"{""gap"": 0.0, ""status"": ""OPTIMAL"", ""time_limit"": 60.0}"
e1/er_d16_n20.npz,49,er_avg_deg16_n20_seed218057224,er,20,159,greedy,greedy,0,2,2.0,0.000139,True,,,{}
e1/er_d16_n20.npz,49,er_avg_deg16_n20_seed218057224,er,20,159,greedy_rr,greedy_rr,0,2,2.0,0.000217,True,,,{}
e1/er_d16_n20.npz,49,er_avg_deg16_n20_seed218057224,er,20,159,greedy_rr_ls,greedy_rr_ls,0,2,2.0,1.000331,True,,,{}
e1/er_d16_n20.npz,49,er_avg_deg16_n20_seed218057224,er,20,159,ilp,ilp,0,2,2.0,0.010254,True,True,2.0,"{""gap"": 0.0, ""status"": ""OPTIMAL"", ""time_limit"": 60.0}"
e1/er_d16_n200.npz,0,er_avg_deg16_n200_seed143689989,er,200,1613,greedy,greedy,0,20,20.0,0.000744,True,,,{}
e1/er_d16_n200.npz,0,er_avg_deg16_n200_seed143689989,er,200,1613,greedy_rr,greedy_rr,0,20,20.0,0.000965,True,,,{}
e1/er_d16_n200.npz,0,er_avg_deg16_n200_seed143689989,er,200,1613,greedy_rr_ls,greedy_rr_ls,0,19,19.0,0.079055,True,,,{}
e1/er_d16_n200.npz,0,er_avg_deg16_n200_seed143689989,er,200,1613,ilp,ilp,0,18,18.0,60.047626,True,False,13.0,"{""gap"": 0.2777777777777778, ""status"": ""FEASIBLE"", ""time_limit"": 60.0}"
e1/er_d16_n200.npz,1,er_avg_deg16_n200_seed428841107,er,200,1570,greedy,greedy,0,23,23.0,0.001045,True,,,{}
e1/er_d16_n200.npz,1,er_avg_deg16_n200_seed428841107,er,200,1570,greedy_rr,greedy_rr,0,23,23.0,0.001291,True,,,{}
e1/er_d16_n200.npz,1,er_avg_deg16_n200_seed428841107,er,200,1570,greedy_rr_ls,greedy_rr_ls,0,20,20.0,0.041033,True,,,{}
e1/er_d16_n200.npz,1,er_avg_deg16_n200_seed428841107,er,200,1570,ilp,ilp,0,18,18.0,60.047449,True,False,14.0,"{""gap"": 0.2222222222222222, ""status"": ""FEASIBLE"", ""time_limit"": 60.0}"
e1/er_d16_n200.npz,2,er_avg_deg16_n200_seed432831529,er,200,1578,greedy,greedy,0,22,22.0,0.001051,True,,,{}
e1/er_d16_n200.npz,2,er_avg_deg16_n200_seed432831529,er,200,1578,greedy_rr,greedy_rr,0,22,22.0,0.001357,True,,,{}
e1/er_d16_n200.npz,2,er_avg_deg16_n200_seed432831529,er,200,1578,greedy_rr_ls,greedy_rr_ls,0,21,21.0,0.124209,True,,,{}
e1/er_d16_n200.npz,2,er_avg_deg16_n200_seed432831529,er,200,1578,ilp,ilp,0,18,18.0,60.046308,True,False,14.0,"{""gap"": 0.2222222222222222, ""status"": ""FEASIBLE"", ""time_limit"": 60.0}"
e1/er_d16_n200.npz,3,er_avg_deg16_n200_seed577377727,er,200,1629,greedy,greedy,0,20,20.0,0.000852,True,,,{}
e1/er_d16_n200.npz,3,er_avg_deg16_n200_seed577377727,er,200,1629,greedy_rr,greedy_rr,0,20,20.0,0.001325,True,,,{}
e1/er_d16_n200.npz,3,er_avg_deg16_n200_seed577377727,er,200,1629,greedy_rr_ls,greedy_rr_ls,0,19,19.0,0.013528,True,,,{}
e1/er_d16_n200.npz,3,er_avg_deg16_n200_seed577377727,er,200,1629,ilp,ilp,0,18,18.0,60.033658,True,False,14.0,"{""gap"": 0.2222222222222222, ""status"": ""FEASIBLE"", ""time_limit"": 60.0}"
e1/er_d16_n200.npz,4,er_avg_deg16_n200_seed167071004,er,200,1646,greedy,greedy,0,19,19.0,0.000695,True,,,{}
e1/er_d16_n200.npz,4,er_avg_deg16_n200_seed167071004,er,200,1646,greedy_rr,greedy_rr,0,19,19.0,0.000862,True,,,{}
e1/er_d16_n200.npz,4,er_avg_deg16_n200_seed167071004,er,200,1646,greedy_rr_ls,greedy_rr_ls,0,18,18.0,0.024891,True,,,{}
e1/er_d16_n200.npz,4,er_avg_deg16_n200_seed167071004,er,200,1646,ilp,ilp,0,18,18.0,60.048918,True,False,13.0,"{""gap"": 0.2777777777777778, ""status"": ""FEASIBLE"", ""time_limit"": 60.0}"
e1/er_d16_n200.npz,5,er_avg_deg16_n200_seed419060874,er,200,1531,greedy,greedy,0,21,21.0,0.000685,True,,,{}
e1/er_d16_n200.npz,5,er_avg_deg16_n200_seed419060874,er,200,1531,greedy_rr,greedy_rr,0,21,21.0,0.000949,True,,,{}
e1/er_d16_n200.npz,5,er_avg_deg16_n200_seed419060874,er,200,1531,greedy_rr_ls,greedy_rr_ls,0,21,21.0,0.049259,True,,,{}
e1/er_d16_n200.npz,5,er_avg_deg16_n200_seed419060874,er,200,1531,ilp,ilp,0,19,19.0,60.072716,True,False,14.0,"{""gap"": 0.2631578947368421, ""status"": ""FEASIBLE"", ""time_limit"": 60.0}"
e1/er_d16_n200.npz,6,er_avg_deg16_n200_seed388546608,er,200,1533,greedy,greedy,0,21,21.0,0.001339,True,,,{}
e1/er_d16_n200.npz,6,er_avg_deg16_n200_seed388546608,er,200,1533,greedy_rr,greedy_rr,0,21,21.0,0.001809,True,,,{}
e1/er_d16_n200.npz,6,er_avg_deg16_n200_seed388546608,er,200,1533,greedy_rr_ls,greedy_rr_ls,0,20,20.0,0.191730,True,,,{}
e1/er_d16_n200.npz,6,er_avg_deg16_n200_seed388546608,er,200,1533,ilp,ilp,0,19,19.0,60.039157,True,False,14.0,"{""gap"": 0.2631578947368421, ""status"": ""FEASIBLE"", ""time_limit"": 60.0}"
e1/er_d16_n200.npz,7,er_avg_deg16_n200_seed633100710,er,200,1534,greedy,greedy,0,22,22.0,0.002037,True,,,{}
e1/er_d16_n200.npz,7,er_avg_deg16_n200_seed633100710,er,200,1534,greedy_rr,greedy_rr,0,21,21.0,0.000870,True,,,{}
e1/er_d16_n200.npz,7,er_avg_deg16_n200_seed633100710,er,200,1534,greedy_rr_ls,greedy_rr_ls,0,20,20.0,0.200027,True,,,{}
e1/er_d16_n200.npz,7,er_avg_deg16_n200_seed633100710,er,200,1534,ilp,ilp,0,19,19.0,60.039181,True,False,14.0,"{""gap"": 0.2631578947368421, ""status"": ""FEASIBLE"", ""time_limit"": 60.0}"
e1/er_d16_n200.npz,8,er_avg_deg16_n200_seed55247159,er,200,1521,greedy,greedy,0,21,21.0,0.000707,True,,,{}
e1/er_d16_n200.npz,8,er_avg_deg16_n200_seed55247159,er,200,1521,greedy_rr,greedy_rr,0,21,21.0,0.000855,True,,,{}
e1/er_d16_n200.npz,8,er_avg_deg16_n200_seed55247159,er,200,1521,greedy_rr_ls,greedy_rr_ls,0,20,20.0,0.032360,True,,,{}
e1/er_d16_n200.npz,8,er_avg_deg16_n200_seed55247159,er,200,1521,ilp,ilp,0,19,19.0,60.044241,True,False,14.0,"{""gap"": 0.2631578947368421, ""status"": ""FEASIBLE"", ""time_limit"": 60.0}"
e1/er_d16_n200.npz,9,er_avg_deg16_n200_seed272896161,er,200,1549,greedy,greedy,0,22,22.0,0.000709,True,,,{}
e1/er_d16_n200.npz,9,er_avg_deg16_n200_seed272896161,er,200,1549,greedy_rr,greedy_rr,0,22,22.0,0.000819,True,,,{}
e1/er_d16_n200.npz,9,er_avg_deg16_n200_seed272896161,er,200,1549,greedy_rr_ls,greedy_rr_ls,0,21,21.0,0.044844,True,,,{}
e1/er_d16_n200.npz,9,er_avg_deg16_n200_seed272896161,er,200,1549,ilp,ilp,0,19,19.0,60.043403,True,False,14.0,"{""gap"": 0.2631578947368421, ""status"": ""FEASIBLE"", ""time_limit"": 60.0}"
e1/er_d16_n200.npz,10,er_avg_deg16_n200_seed113383428,er,200,1655,greedy,greedy,0,18,18.0,0.001156,True,,,{}
e1/er_d16_n200.npz,10,er_avg_deg16_n200_seed113383428,er,200,1655,greedy_rr,greedy_rr,0,18,18.0,0.001489,True,,,{}
e1/er_d16_n200.npz,10,er_avg_deg16_n200_seed113383428,er,200,1655,greedy_rr_ls,greedy_rr_ls,0,18,18.0,0.165650,True,,,{}
e1/er_d16_n200.npz,10,er_avg_deg16_n200_seed113383428,er,200,1655,ilp,ilp,0,17,17.0,60.045155,True,False,13.0,"{""gap"": 0.23529411764705882, ""status"": ""FEASIBLE"", ""time_limit"": 60.0}"
e1/er_d16_n200.npz,11,er_avg_deg16_n200_seed908361106,er,200,1606,greedy,greedy,0,20,20.0,0.000760,True,,,{}
e1/er_d16_n200.npz,11,er_avg_deg16_n200_seed908361106,er,200,1606,greedy_rr,greedy_rr,0,20,20.0,0.000823,True,,,{}
e1/er_d16_n200.npz,11,er_avg_deg16_n200_seed908361106,er,200,1606,greedy_rr_ls,greedy_rr_ls,0,18,18.0,0.049785,True,,,{}
e1/er_d16_n200.npz,11,er_avg_deg16_n200_seed908361106,er,200,1606,ilp,ilp,0,17,17.0,60.045562,True,False,13.0,"{""gap"": 0.23529411764705882, ""status"": ""FEASIBLE"", ""time_limit"": 60.0}"
e1/er_d16_n200.npz,12,er_avg_deg16_n200_seed905419560,er,200,1556,greedy,greedy,0,22,22.0,0.001157,True,,,{}
e1/er_d16_n200.npz,12,er_avg_deg16_n200_seed905419560,er,200,1556,greedy_rr,greedy_rr,0,22,22.0,0.001359,True,,,{}
e1/er_d16_n200.npz,12,er_avg_deg16_n200_seed905419560,er,200,1556,greedy_rr_ls,greedy_rr_ls,0,21,21.0,0.029311,True,,,{}
e1/er_d16_n200.npz,12,er_avg_deg16_n200_seed905419560,er,200,1556,ilp,ilp,0,19,19.0,60.100610,True,False,14.0,"{""gap"": 0.2631578947368421, ""status"": ""FEASIBLE"", ""time_limit"": 60.0}"
e1/er_d16_n200.npz,13,er_avg_deg16_n200_seed680744126,er,200,1561,greedy,greedy,0,20,20.0,0.001564,True,,,{}
e1/er_d16_n200.npz,13,er_avg_deg16_n200_seed680744126,er,200,1561,greedy_rr,greedy_rr,0,20,20.0,0.003707,True,,,{}
e1/er_d16_n200.npz,13,er_avg_deg16_n200_seed680744126,er,200,1561,greedy_rr_ls,greedy_rr_ls,0,19,19.0,0.024036,True,,,{}
e1/er_d16_n200.npz,13,er_avg_deg16_n200_seed680744126,er,200,1561,ilp,ilp,0,18,18.0,60.058514,True,False,14.0,"{""gap"": 0.2222222222222222, ""status"": ""FEASIBLE"", ""time_limit"": 60.0}"
e1/er_d16_n200.npz,14,er_avg_deg16_n200_seed23352349,er,200,1591,greedy,greedy,0,21,21.0,0.000894,True,,,{}
e1/er_d16_n200.npz,14,er_avg_deg16_n200_seed23352349,er,200,1591,greedy_rr,greedy_rr,0,21,21.0,0.000916,True,,,{}
e1/er_d16_n200.npz,14,er_avg_deg16_n200_seed23352349,er,200,1591,greedy_rr_ls,greedy_rr_ls,0,19,19.0,0.018466,True,,,{}
e1/er_d16_n200.npz,14,er_avg_deg16_n200_seed23352349,er,200,1591,ilp,ilp,0,18,18.0,60.037198,True,False,13.0,"{""gap"": 0.2777777777777778, ""status"": ""FEASIBLE"", ""time_limit"": 60.0}"
e1/er_d16_n200.npz,15,er_avg_deg16_n200_seed986757515,er,200,1619,greedy,greedy,0,19,19.0,0.000685,True,,,{}
e1/er_d16_n200.npz,15,er_avg_deg16_n200_seed986757515,er,200,1619,greedy_rr,greedy_rr,0,18,18.0,0.000853,True,,,{}
e1/er_d16_n200.npz,15,er_avg_deg16_n200_seed986757515,er,200,1619,greedy_rr_ls,greedy_rr_ls,0,18,18.0,0.006154,True,,,{}
e1/er_d16_n200.npz,15,er_avg_deg16_n200_seed986757515,er,200,1619,ilp,ilp,0,18,18.0,60.040478,True,False,13.0,"{""gap"": 0.2777777777777778, ""status"": ""FEASIBLE"", ""time_limit"": 60.0}"
e1/er_d16_n200.npz,16,er_avg_deg16_n200_seed16223537,er,200,1645,greedy,greedy,0,20,20.0,0.001942,True,,,{}
e1/er_d16_n200.npz,16,er_avg_deg16_n200_seed16223537,er,200,1645,greedy_rr,greedy_rr,0,20,20.0,0.001230,True,,,{}
e1/er_d16_n200.npz,16,er_avg_deg16_n200_seed16223537,er,200,1645,greedy_rr_ls,greedy_rr_ls,0,19,19.0,0.097582,True,,,{}
e1/er_d16_n200.npz,16,er_avg_deg16_n200_seed16223537,er,200,1645,ilp,ilp,0,18,18.0,60.068089,True,False,13.0,"{""gap"": 0.2777777777777778, ""status"": ""FEASIBLE"", ""time_limit"": 60.0}"
e1/er_d16_n200.npz,17,er_avg_deg16_n200_seed556273831,er,200,1639,greedy,greedy,0,21,21.0,0.002635,True,,,{}
e1/er_d16_n200.npz,17,er_avg_deg16_n200_seed556273831,er,200,1639,greedy_rr,greedy_rr,0,21,21.0,0.002727,True,,,{}
e1/er_d16_n200.npz,17,er_avg_deg16_n200_seed556273831,er,200,1639,greedy_rr_ls,greedy_rr_ls,0,20,20.0,0.089174,True,,,{}
e1/er_d16_n200.npz,17,er_avg_deg16_n200_seed556273831,er,200,1639,ilp,ilp,0,18,18.0,60.049563,True,False,13.0,"{""gap"": 0.2777777777777778, ""status"": ""FEASIBLE"", ""time_limit"": 60.0}"
e1/er_d16_n200.npz,18,er_avg_deg16_n200_seed150638646,er,200,1522,greedy,greedy,0,21,21.0,0.000729,True,,,{}
e1/er_d16_n200.npz,18,er_avg_deg16_n200_seed150638646,er,200,1522,greedy_rr,greedy_rr,0,21,21.0,0.000938,True,,,{}
e1/er_d16_n200.npz,18,er_avg_deg16_n200_seed150638646,er,200,1522,greedy_rr_ls,greedy_rr_ls,0,21,21.0,0.053573,True,,,{}
e1/er_d16_n200.npz,18,er_avg_deg16_n200_seed150638646,er,200,1522,ilp,ilp,0,19,19.0,60.045766,True,False,14.0,"{""gap"": 0.2631578947368421, ""status"": ""FEASIBLE"", ""time_limit"": 60.0}"
e1/er_d16_n200.npz,19,er_avg_deg16_n200_seed146811808,er,200,1562,greedy,greedy,0,21,21.0,0.001039,True,,,{}
e1/er_d16_n200.npz,19,er_avg_deg16_n200_seed146811808,er,200,1562,greedy_rr,greedy_rr,0,21,21.0,0.001447,True,,,{}
e1/er_d16_n200.npz,19,er_avg_deg16_n200_seed146811808,er,200,1562,greedy_rr_ls,greedy_rr_ls,0,20,20.0,0.009589,True,,,{}
e1/er_d16_n200.npz,19,er_avg_deg16_n200_seed146811808,er,200,1562,ilp,ilp,0,19,19.0,60.034607,True,False,14.0,"{""gap"": 0.2631578947368421, ""status"": ""FEASIBLE"", ""time_limit"": 60.0}"
e1/er_d16_n200.npz,20,er_avg_deg16_n200_seed765782599,er,200,1601,greedy,greedy,0,22,22.0,0.001216,True,,,{}
e1/er_d16_n200.npz,20,er_avg_deg16_n200_seed765782599,er,200,1601,greedy_rr,greedy_rr,0,22,22.0,0.001363,True,,,{}
e1/er_d16_n200.npz,20,er_avg_deg16_n200_seed765782599,er,200,1601,greedy_rr_ls,greedy_rr_ls,0,20,20.0,0.075103,True,,,{}
e1/er_d16_n200.npz,20,er_avg_deg16_n200_seed765782599,er,200,1601,ilp,ilp,0,18,18.0,60.046813,True,False,14.0,"{""gap"": 0.2222222222222222, ""status"": ""FEASIBLE"", ""time_limit"": 60.0}"
e1/er_d16_n200.npz,21,er_avg_deg16_n200_seed521220305,er,200,1599,greedy,greedy,0,20,20.0,0.000727,True,,,{}
e1/er_d16_n200.npz,21,er_avg_deg16_n200_seed521220305,er,200,1599,greedy_rr,greedy_rr,0,20,20.0,0.000832,True,,,{}
e1/er_d16_n200.npz,21,er_avg_deg16_n200_seed521220305,er,200,1599,greedy_rr_ls,greedy_rr_ls,0,19,19.0,0.024399,True,,,{}
e1/er_d16_n200.npz,21,er_avg_deg16_n200_seed521220305,er,200,1599,ilp,ilp,0,18,18.0,60.039867,True,False,13.0,"{""gap"": 0.2777777777777778, ""status"": ""FEASIBLE"", ""time_limit"": 60.0}"
e1/er_d16_n200.npz,22,er_avg_deg16_n200_seed282258283,er,200,1643,greedy,greedy,0,19,19.0,0.000771,True,,,{}
e1/er_d16_n200.npz,22,er_avg_deg16_n200_seed282258283,er,200,1643,greedy_rr,greedy_rr,0,18,18.0,0.000845,True,,,{}
e1/er_d16_n200.npz,22,er_avg_deg16_n200_seed282258283,er,200,1643,greedy_rr_ls,greedy_rr_ls,0,18,18.0,0.024198,True,,,{}
e1/er_d16_n200.npz,22,er_avg_deg16_n200_seed282258283,er,200,1643,ilp,ilp,0,18,18.0,60.035308,True,False,13.0,"{""gap"": 0.2777777777777778, ""status"": ""FEASIBLE"", ""time_limit"": 60.0}"
e1/er_d16_n200.npz,23,er_avg_deg16_n200_seed30260221,er,200,1555,greedy,greedy,0,20,20.0,0.000566,True,,,{}
e1/er_d16_n200.npz,23,er_avg_deg16_n200_seed30260221,er,200,1555,greedy_rr,greedy_rr,0,20,20.0,0.000631,True,,,{}
e1/er_d16_n200.npz,23,er_avg_deg16_n200_seed30260221,er,200,1555,greedy_rr_ls,greedy_rr_ls,0,19,19.0,0.028795,True,,,{}
e1/er_d16_n200.npz,23,er_avg_deg16_n200_seed30260221,er,200,1555,ilp,ilp,0,19,19.0,60.035162,True,False,14.0,"{""gap"": 0.2631578947368421, ""status"": ""FEASIBLE"", ""time_limit"": 60.0}"
e1/er_d16_n200.npz,24,er_avg_deg16_n200_seed713139806,er,200,1599,greedy,greedy,0,21,21.0,0.000566,True,,,{}
e1/er_d16_n200.npz,24,er_avg_deg16_n200_seed713139806,er,200,1599,greedy_rr,greedy_rr,0,21,21.0,0.001456,True,,,{}
e1/er_d16_n200.npz,24,er_avg_deg16_n200_seed713139806,er,200,1599,greedy_rr_ls,greedy_rr_ls,0,20,20.0,0.086775,True,,,{}
e1/er_d16_n200.npz,24,er_avg_deg16_n200_seed713139806,er,200,1599,ilp,ilp,0,18,18.0,60.046044,True,False,14.0,"{""gap"": 0.2222222222222222, ""status"": ""FEASIBLE"", ""time_limit"": 60.0}"
e1/er_d16_n200.npz,25,er_avg_deg16_n200_seed568585416,er,200,1633,greedy,greedy,0,19,19.0,0.000846,True,,,{}
e1/er_d16_n200.npz,25,er_avg_deg16_n200_seed568585416,er,200,1633,greedy_rr,greedy_rr,0,19,19.0,0.000754,True,,,{}
e1/er_d16_n200.npz,25,er_avg_deg16_n200_seed568585416,er,200,1633,greedy_rr_ls,greedy_rr_ls,0,19,19.0,0.029982,True,,,{}
e1/er_d16_n200.npz,25,er_avg_deg16_n200_seed568585416,er,200,1633,ilp,ilp,0,18,18.0,60.033894,True,False,14.0,"{""gap"": 0.2222222222222222, ""status"": ""FEASIBLE"", ""time_limit"": 60.0}"
